
driver:     file format elf32-littleriscv


Disassembly of section .text:

00000000 <_start>:
       0:	50b022f3          	csrr	t0,0x50b
       4:	20010117          	auipc	sp,0x20010
       8:	ffc10113          	addi	sp,sp,-4 # 20010000 <DSPM_END>
       c:	00b29313          	slli	t1,t0,0xb
      10:	40610133          	sub	sp,sp,t1
      14:	20000197          	auipc	gp,0x20000
      18:	6e218193          	addi	gp,gp,1762 # 200006f6 <__global_pointer$>
      1c:	88889337          	lui	t1,0x88889
      20:	88830313          	addi	t1,t1,-1912 # 88888888 <BUS_END+0x48888488>
      24:	50c31073          	csrw	0x50c,t1
      28:	88889337          	lui	t1,0x88889
      2c:	88830313          	addi	t1,t1,-1912 # 88888888 <BUS_END+0x48888488>
      30:	50d31073          	csrw	0x50d,t1
      34:	021000ef          	jal	854 <Reset_Handler>

00000038 <read_time_hw>:
uint64_t klee_any_uint64_t(void);
static inline uint64_t __gt_get_rdtime(void) {
    return klee_any_uint64_t();
}
#else
static inline uint64_t read_time_hw(void) {
      38:	fe010113          	addi	sp,sp,-32
      3c:	00112e23          	sw	ra,28(sp)
      40:	00812c23          	sw	s0,24(sp)
      44:	02010413          	addi	s0,sp,32
    uint64_t t;
    asm volatile("rdtime %0" : "=r"(t));
      48:	c0102773          	rdtime	a4
      4c:	fee42423          	sw	a4,-24(s0)
      50:	fef42623          	sw	a5,-20(s0)
    return t;
      54:	fe842703          	lw	a4,-24(s0)
      58:	fec42783          	lw	a5,-20(s0)
}
      5c:	00070513          	mv	a0,a4
      60:	00078593          	mv	a1,a5
      64:	01c12083          	lw	ra,28(sp)
      68:	01812403          	lw	s0,24(sp)
      6c:	02010113          	addi	sp,sp,32
      70:	00008067          	ret

00000074 <__gt_get_rdtime>:
static inline uint64_t __gt_get_rdtime(void) {
      74:	ff010113          	addi	sp,sp,-16
      78:	00112623          	sw	ra,12(sp)
      7c:	00812423          	sw	s0,8(sp)
      80:	01010413          	addi	s0,sp,16
    return read_time_hw();
      84:	fb5ff0ef          	jal	38 <read_time_hw>
      88:	00050713          	mv	a4,a0
      8c:	00058793          	mv	a5,a1
}
      90:	00070513          	mv	a0,a4
      94:	00078593          	mv	a1,a5
      98:	00c12083          	lw	ra,12(sp)
      9c:	00812403          	lw	s0,8(sp)
      a0:	01010113          	addi	sp,sp,16
      a4:	00008067          	ret

000000a8 <__gt_delay_for>:
#endif

static inline void __gt_delay_for(interval_t ns) {
      a8:	fd010113          	addi	sp,sp,-48
      ac:	02112623          	sw	ra,44(sp)
      b0:	02812423          	sw	s0,40(sp)
      b4:	03010413          	addi	s0,sp,48
      b8:	fca42c23          	sw	a0,-40(s0)
      bc:	fcb42e23          	sw	a1,-36(s0)
    uint64_t start = __gt_get_rdtime();
      c0:	fb5ff0ef          	jal	74 <__gt_get_rdtime>
      c4:	fea42023          	sw	a0,-32(s0)
      c8:	feb42223          	sw	a1,-28(s0)
    uint64_t target = start + (uint64_t)ns;
      cc:	fd842503          	lw	a0,-40(s0)
      d0:	fdc42583          	lw	a1,-36(s0)
      d4:	fe042603          	lw	a2,-32(s0)
      d8:	fe442683          	lw	a3,-28(s0)
      dc:	00a60733          	add	a4,a2,a0
      e0:	00070813          	mv	a6,a4
      e4:	00c83833          	sltu	a6,a6,a2
      e8:	00b687b3          	add	a5,a3,a1
      ec:	00f806b3          	add	a3,a6,a5
      f0:	00068793          	mv	a5,a3
      f4:	fee42423          	sw	a4,-24(s0)
      f8:	fef42623          	sw	a5,-20(s0)
    while (__gt_get_rdtime() < target) { }
      fc:	00000013          	nop
     100:	f75ff0ef          	jal	74 <__gt_get_rdtime>
     104:	00050713          	mv	a4,a0
     108:	00058793          	mv	a5,a1
     10c:	fec42683          	lw	a3,-20(s0)
     110:	00078613          	mv	a2,a5
     114:	fed666e3          	bltu	a2,a3,100 <__gt_delay_for+0x58>
     118:	fec42683          	lw	a3,-20(s0)
     11c:	00078613          	mv	a2,a5
     120:	00c69863          	bne	a3,a2,130 <__gt_delay_for+0x88>
     124:	fe842683          	lw	a3,-24(s0)
     128:	00070793          	mv	a5,a4
     12c:	fcd7eae3          	bltu	a5,a3,100 <__gt_delay_for+0x58>
}
     130:	00000013          	nop
     134:	02c12083          	lw	ra,44(sp)
     138:	02812403          	lw	s0,40(sp)
     13c:	03010113          	addi	sp,sp,48
     140:	00008067          	ret

00000144 <_serverreaction_function_0>:
    }

// Reactor: server_reaction_function_0
// Generated from LF compiler output

packet _serverreaction_function_0(interval_t* refresh, int64_t __symbolic_elapsed_time, unsigned int __symbolic_microstep, packet inp) {
     144:	fb010113          	addi	sp,sp,-80
     148:	04112623          	sw	ra,76(sp)
     14c:	04812423          	sw	s0,72(sp)
     150:	04912223          	sw	s1,68(sp)
     154:	05010413          	addi	s0,sp,80
     158:	fca42623          	sw	a0,-52(s0)
     15c:	fcb42423          	sw	a1,-56(s0)
     160:	fcc42023          	sw	a2,-64(s0)
     164:	fcd42223          	sw	a3,-60(s0)
     168:	fae42e23          	sw	a4,-68(s0)
     16c:	00078493          	mv	s1,a5
    packet __output_outp;
    packet *in = &inp;
     170:	fc942e23          	sw	s1,-36(s0)
        packet *out = malloc(sizeof(packet));
     174:	00c00513          	li	a0,12
     178:	6a5020ef          	jal	301c <malloc>
     17c:	00050793          	mv	a5,a0
     180:	fef42023          	sw	a5,-32(s0)
        out->id = in->id;
     184:	fdc42783          	lw	a5,-36(s0)
     188:	0007a703          	lw	a4,0(a5)
     18c:	fe042783          	lw	a5,-32(s0)
     190:	00e7a023          	sw	a4,0(a5)
        out->seq = in->seq + 1;
     194:	fdc42783          	lw	a5,-36(s0)
     198:	0047a783          	lw	a5,4(a5)
     19c:	00178713          	addi	a4,a5,1
     1a0:	fe042783          	lw	a5,-32(s0)
     1a4:	00e7a223          	sw	a4,4(a5)
        bool send = true;
     1a8:	00100793          	li	a5,1
     1ac:	fcf40da3          	sb	a5,-37(s0)
        printf("(%lld, %d) [SERVER] Received packet id=%d seq=%d",
     1b0:	fdc42783          	lw	a5,-36(s0)
     1b4:	0007a703          	lw	a4,0(a5)
     1b8:	fdc42783          	lw	a5,-36(s0)
     1bc:	0047a783          	lw	a5,4(a5)
     1c0:	00078813          	mv	a6,a5
     1c4:	00070793          	mv	a5,a4
     1c8:	fbc42703          	lw	a4,-68(s0)
     1cc:	fc042603          	lw	a2,-64(s0)
     1d0:	fc442683          	lw	a3,-60(s0)
     1d4:	e5218513          	addi	a0,gp,-430 # 20000548 <_impure_ptr+0x4>
     1d8:	521020ef          	jal	2ef8 <printf>
            __symbolic_elapsed_time, __symbolic_microstep, in->id, in->seq);
        switch (in->flags) {
     1dc:	fdc42783          	lw	a5,-36(s0)
     1e0:	0087a783          	lw	a5,8(a5)
     1e4:	00100713          	li	a4,1
     1e8:	00e78863          	beq	a5,a4,1f8 <_serverreaction_function_0+0xb4>
     1ec:	00200713          	li	a4,2
     1f0:	02e78663          	beq	a5,a4,21c <_serverreaction_function_0+0xd8>
     1f4:	0440006f          	j	238 <_serverreaction_function_0+0xf4>
            case 1: // SYN
                printf("[SERVER] Received SYN", __symbolic_elapsed_time, __symbolic_microstep);
     1f8:	fbc42703          	lw	a4,-68(s0)
     1fc:	fc042603          	lw	a2,-64(s0)
     200:	fc442683          	lw	a3,-60(s0)
     204:	e8618513          	addi	a0,gp,-378 # 2000057c <_impure_ptr+0x38>
     208:	4f1020ef          	jal	2ef8 <printf>
                out->flags = 3; // SYN-ACK
     20c:	fe042783          	lw	a5,-32(s0)
     210:	00300713          	li	a4,3
     214:	00e7a423          	sw	a4,8(a5)
                break;    
     218:	0200006f          	j	238 <_serverreaction_function_0+0xf4>
            case 2: // ACK
                printf("[SERVER] Received ACK", __symbolic_elapsed_time, __symbolic_microstep);
     21c:	fbc42703          	lw	a4,-68(s0)
     220:	fc042603          	lw	a2,-64(s0)
     224:	fc442683          	lw	a3,-60(s0)
     228:	e9e18513          	addi	a0,gp,-354 # 20000594 <_impure_ptr+0x50>
     22c:	4cd020ef          	jal	2ef8 <printf>
                send = false;
     230:	fc040da3          	sb	zero,-37(s0)
                break;
     234:	00000013          	nop
        }
        __gt_delay_for(MSEC(100));
     238:	05f5e537          	lui	a0,0x5f5e
     23c:	10050513          	addi	a0,a0,256 # 5f5e100 <DSPM_SIZE+0x5f4e100>
     240:	00000593          	li	a1,0
     244:	e65ff0ef          	jal	a8 <__gt_delay_for>
        if (send)
     248:	fdb44783          	lbu	a5,-37(s0)
     24c:	02078063          	beqz	a5,26c <_serverreaction_function_0+0x128>
            __output_outp = *out;;
     250:	fe042783          	lw	a5,-32(s0)
     254:	0007a703          	lw	a4,0(a5)
     258:	fee42223          	sw	a4,-28(s0)
     25c:	0047a703          	lw	a4,4(a5)
     260:	fee42423          	sw	a4,-24(s0)
     264:	0087a783          	lw	a5,8(a5)
     268:	fef42623          	sw	a5,-20(s0)
    return __output_outp;
     26c:	fcc42783          	lw	a5,-52(s0)
     270:	fe442703          	lw	a4,-28(s0)
     274:	00e7a023          	sw	a4,0(a5)
     278:	fe842703          	lw	a4,-24(s0)
     27c:	00e7a223          	sw	a4,4(a5)
     280:	fec42703          	lw	a4,-20(s0)
     284:	00e7a423          	sw	a4,8(a5)
}
     288:	fcc42503          	lw	a0,-52(s0)
     28c:	04c12083          	lw	ra,76(sp)
     290:	04812403          	lw	s0,72(sp)
     294:	04412483          	lw	s1,68(sp)
     298:	05010113          	addi	sp,sp,80
     29c:	00008067          	ret

000002a0 <read_cycle_count>:

static inline unsigned long read_cycle_count() {
     2a0:	fe010113          	addi	sp,sp,-32
     2a4:	00112e23          	sw	ra,28(sp)
     2a8:	00812c23          	sw	s0,24(sp)
     2ac:	02010413          	addi	s0,sp,32
    return rdcycle();
     2b0:	c00027f3          	rdcycle	a5
     2b4:	fef42623          	sw	a5,-20(s0)
     2b8:	fec42783          	lw	a5,-20(s0)
}
     2bc:	00078513          	mv	a0,a5
     2c0:	01c12083          	lw	ra,28(sp)
     2c4:	01812403          	lw	s0,24(sp)
     2c8:	02010113          	addi	sp,sp,32
     2cc:	00008067          	ret

000002d0 <main>:
unsigned int __symbolic_microstep = 0x00000000;
packet inp = {0};
// Pointer arguments: pass address of local variable
// refresh -> &refresh_val
int main(int argc, char ** argv)
{
     2d0:	fb010113          	addi	sp,sp,-80
     2d4:	04112623          	sw	ra,76(sp)
     2d8:	04812423          	sw	s0,72(sp)
     2dc:	05010413          	addi	s0,sp,80
     2e0:	fca42e23          	sw	a0,-36(s0)
     2e4:	fcb42c23          	sw	a1,-40(s0)
  unsigned long long start;
  unsigned long long end;
  start = read_cycle_count();
     2e8:	fb9ff0ef          	jal	2a0 <read_cycle_count>
     2ec:	00050793          	mv	a5,a0
     2f0:	fef42023          	sw	a5,-32(s0)
     2f4:	fe042223          	sw	zero,-28(s0)
  _serverreaction_function_0(&refresh_val, __symbolic_elapsed_time, __symbolic_microstep, inp);
     2f8:	200027b7          	lui	a5,0x20002
     2fc:	1487a603          	lw	a2,328(a5) # 20002148 <__symbolic_elapsed_time>
     300:	14c7a683          	lw	a3,332(a5)
     304:	200027b7          	lui	a5,0x20002
     308:	1507a583          	lw	a1,336(a5) # 20002150 <__symbolic_microstep>
     30c:	fc040513          	addi	a0,s0,-64
     310:	6fa18793          	addi	a5,gp,1786 # 20000df0 <inp>
     314:	0007a703          	lw	a4,0(a5)
     318:	fae42823          	sw	a4,-80(s0)
     31c:	0047a703          	lw	a4,4(a5)
     320:	fae42a23          	sw	a4,-76(s0)
     324:	0087a783          	lw	a5,8(a5)
     328:	faf42c23          	sw	a5,-72(s0)
     32c:	fb040793          	addi	a5,s0,-80
     330:	00058713          	mv	a4,a1
     334:	200025b7          	lui	a1,0x20002
     338:	14058593          	addi	a1,a1,320 # 20002140 <refresh_val>
     33c:	e09ff0ef          	jal	144 <_serverreaction_function_0>
  end = read_cycle_count();
     340:	f61ff0ef          	jal	2a0 <read_cycle_count>
     344:	00050793          	mv	a5,a0
     348:	fef42423          	sw	a5,-24(s0)
     34c:	fe042623          	sw	zero,-20(s0)
  printf("%i\n", (uint32_t) (end - start));
     350:	fe842703          	lw	a4,-24(s0)
     354:	fe042783          	lw	a5,-32(s0)
     358:	40f707b3          	sub	a5,a4,a5
     35c:	00078593          	mv	a1,a5
     360:	eb618513          	addi	a0,gp,-330 # 200005ac <_impure_ptr+0x68>
     364:	395020ef          	jal	2ef8 <printf>
  return 0;
     368:	00000793          	li	a5,0
}
     36c:	00078513          	mv	a0,a5
     370:	04c12083          	lw	ra,76(sp)
     374:	04812403          	lw	s0,72(sp)
     378:	05010113          	addi	sp,sp,80
     37c:	00008067          	ret

00000380 <_write_emulation>:
#include <string.h>

#include <flexpret/flexpret.h>
#include <flexpret/uart.h>

void _write_emulation(int fd, char character) {
     380:	fd010113          	addi	sp,sp,-48
     384:	02112623          	sw	ra,44(sp)
     388:	02812423          	sw	s0,40(sp)
     38c:	03010413          	addi	s0,sp,48
     390:	fca42e23          	sw	a0,-36(s0)
     394:	00058793          	mv	a5,a1
     398:	fcf40da3          	sb	a5,-37(s0)
    // Use these variables to buffer up four characters at a time and send them
    // together. Keep one for each thread to make it thread-safe.
    static uint32_t word[FP_THREADS] = THREAD_ARRAY_INITIALIZER(0);
    static int word_idx[FP_THREADS] = THREAD_ARRAY_INITIALIZER(0);

    int tid = read_hartid();
     39c:	50b027f3          	csrr	a5,0x50b
     3a0:	fef42423          	sw	a5,-24(s0)
     3a4:	fe842783          	lw	a5,-24(s0)
     3a8:	fef42623          	sw	a5,-20(s0)

    if (first_character[tid]) {
     3ac:	e4218713          	addi	a4,gp,-446 # 20000538 <first_character.2>
     3b0:	fec42783          	lw	a5,-20(s0)
     3b4:	00f707b3          	add	a5,a4,a5
     3b8:	0007c783          	lbu	a5,0(a5)
     3bc:	02078c63          	beqz	a5,3f4 <_write_emulation+0x74>
        // Write the additional information first, which is part of the defined
        // protocol between the CPU and emulator
        write_tohost_tid(tid, CSR_TOHOST_PRINTF);
     3c0:	fec42783          	lw	a5,-20(s0)
     3c4:	fff00593          	li	a1,-1
     3c8:	00078513          	mv	a0,a5
     3cc:	1fc000ef          	jal	5c8 <write_tohost_tid>
        write_tohost_tid(tid, fd);
     3d0:	fec42783          	lw	a5,-20(s0)
     3d4:	fdc42703          	lw	a4,-36(s0)
     3d8:	00070593          	mv	a1,a4
     3dc:	00078513          	mv	a0,a5
     3e0:	1e8000ef          	jal	5c8 <write_tohost_tid>
        first_character[tid] = false;
     3e4:	e4218713          	addi	a4,gp,-446 # 20000538 <first_character.2>
     3e8:	fec42783          	lw	a5,-20(s0)
     3ec:	00f707b3          	add	a5,a4,a5
     3f0:	00078023          	sb	zero,0(a5)
    }

    // Buffer up the character in the word
    word[tid] |= (character << (8 * word_idx[tid]));
     3f4:	70618713          	addi	a4,gp,1798 # 20000dfc <word.1>
     3f8:	fec42783          	lw	a5,-20(s0)
     3fc:	00279793          	slli	a5,a5,0x2
     400:	00f707b3          	add	a5,a4,a5
     404:	0007a783          	lw	a5,0(a5)
     408:	fdb44683          	lbu	a3,-37(s0)
     40c:	71618613          	addi	a2,gp,1814 # 20000e0c <word_idx.0>
     410:	fec42703          	lw	a4,-20(s0)
     414:	00271713          	slli	a4,a4,0x2
     418:	00e60733          	add	a4,a2,a4
     41c:	00072703          	lw	a4,0(a4)
     420:	00371713          	slli	a4,a4,0x3
     424:	00e69733          	sll	a4,a3,a4
     428:	00e7e733          	or	a4,a5,a4
     42c:	70618693          	addi	a3,gp,1798 # 20000dfc <word.1>
     430:	fec42783          	lw	a5,-20(s0)
     434:	00279793          	slli	a5,a5,0x2
     438:	00f687b3          	add	a5,a3,a5
     43c:	00e7a023          	sw	a4,0(a5)
    
    if (word_idx[tid] == 3) {
     440:	71618713          	addi	a4,gp,1814 # 20000e0c <word_idx.0>
     444:	fec42783          	lw	a5,-20(s0)
     448:	00279793          	slli	a5,a5,0x2
     44c:	00f707b3          	add	a5,a4,a5
     450:	0007a703          	lw	a4,0(a5)
     454:	00300793          	li	a5,3
     458:	06f71263          	bne	a4,a5,4bc <_write_emulation+0x13c>
        // Write the word
        write_tohost_tid(tid, CSR_TOHOST_PRINTF);
     45c:	fec42783          	lw	a5,-20(s0)
     460:	fff00593          	li	a1,-1
     464:	00078513          	mv	a0,a5
     468:	160000ef          	jal	5c8 <write_tohost_tid>
        write_tohost_tid(tid, word[tid]);
     46c:	fec42683          	lw	a3,-20(s0)
     470:	70618713          	addi	a4,gp,1798 # 20000dfc <word.1>
     474:	fec42783          	lw	a5,-20(s0)
     478:	00279793          	slli	a5,a5,0x2
     47c:	00f707b3          	add	a5,a4,a5
     480:	0007a783          	lw	a5,0(a5)
     484:	00078593          	mv	a1,a5
     488:	00068513          	mv	a0,a3
     48c:	13c000ef          	jal	5c8 <write_tohost_tid>
        word_idx[tid] = 0;
     490:	71618713          	addi	a4,gp,1814 # 20000e0c <word_idx.0>
     494:	fec42783          	lw	a5,-20(s0)
     498:	00279793          	slli	a5,a5,0x2
     49c:	00f707b3          	add	a5,a4,a5
     4a0:	0007a023          	sw	zero,0(a5)
        word[tid] = 0;
     4a4:	70618713          	addi	a4,gp,1798 # 20000dfc <word.1>
     4a8:	fec42783          	lw	a5,-20(s0)
     4ac:	00279793          	slli	a5,a5,0x2
     4b0:	00f707b3          	add	a5,a4,a5
     4b4:	0007a023          	sw	zero,0(a5)
     4b8:	0300006f          	j	4e8 <_write_emulation+0x168>
    } else {
        word_idx[tid]++;
     4bc:	71618713          	addi	a4,gp,1814 # 20000e0c <word_idx.0>
     4c0:	fec42783          	lw	a5,-20(s0)
     4c4:	00279793          	slli	a5,a5,0x2
     4c8:	00f707b3          	add	a5,a4,a5
     4cc:	0007a783          	lw	a5,0(a5)
     4d0:	00178713          	addi	a4,a5,1
     4d4:	71618693          	addi	a3,gp,1814 # 20000e0c <word_idx.0>
     4d8:	fec42783          	lw	a5,-20(s0)
     4dc:	00279793          	slli	a5,a5,0x2
     4e0:	00f687b3          	add	a5,a3,a5
     4e4:	00e7a023          	sw	a4,0(a5)
    }

    // Last character
    if (character == '\0') {
     4e8:	fdb44783          	lbu	a5,-37(s0)
     4ec:	08079663          	bnez	a5,578 <_write_emulation+0x1f8>
        // If the word index is zero, then the word has already been written
        // and we do not need to do anything
        if (word_idx[tid] != 0) {
     4f0:	71618713          	addi	a4,gp,1814 # 20000e0c <word_idx.0>
     4f4:	fec42783          	lw	a5,-20(s0)
     4f8:	00279793          	slli	a5,a5,0x2
     4fc:	00f707b3          	add	a5,a4,a5
     500:	0007a783          	lw	a5,0(a5)
     504:	02078c63          	beqz	a5,53c <_write_emulation+0x1bc>
            // Otherwise we need to send the word
            write_tohost_tid(tid, CSR_TOHOST_PRINTF);
     508:	fec42783          	lw	a5,-20(s0)
     50c:	fff00593          	li	a1,-1
     510:	00078513          	mv	a0,a5
     514:	0b4000ef          	jal	5c8 <write_tohost_tid>
            write_tohost_tid(tid, word[tid]);
     518:	fec42683          	lw	a3,-20(s0)
     51c:	70618713          	addi	a4,gp,1798 # 20000dfc <word.1>
     520:	fec42783          	lw	a5,-20(s0)
     524:	00279793          	slli	a5,a5,0x2
     528:	00f707b3          	add	a5,a4,a5
     52c:	0007a783          	lw	a5,0(a5)
     530:	00078593          	mv	a1,a5
     534:	00068513          	mv	a0,a3
     538:	090000ef          	jal	5c8 <write_tohost_tid>
        }

        // Reset for next printf
        first_character[tid] = true;
     53c:	e4218713          	addi	a4,gp,-446 # 20000538 <first_character.2>
     540:	fec42783          	lw	a5,-20(s0)
     544:	00f707b3          	add	a5,a4,a5
     548:	00100713          	li	a4,1
     54c:	00e78023          	sb	a4,0(a5)
        word_idx[tid] = 0;
     550:	71618713          	addi	a4,gp,1814 # 20000e0c <word_idx.0>
     554:	fec42783          	lw	a5,-20(s0)
     558:	00279793          	slli	a5,a5,0x2
     55c:	00f707b3          	add	a5,a4,a5
     560:	0007a023          	sw	zero,0(a5)
        word[tid] = 0;
     564:	70618713          	addi	a4,gp,1798 # 20000dfc <word.1>
     568:	fec42783          	lw	a5,-20(s0)
     56c:	00279793          	slli	a5,a5,0x2
     570:	00f707b3          	add	a5,a4,a5
     574:	0007a023          	sw	zero,0(a5)
    }
}
     578:	00000013          	nop
     57c:	02c12083          	lw	ra,44(sp)
     580:	02812403          	lw	s0,40(sp)
     584:	03010113          	addi	sp,sp,48
     588:	00008067          	ret

0000058c <putchar_>:
void _write_fpga(int fd, char character) {
    UNUSED(fd);
    uart_send(character);
}

void putchar_(char character) {
     58c:	fe010113          	addi	sp,sp,-32
     590:	00112e23          	sw	ra,28(sp)
     594:	00812c23          	sw	s0,24(sp)
     598:	02010413          	addi	s0,sp,32
     59c:	00050793          	mv	a5,a0
     5a0:	fef407a3          	sb	a5,-17(s0)
#ifdef __EMULATOR__
    _write_emulation(1, character); // TODO: Use real file descriptors?
     5a4:	fef44783          	lbu	a5,-17(s0)
     5a8:	00078593          	mv	a1,a5
     5ac:	00100513          	li	a0,1
     5b0:	dd1ff0ef          	jal	380 <_write_emulation>
#endif // __EMULATOR__
#ifdef __FPGA__
    _write_fpga(1, character);
#endif // __FPGA__
}
     5b4:	00000013          	nop
     5b8:	01c12083          	lw	ra,28(sp)
     5bc:	01812403          	lw	s0,24(sp)
     5c0:	02010113          	addi	sp,sp,32
     5c4:	00008067          	ret

000005c8 <write_tohost_tid>:
#include <flexpret/csrs.h>
#include <flexpret/uart.h>
#include <stdlib.h> // itoa
#include <string.h> // strlen

void write_tohost_tid(uint32_t tid, uint32_t val) {
     5c8:	fe010113          	addi	sp,sp,-32
     5cc:	00112e23          	sw	ra,28(sp)
     5d0:	00812c23          	sw	s0,24(sp)
     5d4:	02010413          	addi	s0,sp,32
     5d8:	fea42623          	sw	a0,-20(s0)
     5dc:	feb42423          	sw	a1,-24(s0)
    switch(tid) {
     5e0:	fec42703          	lw	a4,-20(s0)
     5e4:	00700793          	li	a5,7
     5e8:	06e7ee63          	bltu	a5,a4,664 <write_tohost_tid+0x9c>
     5ec:	fec42783          	lw	a5,-20(s0)
     5f0:	00279713          	slli	a4,a5,0x2
     5f4:	f2218793          	addi	a5,gp,-222 # 20000618 <_impure_ptr+0xd4>
     5f8:	00f707b3          	add	a5,a4,a5
     5fc:	0007a783          	lw	a5,0(a5)
     600:	00078067          	jr	a5
        case 0: write_csr(CSR_TOHOST(0), val); break;
     604:	fe842783          	lw	a5,-24(s0)
     608:	53079073          	csrw	0x530,a5
     60c:	0940006f          	j	6a0 <write_tohost_tid+0xd8>
        case 1: write_csr(CSR_TOHOST(1), val); break;
     610:	fe842783          	lw	a5,-24(s0)
     614:	53179073          	csrw	0x531,a5
     618:	0880006f          	j	6a0 <write_tohost_tid+0xd8>
        case 2: write_csr(CSR_TOHOST(2), val); break;
     61c:	fe842783          	lw	a5,-24(s0)
     620:	53279073          	csrw	0x532,a5
     624:	07c0006f          	j	6a0 <write_tohost_tid+0xd8>
        case 3: write_csr(CSR_TOHOST(3), val); break;
     628:	fe842783          	lw	a5,-24(s0)
     62c:	53379073          	csrw	0x533,a5
     630:	0700006f          	j	6a0 <write_tohost_tid+0xd8>
        case 4: write_csr(CSR_TOHOST(4), val); break;
     634:	fe842783          	lw	a5,-24(s0)
     638:	53479073          	csrw	0x534,a5
     63c:	0640006f          	j	6a0 <write_tohost_tid+0xd8>
        case 5: write_csr(CSR_TOHOST(5), val); break;
     640:	fe842783          	lw	a5,-24(s0)
     644:	53579073          	csrw	0x535,a5
     648:	0580006f          	j	6a0 <write_tohost_tid+0xd8>
        case 6: write_csr(CSR_TOHOST(6), val); break;
     64c:	fe842783          	lw	a5,-24(s0)
     650:	53679073          	csrw	0x536,a5
     654:	04c0006f          	j	6a0 <write_tohost_tid+0xd8>
        case 7: write_csr(CSR_TOHOST(7), val); break;
     658:	fe842783          	lw	a5,-24(s0)
     65c:	53779073          	csrw	0x537,a5
     660:	0400006f          	j	6a0 <write_tohost_tid+0xd8>
        default: _fp_abort("Invalid thread id: %i\n", (int)tid);
     664:	01100693          	li	a3,17
     668:	f4218613          	addi	a2,gp,-190 # 20000638 <__func__.5>
     66c:	eba18593          	addi	a1,gp,-326 # 200005b0 <_impure_ptr+0x6c>
     670:	eda18513          	addi	a0,gp,-294 # 200005d0 <_impure_ptr+0x8c>
     674:	085020ef          	jal	2ef8 <printf>
     678:	fec42783          	lw	a5,-20(s0)
     67c:	00078593          	mv	a1,a5
     680:	ef618513          	addi	a0,gp,-266 # 200005ec <_impure_ptr+0xa8>
     684:	075020ef          	jal	2ef8 <printf>
     688:	01100513          	li	a0,17
     68c:	100000ef          	jal	78c <gpo_set_ledmask>
     690:	deadc7b7          	lui	a5,0xdeadc
     694:	eef78513          	addi	a0,a5,-273 # deadbeef <BUS_END+0x9eadbaef>
     698:	01c000ef          	jal	6b4 <write_tohost>
    }
}
     69c:	00000013          	nop
     6a0:	00000013          	nop
     6a4:	01c12083          	lw	ra,28(sp)
     6a8:	01812403          	lw	s0,24(sp)
     6ac:	02010113          	addi	sp,sp,32
     6b0:	00008067          	ret

000006b4 <write_tohost>:

void write_tohost(uint32_t val) {
     6b4:	fd010113          	addi	sp,sp,-48
     6b8:	02112623          	sw	ra,44(sp)
     6bc:	02812423          	sw	s0,40(sp)
     6c0:	03010413          	addi	s0,sp,48
     6c4:	fca42e23          	sw	a0,-36(s0)
    int tid = read_hartid();
     6c8:	50b027f3          	csrr	a5,0x50b
     6cc:	fef42423          	sw	a5,-24(s0)
     6d0:	fe842783          	lw	a5,-24(s0)
     6d4:	fef42623          	sw	a5,-20(s0)
    write_tohost_tid(tid, val);
     6d8:	fec42783          	lw	a5,-20(s0)
     6dc:	fdc42583          	lw	a1,-36(s0)
     6e0:	00078513          	mv	a0,a5
     6e4:	ee5ff0ef          	jal	5c8 <write_tohost_tid>
}
     6e8:	00000013          	nop
     6ec:	02c12083          	lw	ra,44(sp)
     6f0:	02812403          	lw	s0,40(sp)
     6f4:	03010113          	addi	sp,sp,48
     6f8:	00008067          	ret

000006fc <gpo_write_0>:
        case 3: write_csr(CSR_UARCH7, val); break;
        default: _fp_abort("Invalid port: %i\n", (int)port);
    }
}

void gpo_write_0(uint32_t val) { write_csr(CSR_UARCH4, val); }
     6fc:	fe010113          	addi	sp,sp,-32
     700:	00112e23          	sw	ra,28(sp)
     704:	00812c23          	sw	s0,24(sp)
     708:	02010413          	addi	s0,sp,32
     70c:	fea42623          	sw	a0,-20(s0)
     710:	fec42783          	lw	a5,-20(s0)
     714:	cc479073          	csrw	0xcc4,a5
     718:	00000013          	nop
     71c:	01c12083          	lw	ra,28(sp)
     720:	01812403          	lw	s0,24(sp)
     724:	02010113          	addi	sp,sp,32
     728:	00008067          	ret

0000072c <gpo_write_1>:
void gpo_write_1(uint32_t val) { write_csr(CSR_UARCH5, val); }
     72c:	fe010113          	addi	sp,sp,-32
     730:	00112e23          	sw	ra,28(sp)
     734:	00812c23          	sw	s0,24(sp)
     738:	02010413          	addi	s0,sp,32
     73c:	fea42623          	sw	a0,-20(s0)
     740:	fec42783          	lw	a5,-20(s0)
     744:	cc579073          	csrw	0xcc5,a5
     748:	00000013          	nop
     74c:	01c12083          	lw	ra,28(sp)
     750:	01812403          	lw	s0,24(sp)
     754:	02010113          	addi	sp,sp,32
     758:	00008067          	ret

0000075c <gpo_write_2>:
void gpo_write_2(uint32_t val) { write_csr(CSR_UARCH6, val); }
     75c:	fe010113          	addi	sp,sp,-32
     760:	00112e23          	sw	ra,28(sp)
     764:	00812c23          	sw	s0,24(sp)
     768:	02010413          	addi	s0,sp,32
     76c:	fea42623          	sw	a0,-20(s0)
     770:	fec42783          	lw	a5,-20(s0)
     774:	cc679073          	csrw	0xcc6,a5
     778:	00000013          	nop
     77c:	01c12083          	lw	ra,28(sp)
     780:	01812403          	lw	s0,24(sp)
     784:	02010113          	addi	sp,sp,32
     788:	00008067          	ret

0000078c <gpo_set_ledmask>:
void gpo_write_3(uint32_t val) { write_csr(CSR_UARCH7, val); }

void gpo_set_ledmask(const uint8_t byte) {
     78c:	fe010113          	addi	sp,sp,-32
     790:	00112e23          	sw	ra,28(sp)
     794:	00812c23          	sw	s0,24(sp)
     798:	02010413          	addi	s0,sp,32
     79c:	00050793          	mv	a5,a0
     7a0:	fef407a3          	sb	a5,-17(s0)
    gpo_write_0((byte >> 0) & 0b11);
     7a4:	fef44783          	lbu	a5,-17(s0)
     7a8:	0037f793          	andi	a5,a5,3
     7ac:	00078513          	mv	a0,a5
     7b0:	f4dff0ef          	jal	6fc <gpo_write_0>
    gpo_write_1((byte >> 2) & 0b11);
     7b4:	fef44783          	lbu	a5,-17(s0)
     7b8:	0027d793          	srli	a5,a5,0x2
     7bc:	0ff7f793          	zext.b	a5,a5
     7c0:	0037f793          	andi	a5,a5,3
     7c4:	00078513          	mv	a0,a5
     7c8:	f65ff0ef          	jal	72c <gpo_write_1>
    gpo_write_2((byte >> 4) & 0b11);
     7cc:	fef44783          	lbu	a5,-17(s0)
     7d0:	0047d793          	srli	a5,a5,0x4
     7d4:	0ff7f793          	zext.b	a5,a5
     7d8:	0037f793          	andi	a5,a5,3
     7dc:	00078513          	mv	a0,a5
     7e0:	f7dff0ef          	jal	75c <gpo_write_2>
    //gpo_write_3((byte >> 6) & 0b11);
}
     7e4:	00000013          	nop
     7e8:	01c12083          	lw	ra,28(sp)
     7ec:	01812403          	lw	s0,24(sp)
     7f0:	02010113          	addi	sp,sp,32
     7f4:	00008067          	ret

000007f8 <check_bounds_inclusive>:
int main(void);
void Reset_Handler(void) __attribute__((weak));

void syscalls_init(void);

static inline bool check_bounds_inclusive(const void *val, const void *lower, const void *upper) {
     7f8:	fe010113          	addi	sp,sp,-32
     7fc:	00112e23          	sw	ra,28(sp)
     800:	00812c23          	sw	s0,24(sp)
     804:	02010413          	addi	s0,sp,32
     808:	fea42623          	sw	a0,-20(s0)
     80c:	feb42423          	sw	a1,-24(s0)
     810:	fec42223          	sw	a2,-28(s0)
    return lower <= val && val <= upper;
     814:	fe842703          	lw	a4,-24(s0)
     818:	fec42783          	lw	a5,-20(s0)
     81c:	00e7ec63          	bltu	a5,a4,834 <STACKSIZE+0x34>
     820:	fec42703          	lw	a4,-20(s0)
     824:	fe442783          	lw	a5,-28(s0)
     828:	00e7e663          	bltu	a5,a4,834 <STACKSIZE+0x34>
     82c:	00100793          	li	a5,1
     830:	0080006f          	j	838 <STACKSIZE+0x38>
     834:	00000793          	li	a5,0
     838:	0017f793          	andi	a5,a5,1
     83c:	0ff7f793          	zext.b	a5,a5
}
     840:	00078513          	mv	a0,a5
     844:	01c12083          	lw	ra,28(sp)
     848:	01812403          	lw	s0,24(sp)
     84c:	02010113          	addi	sp,sp,32
     850:	00008067          	ret

00000854 <Reset_Handler>:
/**
 * Initialize initialized global variables, set uninitialized global variables
 * to zero, configure tinyalloc, and jump to main.
 */
fp_lock_t _lock = FP_LOCK_INITIALIZER;
void Reset_Handler() {
     854:	f8010113          	addi	sp,sp,-128
     858:	06112e23          	sw	ra,124(sp)
     85c:	06812c23          	sw	s0,120(sp)
     860:	08010413          	addi	s0,sp,128
    // Get hartid
    uint32_t hartid = read_hartid();
     864:	50b027f3          	csrr	a5,0x50b
     868:	faf42423          	sw	a5,-88(s0)
     86c:	fa842783          	lw	a5,-88(s0)
     870:	faf42623          	sw	a5,-84(s0)

    // Only thread 0 performs the setup,
    // the other threads busy wait until ready.
    if (hartid == 0) {
     874:	fac42783          	lw	a5,-84(s0)
     878:	24079663          	bnez	a5,ac4 <Reset_Handler+0x270>
        // Copy .data section into the RAM
        uint32_t size   = &__edata - &__sdata;
     87c:	6f618713          	addi	a4,gp,1782 # 20000dec <__edata>
     880:	90a18793          	addi	a5,gp,-1782 # 20000000 <malloc_lock>
     884:	40f707b3          	sub	a5,a4,a5
     888:	4027d793          	srai	a5,a5,0x2
     88c:	faf42823          	sw	a5,-80(s0)
        uint32_t *pDst  = (uint32_t*)&__sdata; // RAM
     890:	90a18793          	addi	a5,gp,-1782 # 20000000 <malloc_lock>
     894:	faf42a23          	sw	a5,-76(s0)
        uint32_t *pSrc  = (uint32_t*)&__etext; // ROM
     898:	000047b7          	lui	a5,0x4
     89c:	d8078793          	addi	a5,a5,-640 # 3d80 <__etext>
     8a0:	faf42c23          	sw	a5,-72(s0)

        for (uint32_t i = 0; i < size; i++) {
     8a4:	f8042623          	sw	zero,-116(s0)
     8a8:	0380006f          	j	8e0 <Reset_Handler+0x8c>
            pDst[i] = pSrc[i];
     8ac:	f8c42783          	lw	a5,-116(s0)
     8b0:	00279793          	slli	a5,a5,0x2
     8b4:	fb842703          	lw	a4,-72(s0)
     8b8:	00f70733          	add	a4,a4,a5
     8bc:	f8c42783          	lw	a5,-116(s0)
     8c0:	00279793          	slli	a5,a5,0x2
     8c4:	fb442683          	lw	a3,-76(s0)
     8c8:	00f687b3          	add	a5,a3,a5
     8cc:	00072703          	lw	a4,0(a4)
     8d0:	00e7a023          	sw	a4,0(a5)
        for (uint32_t i = 0; i < size; i++) {
     8d4:	f8c42783          	lw	a5,-116(s0)
     8d8:	00178793          	addi	a5,a5,1
     8dc:	f8f42623          	sw	a5,-116(s0)
     8e0:	f8c42703          	lw	a4,-116(s0)
     8e4:	fb042783          	lw	a5,-80(s0)
     8e8:	fcf762e3          	bltu	a4,a5,8ac <Reset_Handler+0x58>
        }

        // Init. the .bss section to zero in RAM
        size = (uint32_t)&__ebss - (uint32_t)&__sbss;
     8ec:	200027b7          	lui	a5,0x20002
     8f0:	1a078713          	addi	a4,a5,416 # 200021a0 <__ebss>
     8f4:	6fa18793          	addi	a5,gp,1786 # 20000df0 <inp>
     8f8:	40f707b3          	sub	a5,a4,a5
     8fc:	faf42823          	sw	a5,-80(s0)
        pDst = (uint32_t*)&__sbss;
     900:	6fa18793          	addi	a5,gp,1786 # 20000df0 <inp>
     904:	faf42a23          	sw	a5,-76(s0)
        for(uint32_t i = 0; i < size; i++) {
     908:	f8042823          	sw	zero,-112(s0)
     90c:	0240006f          	j	930 <Reset_Handler+0xdc>
            pDst[i] = 0;
     910:	f9042783          	lw	a5,-112(s0)
     914:	00279793          	slli	a5,a5,0x2
     918:	fb442703          	lw	a4,-76(s0)
     91c:	00f707b3          	add	a5,a4,a5
     920:	0007a023          	sw	zero,0(a5)
        for(uint32_t i = 0; i < size; i++) {
     924:	f9042783          	lw	a5,-112(s0)
     928:	00178793          	addi	a5,a5,1
     92c:	f8f42823          	sw	a5,-112(s0)
     930:	f9042703          	lw	a4,-112(s0)
     934:	fb042783          	lw	a5,-80(s0)
     938:	fcf76ce3          	bltu	a4,a5,910 <Reset_Handler+0xbc>
        }

#ifndef NDEBUG
        // Perform some sanity checks on the stack and heap pointers
        const uint32_t *stack_end_calculated = (uint32_t *)
            ((uint32_t) (&__sstack) - (FP_THREADS * FP_STACKSIZE));
     93c:	200107b7          	lui	a5,0x20010
     940:	00078713          	mv	a4,a5
     944:	ffffe7b7          	lui	a5,0xffffe
     948:	00f707b3          	add	a5,a4,a5
        const uint32_t *stack_end_calculated = (uint32_t *)
     94c:	faf42e23          	sw	a5,-68(s0)

        fp_assert(&__estack == stack_end_calculated, 
     950:	fbc42703          	lw	a4,-68(s0)
     954:	2000e7b7          	lui	a5,0x2000e
     958:	00078793          	mv	a5,a5
     95c:	04f70063          	beq	a4,a5,99c <Reset_Handler+0x148>
     960:	05400693          	li	a3,84
     964:	08e18613          	addi	a2,gp,142 # 20000784 <__func__.0>
     968:	f5618593          	addi	a1,gp,-170 # 2000064c <__func__.5+0x14>
     96c:	f7e18513          	addi	a0,gp,-130 # 20000674 <__func__.5+0x3c>
     970:	588020ef          	jal	2ef8 <printf>
     974:	fbc42603          	lw	a2,-68(s0)
     978:	2000e7b7          	lui	a5,0x2000e
     97c:	00078593          	mv	a1,a5
     980:	f9a18513          	addi	a0,gp,-102 # 20000690 <__func__.5+0x58>
     984:	574020ef          	jal	2ef8 <printf>
     988:	05400513          	li	a0,84
     98c:	e01ff0ef          	jal	78c <gpo_set_ledmask>
     990:	deadc7b7          	lui	a5,0xdeadc
     994:	eef78513          	addi	a0,a5,-273 # deadbeef <BUS_END+0x9eadbaef>
     998:	d1dff0ef          	jal	6b4 <write_tohost>
            "Stack not set up correctly: End of stack: %p, Calculated end of stack: %p\n",
            &__estack, stack_end_calculated);

        fp_assert(&__eheap == &__estack, 
     99c:	2000e7b7          	lui	a5,0x2000e
     9a0:	00078713          	mv	a4,a5
     9a4:	2000e7b7          	lui	a5,0x2000e
     9a8:	00078793          	mv	a5,a5
     9ac:	04f70263          	beq	a4,a5,9f0 <Reset_Handler+0x19c>
     9b0:	05800693          	li	a3,88
     9b4:	08e18613          	addi	a2,gp,142 # 20000784 <__func__.0>
     9b8:	f5618593          	addi	a1,gp,-170 # 2000064c <__func__.5+0x14>
     9bc:	f7e18513          	addi	a0,gp,-130 # 20000674 <__func__.5+0x3c>
     9c0:	538020ef          	jal	2ef8 <printf>
     9c4:	2000e7b7          	lui	a5,0x2000e
     9c8:	00078613          	mv	a2,a5
     9cc:	2000e7b7          	lui	a5,0x2000e
     9d0:	00078593          	mv	a1,a5
     9d4:	fe618513          	addi	a0,gp,-26 # 200006dc <__func__.5+0xa4>
     9d8:	520020ef          	jal	2ef8 <printf>
     9dc:	05800513          	li	a0,88
     9e0:	dadff0ef          	jal	78c <gpo_set_ledmask>
     9e4:	deadc7b7          	lui	a5,0xdeadc
     9e8:	eef78513          	addi	a0,a5,-273 # deadbeef <BUS_END+0x9eadbaef>
     9ec:	cc9ff0ef          	jal	6b4 <write_tohost>
         */
        // Signal all the other (currently HRTT) threads
        // to wake up and execute up to here,
        // by allocating the slots to them.
        slot_t slots[8];
        for (int i = 0; i < FP_THREADS; i++) {
     9f0:	f8042a23          	sw	zero,-108(s0)
     9f4:	0280006f          	j	a1c <Reset_Handler+0x1c8>
            slots[i] = i;
     9f8:	f9442703          	lw	a4,-108(s0)
     9fc:	f9442683          	lw	a3,-108(s0)
     a00:	fd040793          	addi	a5,s0,-48
     a04:	00269693          	slli	a3,a3,0x2
     a08:	00f687b3          	add	a5,a3,a5
     a0c:	00e7a023          	sw	a4,0(a5)
        for (int i = 0; i < FP_THREADS; i++) {
     a10:	f9442783          	lw	a5,-108(s0)
     a14:	00178793          	addi	a5,a5,1
     a18:	f8f42a23          	sw	a5,-108(s0)
     a1c:	f9442703          	lw	a4,-108(s0)
     a20:	00300793          	li	a5,3
     a24:	fce7dae3          	bge	a5,a4,9f8 <Reset_Handler+0x1a4>
        }
        // Disable slots with ID >= FP_THREADS,
        for (int j = FP_THREADS; j < SLOTS_SIZE; j++)
     a28:	00400793          	li	a5,4
     a2c:	f8f42c23          	sw	a5,-104(s0)
     a30:	0280006f          	j	a58 <Reset_Handler+0x204>
            slots[j] = SLOT_D;
     a34:	f9842703          	lw	a4,-104(s0)
     a38:	fd040793          	addi	a5,s0,-48
     a3c:	00271713          	slli	a4,a4,0x2
     a40:	00f707b3          	add	a5,a4,a5
     a44:	00f00713          	li	a4,15
     a48:	00e7a023          	sw	a4,0(a5)
        for (int j = FP_THREADS; j < SLOTS_SIZE; j++)
     a4c:	f9842783          	lw	a5,-104(s0)
     a50:	00178793          	addi	a5,a5,1
     a54:	f8f42c23          	sw	a5,-104(s0)
     a58:	f9842703          	lw	a4,-104(s0)
     a5c:	00700793          	li	a5,7
     a60:	fce7dae3          	bge	a5,a4,a34 <Reset_Handler+0x1e0>
        
        // Acquire lock and allow all threads to start execute as HRTTs
        fp_hwlock_acquire();
     a64:	2d5000ef          	jal	1538 <fp_hwlock_acquire>
        for (int i = 0; i < FP_THREADS; i++) {
     a68:	f8042e23          	sw	zero,-100(s0)
     a6c:	0200006f          	j	a8c <Reset_Handler+0x238>
            tmode_set(i, TMODE_HA);
     a70:	f9c42783          	lw	a5,-100(s0)
     a74:	00000593          	li	a1,0
     a78:	00078513          	mv	a0,a5
     a7c:	4bc000ef          	jal	f38 <tmode_set>
        for (int i = 0; i < FP_THREADS; i++) {
     a80:	f9c42783          	lw	a5,-100(s0)
     a84:	00178793          	addi	a5,a5,1
     a88:	f8f42e23          	sw	a5,-100(s0)
     a8c:	f9c42703          	lw	a4,-100(s0)
     a90:	00300793          	li	a5,3
     a94:	fce7dee3          	bge	a5,a4,a70 <Reset_Handler+0x21c>
        }
        slot_set(slots, 8);
     a98:	fd040793          	addi	a5,s0,-48
     a9c:	00800593          	li	a1,8
     aa0:	00078513          	mv	a0,a5
     aa4:	3c0000ef          	jal	e64 <slot_set>
        fp_hwlock_release();
     aa8:	2d1000ef          	jal	1578 <fp_hwlock_release>

        // FIXME: Wait for a worker thread to signal
        // ready-to-sleep and put it to sleep.

        // Signal everything is ready.
        fp_hwlock_acquire();
     aac:	28d000ef          	jal	1538 <fp_hwlock_acquire>
        __ready__ = true;
     ab0:	200027b7          	lui	a5,0x20002
     ab4:	00100713          	li	a4,1
     ab8:	14e78a23          	sb	a4,340(a5) # 20002154 <__ready__>
        fp_hwlock_release();
     abc:	2bd000ef          	jal	1578 <fp_hwlock_release>
     ac0:	0200006f          	j	ae0 <Reset_Handler+0x28c>
    } else {
        // FIXME: Signal thread 0 to put
        // the worker thread to sleep.

        // Wait for thread 0 to finish setup.
        while (!__ready__);
     ac4:	00000013          	nop
     ac8:	200027b7          	lui	a5,0x20002
     acc:	1547c783          	lbu	a5,340(a5) # 20002154 <__ready__>
     ad0:	0ff7f793          	zext.b	a5,a5
     ad4:	0017c793          	xori	a5,a5,1
     ad8:	0ff7f793          	zext.b	a5,a5
     adc:	fe0796e3          	bnez	a5,ac8 <Reset_Handler+0x274>
    // Check that each thread's stack pointer is within its own stack start/end
    // addresses
    register uint32_t *stack_pointer asm("sp");
    
    const uint32_t *stack_start = (uint32_t *)
        ((uint32_t) (&__sstack) - (hartid * FP_STACKSIZE));
     ae0:	200107b7          	lui	a5,0x20010
     ae4:	00078713          	mv	a4,a5
     ae8:	fac42783          	lw	a5,-84(s0)
     aec:	00b79793          	slli	a5,a5,0xb
     af0:	40f707b3          	sub	a5,a4,a5
    const uint32_t *stack_start = (uint32_t *)
     af4:	fcf42023          	sw	a5,-64(s0)
    
    const uint32_t *stack_end   = (uint32_t *) 
        ((uint32_t) (stack_start) - FP_STACKSIZE);
     af8:	fc042783          	lw	a5,-64(s0)
     afc:	80078793          	addi	a5,a5,-2048 # 2000f800 <__eheap+0x1800>
    const uint32_t *stack_end   = (uint32_t *) 
     b00:	fcf42223          	sw	a5,-60(s0)

    fp_assert(check_bounds_inclusive(stack_pointer, stack_end, stack_start),
     b04:	00010793          	mv	a5,sp
     b08:	fc042603          	lw	a2,-64(s0)
     b0c:	fc442583          	lw	a1,-60(s0)
     b10:	00078513          	mv	a0,a5
     b14:	ce5ff0ef          	jal	7f8 <check_bounds_inclusive>
     b18:	00050793          	mv	a5,a0
     b1c:	0017c793          	xori	a5,a5,1
     b20:	0ff7f793          	zext.b	a5,a5
     b24:	02078e63          	beqz	a5,b60 <Reset_Handler+0x30c>
     b28:	0a100693          	li	a3,161
     b2c:	08e18613          	addi	a2,gp,142 # 20000784 <__func__.0>
     b30:	f5618593          	addi	a1,gp,-170 # 2000064c <__func__.5+0x14>
     b34:	f7e18513          	addi	a0,gp,-130 # 20000674 <__func__.5+0x3c>
     b38:	3c0020ef          	jal	2ef8 <printf>
     b3c:	00010793          	mv	a5,sp
     b40:	00078593          	mv	a1,a5
     b44:	02a18513          	addi	a0,gp,42 # 20000720 <__global_pointer$+0x2a>
     b48:	3b0020ef          	jal	2ef8 <printf>
     b4c:	0a100513          	li	a0,161
     b50:	c3dff0ef          	jal	78c <gpo_set_ledmask>
     b54:	deadc7b7          	lui	a5,0xdeadc
     b58:	eef78513          	addi	a0,a5,-273 # deadbeef <BUS_END+0x9eadbaef>
     b5c:	b59ff0ef          	jal	6b4 <write_tohost>
        "Stack pointer incorrectly set: %p\n", stack_pointer);

    uint32_t hwconfighash = read_csr(CSR_CONFIGHASH);
     b60:	cd0027f3          	csrr	a5,0xcd0
     b64:	fcf42423          	sw	a5,-56(s0)
     b68:	fc842783          	lw	a5,-56(s0)
     b6c:	fcf42623          	sw	a5,-52(s0)
    fp_assert(hwconfighash == FP_CONFIGHASH,
     b70:	fcc42703          	lw	a4,-52(s0)
     b74:	67cf97b7          	lui	a5,0x67cf9
     b78:	78078793          	addi	a5,a5,1920 # 67cf9780 <BUS_END+0x27cf9380>
     b7c:	04f70063          	beq	a4,a5,bbc <Reset_Handler+0x368>
     b80:	0a500693          	li	a3,165
     b84:	08e18613          	addi	a2,gp,142 # 20000784 <__func__.0>
     b88:	f5618593          	addi	a1,gp,-170 # 2000064c <__func__.5+0x14>
     b8c:	f7e18513          	addi	a0,gp,-130 # 20000674 <__func__.5+0x3c>
     b90:	368020ef          	jal	2ef8 <printf>
     b94:	67cf97b7          	lui	a5,0x67cf9
     b98:	78078613          	addi	a2,a5,1920 # 67cf9780 <BUS_END+0x27cf9380>
     b9c:	fcc42583          	lw	a1,-52(s0)
     ba0:	04e18513          	addi	a0,gp,78 # 20000744 <__global_pointer$+0x4e>
     ba4:	354020ef          	jal	2ef8 <printf>
     ba8:	0a500513          	li	a0,165
     bac:	be1ff0ef          	jal	78c <gpo_set_ledmask>
     bb0:	deadc7b7          	lui	a5,0xdeadc
     bb4:	eef78513          	addi	a0,a5,-273 # deadbeef <BUS_END+0x9eadbaef>
     bb8:	afdff0ef          	jal	6b4 <write_tohost>
        "Hardware and software configuration mismatch (0x%x vs. 0x%x)\n",
        (unsigned int) hwconfighash, (unsigned int) FP_CONFIGHASH);
#endif // NDEBUG

    // Setup exception handling
    setup_exceptions();
     bbc:	14d000ef          	jal	1508 <setup_exceptions>

    // Call main().
    int ret = 0;
     bc0:	fa042023          	sw	zero,-96(s0)
    if (hartid == 0) {
     bc4:	fac42783          	lw	a5,-84(s0)
     bc8:	00079863          	bnez	a5,bd8 <Reset_Handler+0x384>
        ret = main();
     bcc:	f04ff0ef          	jal	2d0 <main>
     bd0:	faa42023          	sw	a0,-96(s0)
     bd4:	0080006f          	j	bdc <Reset_Handler+0x388>
    } else {
        worker_main();
     bd8:	3f8000ef          	jal	fd0 <worker_main>
    }

    // Shutdown the program.
    if (hartid == 0) {
     bdc:	fac42783          	lw	a5,-84(s0)
     be0:	06079a63          	bnez	a5,c54 <Reset_Handler+0x400>
        /* Make sure all worker threads properly shutdown. */

        // Wait for all hardware worker threads
        // to finish their ongoing routines.
        while (num_threads_busy > 0);
     be4:	00000013          	nop
     be8:	200027b7          	lui	a5,0x20002
     bec:	1647a783          	lw	a5,356(a5) # 20002164 <num_threads_busy>
     bf0:	fe079ce3          	bnez	a5,be8 <Reset_Handler+0x394>

        // Signal all threads besides T0 to exit.
        fp_hwlock_acquire();
     bf4:	145000ef          	jal	1538 <fp_hwlock_acquire>
        for (int i = 1; i < FP_THREADS; i++) {
     bf8:	00100793          	li	a5,1
     bfc:	faf42223          	sw	a5,-92(s0)
     c00:	0280006f          	j	c28 <Reset_Handler+0x3d4>
            exit_requested[i] = true;
     c04:	200027b7          	lui	a5,0x20002
     c08:	16078713          	addi	a4,a5,352 # 20002160 <exit_requested>
     c0c:	fa442783          	lw	a5,-92(s0)
     c10:	00f707b3          	add	a5,a4,a5
     c14:	00100713          	li	a4,1
     c18:	00e78023          	sb	a4,0(a5)
        for (int i = 1; i < FP_THREADS; i++) {
     c1c:	fa442783          	lw	a5,-92(s0)
     c20:	00178793          	addi	a5,a5,1
     c24:	faf42223          	sw	a5,-92(s0)
     c28:	fa442703          	lw	a4,-92(s0)
     c2c:	00300793          	li	a5,3
     c30:	fce7dae3          	bge	a5,a4,c04 <Reset_Handler+0x3b0>
            // FIXME: If the thread is sleeping,
            // wake up the thread.
        }
        fp_hwlock_release();
     c34:	145000ef          	jal	1578 <fp_hwlock_release>

        // Wait for all hardware worker threads to exit.
        while (num_threads_exited < FP_THREADS-1);
     c38:	00000013          	nop
     c3c:	200027b7          	lui	a5,0x20002
     c40:	1687a703          	lw	a4,360(a5) # 20002168 <num_threads_exited>
     c44:	00200793          	li	a5,2
     c48:	fee7fae3          	bgeu	a5,a4,c3c <Reset_Handler+0x3e8>

        // FIXME: Execute the main thread
        // clean up handlers here.

        // Exit the program.
        _exit(ret);
     c4c:	fa042503          	lw	a0,-96(s0)
     c50:	090000ef          	jal	ce0 <_exit>
    } else {
        while (1);
     c54:	0000006f          	j	c54 <Reset_Handler+0x400>

00000c58 <__getreent>:
#include <reent.h>

#define INITIAL_HEAPSIZE (0x400)

struct _reent _reents[FP_THREADS];
struct _reent *__getreent(void) {
     c58:	fe010113          	addi	sp,sp,-32
     c5c:	00112e23          	sw	ra,28(sp)
     c60:	00812c23          	sw	s0,24(sp)
     c64:	02010413          	addi	s0,sp,32
    uint32_t hartid = read_hartid();
     c68:	50b027f3          	csrr	a5,0x50b
     c6c:	fef42423          	sw	a5,-24(s0)
     c70:	fe842783          	lw	a5,-24(s0)
     c74:	fef42623          	sw	a5,-20(s0)
    return &_reents[hartid];
     c78:	fec42703          	lw	a4,-20(s0)
     c7c:	00070793          	mv	a5,a4
     c80:	00279793          	slli	a5,a5,0x2
     c84:	00e787b3          	add	a5,a5,a4
     c88:	00279793          	slli	a5,a5,0x2
     c8c:	40e787b3          	sub	a5,a5,a4
     c90:	00279793          	slli	a5,a5,0x2
     c94:	20001737          	lui	a4,0x20001
     c98:	e1c70713          	addi	a4,a4,-484 # 20000e1c <_reents>
     c9c:	00e787b3          	add	a5,a5,a4
}
     ca0:	00078513          	mv	a0,a5
     ca4:	01c12083          	lw	ra,28(sp)
     ca8:	01812403          	lw	s0,24(sp)
     cac:	02010113          	addi	sp,sp,32
     cb0:	00008067          	ret

00000cb4 <__errno>:

int *__errno(void) {
     cb4:	ff010113          	addi	sp,sp,-16
     cb8:	00112623          	sw	ra,12(sp)
     cbc:	00812423          	sw	s0,8(sp)
     cc0:	01010413          	addi	s0,sp,16
    return &_REENT->_errno;
     cc4:	f95ff0ef          	jal	c58 <__getreent>
     cc8:	00050793          	mv	a5,a0
}
     ccc:	00078513          	mv	a0,a5
     cd0:	00c12083          	lw	ra,12(sp)
     cd4:	00812403          	lw	s0,8(sp)
     cd8:	01010113          	addi	sp,sp,16
     cdc:	00008067          	ret

00000ce0 <_exit>:

////////////////////////////////////////////////////////////////////////////////
// Syscall implementations
////////////////////////////////////////////////////////////////////////////////

void _exit (int code) {
     ce0:	fe010113          	addi	sp,sp,-32
     ce4:	00112e23          	sw	ra,28(sp)
     ce8:	00812c23          	sw	s0,24(sp)
     cec:	02010413          	addi	s0,sp,32
     cf0:	fea42623          	sw	a0,-20(s0)
    if (code == 0) {
     cf4:	fec42783          	lw	a5,-20(s0)
     cf8:	02079663          	bnez	a5,d24 <_exit+0x44>
        _fp_finish();
     cfc:	03200613          	li	a2,50
     d00:	09e18593          	addi	a1,gp,158 # 20000794 <__func__.0+0x10>
     d04:	0c618513          	addi	a0,gp,198 # 200007bc <__func__.0+0x38>
     d08:	1f0020ef          	jal	2ef8 <printf>
     d0c:	08000513          	li	a0,128
     d10:	a7dff0ef          	jal	78c <gpo_set_ledmask>
     d14:	deade7b7          	lui	a5,0xdeade
     d18:	ead78513          	addi	a0,a5,-339 # deaddead <BUS_END+0x9eaddaad>
     d1c:	999ff0ef          	jal	6b4 <write_tohost>
     d20:	03c0006f          	j	d5c <_exit+0x7c>
    } else {
        _fp_abort("Got exit code: %i\n", code);
     d24:	03400693          	li	a3,52
     d28:	11218613          	addi	a2,gp,274 # 20000808 <__func__.1>
     d2c:	09e18593          	addi	a1,gp,158 # 20000794 <__func__.0+0x10>
     d30:	0e218513          	addi	a0,gp,226 # 200007d8 <__func__.0+0x54>
     d34:	1c4020ef          	jal	2ef8 <printf>
     d38:	fec42583          	lw	a1,-20(s0)
     d3c:	0fe18513          	addi	a0,gp,254 # 200007f4 <__func__.0+0x70>
     d40:	1b8020ef          	jal	2ef8 <printf>
     d44:	03400513          	li	a0,52
     d48:	a45ff0ef          	jal	78c <gpo_set_ledmask>
     d4c:	deadc7b7          	lui	a5,0xdeadc
     d50:	eef78513          	addi	a0,a5,-273 # deadbeef <BUS_END+0x9eadbaef>
     d54:	961ff0ef          	jal	6b4 <write_tohost>
    }
    while(1) {}
     d58:	00000013          	nop
     d5c:	00000013          	nop
     d60:	ffdff06f          	j	d5c <_exit+0x7c>

00000d64 <_sbrk>:
    return -1;
}

// Based on the implementation found here: https://sourceware.org/git/gitweb.cgi?p=newlib-cygwin.git;a=blob;f=libgloss/aarch64/syscalls.c
// with some modifications
void *_sbrk(int incr) {
     d64:	fd010113          	addi	sp,sp,-48
     d68:	02112623          	sw	ra,44(sp)
     d6c:	02812423          	sw	s0,40(sp)
     d70:	03010413          	addi	s0,sp,48
     d74:	fca42e23          	sw	a0,-36(s0)
    extern char __sheap; // Set by linker; start of heap space
    extern char __eheap; // Set by linker; max size of the heap (where stack begins)
    static char * heap_end;
    char *        prev_heap_end;

    if (heap_end == 0) {
     d78:	200027b7          	lui	a5,0x20002
     d7c:	1587a783          	lw	a5,344(a5) # 20002158 <heap_end.0>
     d80:	00079a63          	bnez	a5,d94 <_sbrk+0x30>
        heap_end = &__sheap;
     d84:	200027b7          	lui	a5,0x20002
     d88:	20002737          	lui	a4,0x20002
     d8c:	1a070713          	addi	a4,a4,416 # 200021a0 <__ebss>
     d90:	14e7ac23          	sw	a4,344(a5) # 20002158 <heap_end.0>
    }

    prev_heap_end = heap_end;
     d94:	200027b7          	lui	a5,0x20002
     d98:	1587a783          	lw	a5,344(a5) # 20002158 <heap_end.0>
     d9c:	fef42623          	sw	a5,-20(s0)

    if ((heap_end + incr) > &__eheap) {
     da0:	200027b7          	lui	a5,0x20002
     da4:	1587a703          	lw	a4,344(a5) # 20002158 <heap_end.0>
     da8:	fdc42783          	lw	a5,-36(s0)
     dac:	00f70733          	add	a4,a4,a5
     db0:	2000e7b7          	lui	a5,0x2000e
     db4:	00078793          	mv	a5,a5
     db8:	00e7fe63          	bgeu	a5,a4,dd4 <_sbrk+0x70>
        errno = ENOMEM;
     dbc:	ef9ff0ef          	jal	cb4 <__errno>
     dc0:	00050713          	mv	a4,a0
     dc4:	00c00793          	li	a5,12
     dc8:	00f72023          	sw	a5,0(a4)
        return (void *) -1;
     dcc:	fff00793          	li	a5,-1
     dd0:	0200006f          	j	df0 <_sbrk+0x8c>
    }

   heap_end += incr;
     dd4:	200027b7          	lui	a5,0x20002
     dd8:	1587a703          	lw	a4,344(a5) # 20002158 <heap_end.0>
     ddc:	fdc42783          	lw	a5,-36(s0)
     de0:	00f70733          	add	a4,a4,a5
     de4:	200027b7          	lui	a5,0x20002
     de8:	14e7ac23          	sw	a4,344(a5) # 20002158 <heap_end.0>
   return (void *) prev_heap_end;
     dec:	fec42783          	lw	a5,-20(s0)
}
     df0:	00078513          	mv	a0,a5
     df4:	02c12083          	lw	ra,44(sp)
     df8:	02812403          	lw	s0,40(sp)
     dfc:	03010113          	addi	sp,sp,48
     e00:	00008067          	ret

00000e04 <__malloc_lock>:

static fp_lock_t malloc_lock = FP_LOCK_INITIALIZER;

FP_TEST_OVERRIDE
void __malloc_lock(struct _reent *r)
{
     e04:	fe010113          	addi	sp,sp,-32
     e08:	00112e23          	sw	ra,28(sp)
     e0c:	00812c23          	sw	s0,24(sp)
     e10:	02010413          	addi	s0,sp,32
     e14:	fea42623          	sw	a0,-20(s0)
    UNUSED(r);

    fp_lock_acquire(&malloc_lock);
     e18:	90a18513          	addi	a0,gp,-1782 # 20000000 <malloc_lock>
     e1c:	07d000ef          	jal	1698 <fp_lock_acquire>
}
     e20:	00000013          	nop
     e24:	01c12083          	lw	ra,28(sp)
     e28:	01812403          	lw	s0,24(sp)
     e2c:	02010113          	addi	sp,sp,32
     e30:	00008067          	ret

00000e34 <__malloc_unlock>:

FP_TEST_OVERRIDE
void __malloc_unlock(struct _reent *r)
{
     e34:	fe010113          	addi	sp,sp,-32
     e38:	00112e23          	sw	ra,28(sp)
     e3c:	00812c23          	sw	s0,24(sp)
     e40:	02010413          	addi	s0,sp,32
     e44:	fea42623          	sw	a0,-20(s0)
    UNUSED(r);

    fp_lock_release(&malloc_lock);
     e48:	90a18513          	addi	a0,gp,-1782 # 20000000 <malloc_lock>
     e4c:	08d000ef          	jal	16d8 <fp_lock_release>
}
     e50:	00000013          	nop
     e54:	01c12083          	lw	ra,28(sp)
     e58:	01812403          	lw	s0,24(sp)
     e5c:	02010113          	addi	sp,sp,32
     e60:	00008067          	ret

00000e64 <slot_set>:
 * 
 * @param slots An array of slot values
 * @param length The length of the array
 * @return int If success, return 0, otherwise an error code.
 */
int slot_set(slot_t slots[], uint32_t length) {
     e64:	fd010113          	addi	sp,sp,-48
     e68:	02112623          	sw	ra,44(sp)
     e6c:	02812423          	sw	s0,40(sp)
     e70:	03010413          	addi	s0,sp,48
     e74:	fca42e23          	sw	a0,-36(s0)
     e78:	fcb42c23          	sw	a1,-40(s0)
    if (length > 8) {
     e7c:	fd842703          	lw	a4,-40(s0)
     e80:	00800793          	li	a5,8
     e84:	04e7f263          	bgeu	a5,a4,ec8 <slot_set+0x64>
        fp_assert(false, "No more than 8 slots supported: %i given\n", (int) length);
     e88:	01b00693          	li	a3,27
     e8c:	1e218613          	addi	a2,gp,482 # 200008d8 <__func__.2>
     e90:	11a18593          	addi	a1,gp,282 # 20000810 <__func__.1+0x8>
     e94:	13e18513          	addi	a0,gp,318 # 20000834 <__func__.1+0x2c>
     e98:	060020ef          	jal	2ef8 <printf>
     e9c:	fd842783          	lw	a5,-40(s0)
     ea0:	00078593          	mv	a1,a5
     ea4:	15a18513          	addi	a0,gp,346 # 20000850 <__func__.1+0x48>
     ea8:	050020ef          	jal	2ef8 <printf>
     eac:	01b00513          	li	a0,27
     eb0:	8ddff0ef          	jal	78c <gpo_set_ledmask>
     eb4:	deadc7b7          	lui	a5,0xdeadc
     eb8:	eef78513          	addi	a0,a5,-273 # deadbeef <BUS_END+0x9eadbaef>
     ebc:	ff8ff0ef          	jal	6b4 <write_tohost>
        return 1;
     ec0:	00100793          	li	a5,1
     ec4:	0600006f          	j	f24 <slot_set+0xc0>
    }
    uint32_t val = 0;
     ec8:	fe042423          	sw	zero,-24(s0)
    for (uint32_t i = 0; i < length; i++) {
     ecc:	fe042623          	sw	zero,-20(s0)
     ed0:	03c0006f          	j	f0c <slot_set+0xa8>
        val |= slots[i] << (i * 4);
     ed4:	fec42783          	lw	a5,-20(s0)
     ed8:	00279793          	slli	a5,a5,0x2
     edc:	fdc42703          	lw	a4,-36(s0)
     ee0:	00f707b3          	add	a5,a4,a5
     ee4:	0007a703          	lw	a4,0(a5)
     ee8:	fec42783          	lw	a5,-20(s0)
     eec:	00279793          	slli	a5,a5,0x2
     ef0:	00f717b3          	sll	a5,a4,a5
     ef4:	fe842703          	lw	a4,-24(s0)
     ef8:	00f767b3          	or	a5,a4,a5
     efc:	fef42423          	sw	a5,-24(s0)
    for (uint32_t i = 0; i < length; i++) {
     f00:	fec42783          	lw	a5,-20(s0)
     f04:	00178793          	addi	a5,a5,1
     f08:	fef42623          	sw	a5,-20(s0)
     f0c:	fec42703          	lw	a4,-20(s0)
     f10:	fd842783          	lw	a5,-40(s0)
     f14:	fcf760e3          	bltu	a4,a5,ed4 <slot_set+0x70>
    }
    write_csr(CSR_SLOTS, val);
     f18:	fe842783          	lw	a5,-24(s0)
     f1c:	50379073          	csrw	0x503,a5
    return 0;
     f20:	00000793          	li	a5,0
}
     f24:	00078513          	mv	a0,a5
     f28:	02c12083          	lw	ra,44(sp)
     f2c:	02812403          	lw	s0,40(sp)
     f30:	03010113          	addi	sp,sp,48
     f34:	00008067          	ret

00000f38 <tmode_set>:
 * 
 * @param hartid The hardware thread ID
 * @param val The thread mode to be set
 * @return int If success, return 0, otherwise an error code.
 */
int tmode_set(uint32_t hartid, tmode_t val) {
     f38:	fd010113          	addi	sp,sp,-48
     f3c:	02112623          	sw	ra,44(sp)
     f40:	02812423          	sw	s0,40(sp)
     f44:	03010413          	addi	s0,sp,48
     f48:	fca42e23          	sw	a0,-36(s0)
     f4c:	fcb42c23          	sw	a1,-40(s0)
    if (hartid > FP_THREADS) {
     f50:	fdc42703          	lw	a4,-36(s0)
     f54:	00400793          	li	a5,4
     f58:	00e7f663          	bgeu	a5,a4,f64 <tmode_set+0x2c>
        // FIXME: Panic.
        return 1;
     f5c:	00100793          	li	a5,1
     f60:	05c0006f          	j	fbc <tmode_set+0x84>
    }
    uint32_t mask = 0xf << (hartid * 2);
     f64:	fdc42783          	lw	a5,-36(s0)
     f68:	00179793          	slli	a5,a5,0x1
     f6c:	00f00713          	li	a4,15
     f70:	00f717b3          	sll	a5,a4,a5
     f74:	fef42023          	sw	a5,-32(s0)
    uint32_t val_prev = read_csr(CSR_TMODES);
     f78:	504027f3          	csrr	a5,0x504
     f7c:	fef42223          	sw	a5,-28(s0)
     f80:	fe442783          	lw	a5,-28(s0)
     f84:	fef42423          	sw	a5,-24(s0)
    uint32_t val_new = (val_prev & ~mask) | (val << (hartid * 2));
     f88:	fe042783          	lw	a5,-32(s0)
     f8c:	fff7c713          	not	a4,a5
     f90:	fe842783          	lw	a5,-24(s0)
     f94:	00f77733          	and	a4,a4,a5
     f98:	fdc42783          	lw	a5,-36(s0)
     f9c:	00179793          	slli	a5,a5,0x1
     fa0:	fd842683          	lw	a3,-40(s0)
     fa4:	00f697b3          	sll	a5,a3,a5
     fa8:	00f767b3          	or	a5,a4,a5
     fac:	fef42623          	sw	a5,-20(s0)
    write_csr(CSR_TMODES, val_new); // Each slot is 4-bit wide.
     fb0:	fec42783          	lw	a5,-20(s0)
     fb4:	50479073          	csrw	0x504,a5
    return 0;
     fb8:	00000793          	li	a5,0
}
     fbc:	00078513          	mv	a0,a5
     fc0:	02c12083          	lw	ra,44(sp)
     fc4:	02812403          	lw	s0,40(sp)
     fc8:	03010113          	addi	sp,sp,48
     fcc:	00008067          	ret

00000fd0 <worker_main>:
}

/**
 * Main function for a worker thread (hardware threads 1-7).
 */
void worker_main() {
     fd0:	fe010113          	addi	sp,sp,-32
     fd4:	00112e23          	sw	ra,28(sp)
     fd8:	00812c23          	sw	s0,24(sp)
     fdc:	02010413          	addi	s0,sp,32
    uint32_t hartid = read_hartid();
     fe0:	50b027f3          	csrr	a5,0x50b
     fe4:	fef42223          	sw	a5,-28(s0)
     fe8:	fe442783          	lw	a5,-28(s0)
     fec:	fef42423          	sw	a5,-24(s0)

    // Save the environment buffer
    // for potential fp_thread_cancel calls.
    // The execution will jump here
    // if a cancellation request is handled.
    int val = setjmp((long long int *) envs[hartid]);
     ff0:	fe842703          	lw	a4,-24(s0)
     ff4:	00070793          	mv	a5,a4
     ff8:	00279793          	slli	a5,a5,0x2
     ffc:	00e787b3          	add	a5,a5,a4
    1000:	00279793          	slli	a5,a5,0x2
    1004:	40e787b3          	sub	a5,a5,a4
    1008:	00479793          	slli	a5,a5,0x4
    100c:	20001737          	lui	a4,0x20001
    1010:	f7070713          	addi	a4,a4,-144 # 20000f70 <envs>
    1014:	00e787b3          	add	a5,a5,a4
    1018:	00078513          	mv	a0,a5
    101c:	0ad020ef          	jal	38c8 <setjmp>
    1020:	00050793          	mv	a5,a0
    1024:	fef42623          	sw	a5,-20(s0)
    // Check if the thread returns from longjmp.
    // If so, mark the thread as not in use.
    if (val == 1) {
    1028:	fec42703          	lw	a4,-20(s0)
    102c:	00100793          	li	a5,1
    1030:	02f71c63          	bne	a4,a5,1068 <worker_main+0x98>
        fp_hwlock_acquire();
    1034:	504000ef          	jal	1538 <fp_hwlock_acquire>
        num_threads_busy -= 1;
    1038:	200027b7          	lui	a5,0x20002
    103c:	1647a783          	lw	a5,356(a5) # 20002164 <num_threads_busy>
    1040:	fff78713          	addi	a4,a5,-1
    1044:	200027b7          	lui	a5,0x20002
    1048:	16e7a223          	sw	a4,356(a5) # 20002164 <num_threads_busy>
        in_use[hartid] = false;
    104c:	200027b7          	lui	a5,0x20002
    1050:	15c78713          	addi	a4,a5,348 # 2000215c <in_use>
    1054:	fe842783          	lw	a5,-24(s0)
    1058:	00f707b3          	add	a5,a4,a5
    105c:	00078023          	sb	zero,0(a5)
        fp_hwlock_release();
    1060:	518000ef          	jal	1578 <fp_hwlock_release>
    1064:	0c40006f          	j	1128 <worker_main+0x158>
    }
    else if (val != 0) {
    1068:	fec42783          	lw	a5,-20(s0)
    106c:	0a078e63          	beqz	a5,1128 <worker_main+0x158>
        fp_assert(false, "Reached unreachable code");
    1070:	18400693          	li	a3,388
    1074:	1ee18613          	addi	a2,gp,494 # 200008e4 <__func__.0>
    1078:	11a18593          	addi	a1,gp,282 # 20000810 <__func__.1+0x8>
    107c:	13e18513          	addi	a0,gp,318 # 20000834 <__func__.1+0x2c>
    1080:	679010ef          	jal	2ef8 <printf>
    1084:	1c618513          	addi	a0,gp,454 # 200008bc <__func__.1+0xb4>
    1088:	671010ef          	jal	2ef8 <printf>
    108c:	08500513          	li	a0,133
    1090:	efcff0ef          	jal	78c <gpo_set_ledmask>
    1094:	deadc7b7          	lui	a5,0xdeadc
    1098:	eef78513          	addi	a0,a5,-273 # deadbeef <BUS_END+0x9eadbaef>
    109c:	e18ff0ef          	jal	6b4 <write_tohost>
    }

    while(!exit_requested[hartid]) {
    10a0:	0880006f          	j	1128 <worker_main+0x158>
        // the lock will not be freed.
        // So for now it's the best if
        // thread 0 does it. Maybe
        // the hardware should change.

        if (in_use[hartid]) {            
    10a4:	200027b7          	lui	a5,0x20002
    10a8:	15c78713          	addi	a4,a5,348 # 2000215c <in_use>
    10ac:	fe842783          	lw	a5,-24(s0)
    10b0:	00f707b3          	add	a5,a4,a5
    10b4:	0007c783          	lbu	a5,0(a5)
    10b8:	0ff7f793          	zext.b	a5,a5
    10bc:	06078663          	beqz	a5,1128 <worker_main+0x158>
            // Execute the routine with the argument passed in.
            (*routines[hartid])(args[hartid]);
    10c0:	200017b7          	lui	a5,0x20001
    10c4:	f4c78713          	addi	a4,a5,-180 # 20000f4c <routines>
    10c8:	fe842783          	lw	a5,-24(s0)
    10cc:	00279793          	slli	a5,a5,0x2
    10d0:	00f707b3          	add	a5,a4,a5
    10d4:	0007a783          	lw	a5,0(a5)
    10d8:	20001737          	lui	a4,0x20001
    10dc:	f5c70693          	addi	a3,a4,-164 # 20000f5c <args>
    10e0:	fe842703          	lw	a4,-24(s0)
    10e4:	00271713          	slli	a4,a4,0x2
    10e8:	00e68733          	add	a4,a3,a4
    10ec:	00072703          	lw	a4,0(a4)
    10f0:	00070513          	mv	a0,a4
    10f4:	000780e7          	jalr	a5

            // Mark the thread as available again.
            fp_hwlock_acquire();
    10f8:	440000ef          	jal	1538 <fp_hwlock_acquire>
            num_threads_busy -= 1;
    10fc:	200027b7          	lui	a5,0x20002
    1100:	1647a783          	lw	a5,356(a5) # 20002164 <num_threads_busy>
    1104:	fff78713          	addi	a4,a5,-1
    1108:	200027b7          	lui	a5,0x20002
    110c:	16e7a223          	sw	a4,356(a5) # 20002164 <num_threads_busy>
            in_use[hartid] = false;
    1110:	200027b7          	lui	a5,0x20002
    1114:	15c78713          	addi	a4,a5,348 # 2000215c <in_use>
    1118:	fe842783          	lw	a5,-24(s0)
    111c:	00f707b3          	add	a5,a4,a5
    1120:	00078023          	sb	zero,0(a5)
            fp_hwlock_release();
    1124:	454000ef          	jal	1578 <fp_hwlock_release>
    while(!exit_requested[hartid]) {
    1128:	200027b7          	lui	a5,0x20002
    112c:	16078713          	addi	a4,a5,352 # 20002160 <exit_requested>
    1130:	fe842783          	lw	a5,-24(s0)
    1134:	00f707b3          	add	a5,a4,a5
    1138:	0007c783          	lbu	a5,0(a5)
    113c:	0ff7f793          	zext.b	a5,a5
    1140:	0017c793          	xori	a5,a5,1
    1144:	0ff7f793          	zext.b	a5,a5
    1148:	f4079ee3          	bnez	a5,10a4 <worker_main+0xd4>
    }

    // FIXME: Execute clean up handlers here.

    // Increment the counter of exited threads.
    fp_hwlock_acquire();
    114c:	3ec000ef          	jal	1538 <fp_hwlock_acquire>
    num_threads_exited += 1;
    1150:	200027b7          	lui	a5,0x20002
    1154:	1687a783          	lw	a5,360(a5) # 20002168 <num_threads_exited>
    1158:	00178713          	addi	a4,a5,1
    115c:	200027b7          	lui	a5,0x20002
    1160:	16e7a423          	sw	a4,360(a5) # 20002168 <num_threads_exited>
    fp_hwlock_release();
    1164:	414000ef          	jal	1578 <fp_hwlock_release>

    return;
    1168:	00000013          	nop
    116c:	01c12083          	lw	ra,28(sp)
    1170:	01812403          	lw	s0,24(sp)
    1174:	02010113          	addi	sp,sp,32
    1178:	00008067          	ret

0000117c <register_exception_handler>:
    register uint32_t *stack_ptr = rdstackptr();
    _fp_abort("Stack check failed: link register (%p), stack ptr (%p)\n", linkreg, stack_ptr);
}
#endif // NDEBUG

static void register_exception_handler(void (*isr)(void)) {
    117c:	fe010113          	addi	sp,sp,-32
    1180:	00112e23          	sw	ra,28(sp)
    1184:	00812c23          	sw	s0,24(sp)
    1188:	02010413          	addi	s0,sp,32
    118c:	fea42623          	sw	a0,-20(s0)
    write_csr(CSR_EVEC, (uint32_t) isr);
    1190:	fec42783          	lw	a5,-20(s0)
    1194:	50879073          	csrw	0x508,a5
}
    1198:	00000013          	nop
    119c:	01c12083          	lw	ra,28(sp)
    11a0:	01812403          	lw	s0,24(sp)
    11a4:	02010113          	addi	sp,sp,32
    11a8:	00008067          	ret

000011ac <exception_to_str>:

#ifndef NDEBUG
static const char *exception_to_str(const uint32_t cause) {
    11ac:	fe010113          	addi	sp,sp,-32
    11b0:	00112e23          	sw	ra,28(sp)
    11b4:	00812c23          	sw	s0,24(sp)
    11b8:	02010413          	addi	s0,sp,32
    11bc:	fea42623          	sw	a0,-20(s0)
    switch (cause)
    11c0:	fec42703          	lw	a4,-20(s0)
    11c4:	800007b7          	lui	a5,0x80000
    11c8:	00e78793          	addi	a5,a5,14 # 8000000e <BUS_END+0x3ffffc0e>
    11cc:	10f70463          	beq	a4,a5,12d4 <exception_to_str+0x128>
    11d0:	fec42703          	lw	a4,-20(s0)
    11d4:	800007b7          	lui	a5,0x80000
    11d8:	00e78793          	addi	a5,a5,14 # 8000000e <BUS_END+0x3ffffc0e>
    11dc:	10e7e063          	bltu	a5,a4,12dc <exception_to_str+0x130>
    11e0:	fec42703          	lw	a4,-20(s0)
    11e4:	01700793          	li	a5,23
    11e8:	02e7e463          	bltu	a5,a4,1210 <exception_to_str+0x64>
    11ec:	fec42703          	lw	a4,-20(s0)
    11f0:	01700793          	li	a5,23
    11f4:	0ee7e463          	bltu	a5,a4,12dc <exception_to_str+0x130>
    11f8:	fec42783          	lw	a5,-20(s0)
    11fc:	00279713          	slli	a4,a5,0x2
    1200:	4c618793          	addi	a5,gp,1222 # 20000bbc <__func__.0+0x2d8>
    1204:	00f707b3          	add	a5,a4,a5
    1208:	0007a783          	lw	a5,0(a5)
    120c:	00078067          	jr	a5
    1210:	fec42703          	lw	a4,-20(s0)
    1214:	800007b7          	lui	a5,0x80000
    1218:	00d78793          	addi	a5,a5,13 # 8000000d <BUS_END+0x3ffffc0d>
    121c:	0af70863          	beq	a4,a5,12cc <exception_to_str+0x120>
    1220:	0bc0006f          	j	12dc <exception_to_str+0x130>
    {
    case EXC_CAUSE_MISALIGNED_FETCH: return "Misaligned fetch";
    1224:	27618793          	addi	a5,gp,630 # 2000096c <__func__.0+0x88>
    1228:	0b80006f          	j	12e0 <exception_to_str+0x134>
    case EXC_CAUSE_FAULT_FETCH: return "Fetch fault";
    122c:	28a18793          	addi	a5,gp,650 # 20000980 <__func__.0+0x9c>
    1230:	0b00006f          	j	12e0 <exception_to_str+0x134>
    case EXC_CAUSE_ILLEGAL_INSTRUCTION: return "Illegal instruction";
    1234:	29618793          	addi	a5,gp,662 # 2000098c <__func__.0+0xa8>
    1238:	0a80006f          	j	12e0 <exception_to_str+0x134>
    case EXC_CAUSE_PRIVILEGED_INSTRUCTION: return "Privileged instruction";
    123c:	2aa18793          	addi	a5,gp,682 # 200009a0 <__func__.0+0xbc>
    1240:	0a00006f          	j	12e0 <exception_to_str+0x134>
    case EXC_CAUSE_FP_DISABLED: return "Floating point unit disabled";
    1244:	2c218793          	addi	a5,gp,706 # 200009b8 <__func__.0+0xd4>
    1248:	0980006f          	j	12e0 <exception_to_str+0x134>
    case EXC_CAUSE_SYSCALL: return "System call";
    124c:	2e218793          	addi	a5,gp,738 # 200009d8 <__func__.0+0xf4>
    1250:	0900006f          	j	12e0 <exception_to_str+0x134>
    case EXC_CAUSE_BREAKPOINT: return "Break point";
    1254:	2ee18793          	addi	a5,gp,750 # 200009e4 <__func__.0+0x100>
    1258:	0880006f          	j	12e0 <exception_to_str+0x134>
    case EXC_CAUSE_MISALIGNED_LOAD: return "Misaligned address on load";
    125c:	2fa18793          	addi	a5,gp,762 # 200009f0 <__func__.0+0x10c>
    1260:	0800006f          	j	12e0 <exception_to_str+0x134>
    case EXC_CAUSE_MISALIGNED_STORE: return "Misaligned address on store";
    1264:	31618793          	addi	a5,gp,790 # 20000a0c <__func__.0+0x128>
    1268:	0780006f          	j	12e0 <exception_to_str+0x134>
    case EXC_CAUSE_FAULT_LOAD: return "Load fault";
    126c:	33218793          	addi	a5,gp,818 # 20000a28 <__func__.0+0x144>
    1270:	0700006f          	j	12e0 <exception_to_str+0x134>
    case EXC_CAUSE_FAULT_STORE: return "Store fault";
    1274:	33e18793          	addi	a5,gp,830 # 20000a34 <__func__.0+0x150>
    1278:	0680006f          	j	12e0 <exception_to_str+0x134>
    case EXC_CAUSE_ACCELERATOR_DISABLED: return "Accelerator disabled";
    127c:	34a18793          	addi	a5,gp,842 # 20000a40 <__func__.0+0x15c>
    1280:	0600006f          	j	12e0 <exception_to_str+0x134>
    case EXC_CAUSE_EXCEPTION_EXPIRE: return "Exception expire";
    1284:	36218793          	addi	a5,gp,866 # 20000a58 <__func__.0+0x174>
    1288:	0580006f          	j	12e0 <exception_to_str+0x134>
    case EXE_CAUSE_EXT_INTERRUPT0: return "External interrupt 0";
    128c:	37618793          	addi	a5,gp,886 # 20000a6c <__func__.0+0x188>
    1290:	0500006f          	j	12e0 <exception_to_str+0x134>
    case EXE_CAUSE_EXT_INTERRUPT1: return "External interrupt 1";
    1294:	38e18793          	addi	a5,gp,910 # 20000a84 <__func__.0+0x1a0>
    1298:	0480006f          	j	12e0 <exception_to_str+0x134>
    case EXE_CAUSE_EXT_INTERRUPT2: return "External interrupt 2";
    129c:	3a618793          	addi	a5,gp,934 # 20000a9c <__func__.0+0x1b8>
    12a0:	0400006f          	j	12e0 <exception_to_str+0x134>
    case EXE_CAUSE_EXT_INTERRUPT3: return "External interrupt 3";
    12a4:	3be18793          	addi	a5,gp,958 # 20000ab4 <__func__.0+0x1d0>
    12a8:	0380006f          	j	12e0 <exception_to_str+0x134>
    case EXE_CAUSE_EXT_INTERRUPT4: return "External interrupt 4";
    12ac:	3d618793          	addi	a5,gp,982 # 20000acc <__func__.0+0x1e8>
    12b0:	0300006f          	j	12e0 <exception_to_str+0x134>
    case EXE_CAUSE_EXT_INTERRUPT5: return "External interrupt 5";
    12b4:	3ee18793          	addi	a5,gp,1006 # 20000ae4 <__func__.0+0x200>
    12b8:	0280006f          	j	12e0 <exception_to_str+0x134>
    case EXE_CAUSE_EXT_INTERRUPT6: return "External interrupt 6";
    12bc:	40618793          	addi	a5,gp,1030 # 20000afc <__func__.0+0x218>
    12c0:	0200006f          	j	12e0 <exception_to_str+0x134>
    case EXE_CAUSE_TIMER_INTERRUPT: return "Timer interrupt";
    12c4:	41e18793          	addi	a5,gp,1054 # 20000b14 <__func__.0+0x230>
    12c8:	0180006f          	j	12e0 <exception_to_str+0x134>
    case EXC_CAUSE_INTERRUPT_EXPIRE: return "Interrupt expire";
    12cc:	42e18793          	addi	a5,gp,1070 # 20000b24 <__func__.0+0x240>
    12d0:	0100006f          	j	12e0 <exception_to_str+0x134>
    case EXC_CAUSE_EXTERNAL_INT: return "External interrupt";
    12d4:	44218793          	addi	a5,gp,1090 # 20000b38 <__func__.0+0x254>
    12d8:	0080006f          	j	12e0 <exception_to_str+0x134>
    default: return "Unknown exception code";
    12dc:	45618793          	addi	a5,gp,1110 # 20000b4c <__func__.0+0x268>
    }
}
    12e0:	00078513          	mv	a0,a5
    12e4:	01c12083          	lw	ra,28(sp)
    12e8:	01812403          	lw	s0,24(sp)
    12ec:	02010113          	addi	sp,sp,32
    12f0:	00008067          	ret

000012f4 <fp_exception_handler>:
#endif // NDEBUG

void fp_exception_handler(void) {
    12f4:	fe010113          	addi	sp,sp,-32
    12f8:	00112e23          	sw	ra,28(sp)
    12fc:	00812c23          	sw	s0,24(sp)
    1300:	00912a23          	sw	s1,20(sp)
    1304:	02010413          	addi	s0,sp,32
    uint32_t cause = read_csr(CSR_CAUSE);
    1308:	509027f3          	csrr	a5,0x509
    130c:	fef42023          	sw	a5,-32(s0)
    1310:	fe042783          	lw	a5,-32(s0)
    1314:	fef42223          	sw	a5,-28(s0)
    uint32_t hartid = read_hartid();
    1318:	50b027f3          	csrr	a5,0x50b
    131c:	fef42423          	sw	a5,-24(s0)
    1320:	fe842783          	lw	a5,-24(s0)
    1324:	fef42623          	sw	a5,-20(s0)

    if (cause == EXC_CAUSE_EXTERNAL_INT) {  
    1328:	fe442703          	lw	a4,-28(s0)
    132c:	800007b7          	lui	a5,0x80000
    1330:	00e78793          	addi	a5,a5,14 # 8000000e <BUS_END+0x3ffffc0e>
    1334:	04f71063          	bne	a4,a5,1374 <fp_exception_handler+0x80>
        if(ext_int_handler[hartid]) ext_int_handler[hartid]();
    1338:	200017b7          	lui	a5,0x20001
    133c:	43078713          	addi	a4,a5,1072 # 20001430 <ext_int_handler>
    1340:	fec42783          	lw	a5,-20(s0)
    1344:	00279793          	slli	a5,a5,0x2
    1348:	00f707b3          	add	a5,a4,a5
    134c:	0007a783          	lw	a5,0(a5)
    1350:	10078063          	beqz	a5,1450 <fp_exception_handler+0x15c>
    1354:	200017b7          	lui	a5,0x20001
    1358:	43078713          	addi	a4,a5,1072 # 20001430 <ext_int_handler>
    135c:	fec42783          	lw	a5,-20(s0)
    1360:	00279793          	slli	a5,a5,0x2
    1364:	00f707b3          	add	a5,a4,a5
    1368:	0007a783          	lw	a5,0(a5)
    136c:	000780e7          	jalr	a5
    1370:	0e00006f          	j	1450 <fp_exception_handler+0x15c>
    } else if (cause == EXC_CAUSE_INTERRUPT_EXPIRE) {
    1374:	fe442703          	lw	a4,-28(s0)
    1378:	800007b7          	lui	a5,0x80000
    137c:	00d78793          	addi	a5,a5,13 # 8000000d <BUS_END+0x3ffffc0d>
    1380:	04f71063          	bne	a4,a5,13c0 <fp_exception_handler+0xcc>
        if(ie_int_handler[hartid]) ie_int_handler[hartid]();
    1384:	200017b7          	lui	a5,0x20001
    1388:	44078713          	addi	a4,a5,1088 # 20001440 <ie_int_handler>
    138c:	fec42783          	lw	a5,-20(s0)
    1390:	00279793          	slli	a5,a5,0x2
    1394:	00f707b3          	add	a5,a4,a5
    1398:	0007a783          	lw	a5,0(a5)
    139c:	0a078a63          	beqz	a5,1450 <fp_exception_handler+0x15c>
    13a0:	200017b7          	lui	a5,0x20001
    13a4:	44078713          	addi	a4,a5,1088 # 20001440 <ie_int_handler>
    13a8:	fec42783          	lw	a5,-20(s0)
    13ac:	00279793          	slli	a5,a5,0x2
    13b0:	00f707b3          	add	a5,a4,a5
    13b4:	0007a783          	lw	a5,0(a5)
    13b8:	000780e7          	jalr	a5
    13bc:	0940006f          	j	1450 <fp_exception_handler+0x15c>
    } else if (cause == EXC_CAUSE_EXCEPTION_EXPIRE) {
    13c0:	fe442703          	lw	a4,-28(s0)
    13c4:	00d00793          	li	a5,13
    13c8:	04f71063          	bne	a4,a5,1408 <fp_exception_handler+0x114>
        if(ee_int_handler[hartid]) ee_int_handler[hartid]();
    13cc:	200017b7          	lui	a5,0x20001
    13d0:	45078713          	addi	a4,a5,1104 # 20001450 <ee_int_handler>
    13d4:	fec42783          	lw	a5,-20(s0)
    13d8:	00279793          	slli	a5,a5,0x2
    13dc:	00f707b3          	add	a5,a4,a5
    13e0:	0007a783          	lw	a5,0(a5)
    13e4:	06078663          	beqz	a5,1450 <fp_exception_handler+0x15c>
    13e8:	200017b7          	lui	a5,0x20001
    13ec:	45078713          	addi	a4,a5,1104 # 20001450 <ee_int_handler>
    13f0:	fec42783          	lw	a5,-20(s0)
    13f4:	00279793          	slli	a5,a5,0x2
    13f8:	00f707b3          	add	a5,a4,a5
    13fc:	0007a783          	lw	a5,0(a5)
    1400:	000780e7          	jalr	a5
    1404:	04c0006f          	j	1450 <fp_exception_handler+0x15c>
    } else {
        fp_assert(false, "Exception not handled: %i, %s\n", (int) cause, exception_to_str(cause));
    1408:	06b00693          	li	a3,107
    140c:	52618613          	addi	a2,gp,1318 # 20000c1c <__func__.1>
    1410:	1fa18593          	addi	a1,gp,506 # 200008f0 <__func__.0+0xc>
    1414:	22218513          	addi	a0,gp,546 # 20000918 <__func__.0+0x34>
    1418:	2e1010ef          	jal	2ef8 <printf>
    141c:	fe442483          	lw	s1,-28(s0)
    1420:	fe442503          	lw	a0,-28(s0)
    1424:	d89ff0ef          	jal	11ac <exception_to_str>
    1428:	00050793          	mv	a5,a0
    142c:	00078613          	mv	a2,a5
    1430:	00048593          	mv	a1,s1
    1434:	46e18513          	addi	a0,gp,1134 # 20000b64 <__func__.0+0x280>
    1438:	2c1010ef          	jal	2ef8 <printf>
    143c:	06b00513          	li	a0,107
    1440:	b4cff0ef          	jal	78c <gpo_set_ledmask>
    1444:	deadc7b7          	lui	a5,0xdeadc
    1448:	eef78513          	addi	a0,a5,-273 # deadbeef <BUS_END+0x9eadbaef>
    144c:	a68ff0ef          	jal	6b4 <write_tohost>
    }

    if (__ie_jmp_buf_active[hartid] && cause == EXC_CAUSE_INTERRUPT_EXPIRE) {
    1450:	200027b7          	lui	a5,0x20002
    1454:	16c78713          	addi	a4,a5,364 # 2000216c <__ie_jmp_buf_active>
    1458:	fec42783          	lw	a5,-20(s0)
    145c:	00f707b3          	add	a5,a4,a5
    1460:	0007c783          	lbu	a5,0(a5)
    1464:	04078463          	beqz	a5,14ac <fp_exception_handler+0x1b8>
    1468:	fe442703          	lw	a4,-28(s0)
    146c:	800007b7          	lui	a5,0x80000
    1470:	00d78793          	addi	a5,a5,13 # 8000000d <BUS_END+0x3ffffc0d>
    1474:	02f71c63          	bne	a4,a5,14ac <fp_exception_handler+0x1b8>
        * 
        * In this case we jump back to the initial `setjmp` call in the 
        * `fp_int_on_expire`, which ultimately runs `goto cleanup`.
        *
        */
        longjmp(__ie_jmp_buf[hartid], 1);
    1478:	fec42703          	lw	a4,-20(s0)
    147c:	00070793          	mv	a5,a4
    1480:	00279793          	slli	a5,a5,0x2
    1484:	00e787b3          	add	a5,a5,a4
    1488:	00279793          	slli	a5,a5,0x2
    148c:	40e787b3          	sub	a5,a5,a4
    1490:	00479793          	slli	a5,a5,0x4
    1494:	20001737          	lui	a4,0x20001
    1498:	66070713          	addi	a4,a4,1632 # 20001660 <__ie_jmp_buf>
    149c:	00e787b3          	add	a5,a5,a4
    14a0:	00100593          	li	a1,1
    14a4:	00078513          	mv	a0,a5
    14a8:	460020ef          	jal	3908 <longjmp>
    } else if (__ee_jmp_buf_active[hartid] && cause == EXC_CAUSE_EXCEPTION_EXPIRE) {
    14ac:	200027b7          	lui	a5,0x20002
    14b0:	17078713          	addi	a4,a5,368 # 20002170 <__ee_jmp_buf_active>
    14b4:	fec42783          	lw	a5,-20(s0)
    14b8:	00f707b3          	add	a5,a4,a5
    14bc:	0007c783          	lbu	a5,0(a5)
    14c0:	04078263          	beqz	a5,1504 <fp_exception_handler+0x210>
    14c4:	fe442703          	lw	a4,-28(s0)
    14c8:	00d00793          	li	a5,13
    14cc:	02f71c63          	bne	a4,a5,1504 <fp_exception_handler+0x210>
        // Same as above, but for exceptions
        longjmp(__ee_jmp_buf[hartid], 1);
    14d0:	fec42703          	lw	a4,-20(s0)
    14d4:	00070793          	mv	a5,a4
    14d8:	00279793          	slli	a5,a5,0x2
    14dc:	00e787b3          	add	a5,a5,a4
    14e0:	00279793          	slli	a5,a5,0x2
    14e4:	40e787b3          	sub	a5,a5,a4
    14e8:	00479793          	slli	a5,a5,0x4
    14ec:	20002737          	lui	a4,0x20002
    14f0:	b2070713          	addi	a4,a4,-1248 # 20001b20 <__ee_jmp_buf>
    14f4:	00e787b3          	add	a5,a5,a4
    14f8:	00100593          	li	a1,1
    14fc:	00078513          	mv	a0,a5
    1500:	408020ef          	jal	3908 <longjmp>
    } else {
        // Call the function to load the thread's context
        // In ctx_switch.S
        thread_ctx_switch_load();
    1504:	388000ef          	jal	188c <thread_ctx_switch_load>

00001508 <setup_exceptions>:
    }
}

void setup_exceptions() {
    1508:	ff010113          	addi	sp,sp,-16
    150c:	00112623          	sw	ra,12(sp)
    1510:	00812423          	sw	s0,8(sp)
    1514:	01010413          	addi	s0,sp,16
    // Register the function to call on exceptions; this function stores the
    // thread's context and calls the fp_exception_handler function afterwards
    register_exception_handler(thread_ctx_switch_store);
    1518:	000017b7          	lui	a5,0x1
    151c:	7e878513          	addi	a0,a5,2024 # 17e8 <thread_ctx_switch_store>
    1520:	c5dff0ef          	jal	117c <register_exception_handler>
}
    1524:	00000013          	nop
    1528:	00c12083          	lw	ra,12(sp)
    152c:	00812403          	lw	s0,8(sp)
    1530:	01010113          	addi	sp,sp,16
    1534:	00008067          	ret

00001538 <fp_hwlock_acquire>:
#include <flexpret/flexpret.h>

/**
 * Acquire a hardware lock.
 */
void fp_hwlock_acquire(void) {
    1538:	fe010113          	addi	sp,sp,-32
    153c:	00112e23          	sw	ra,28(sp)
    1540:	00812c23          	sw	s0,24(sp)
    1544:	02010413          	addi	s0,sp,32
    while(swap_csr(CSR_HWLOCK, 1) == 0);
    1548:	00000013          	nop
    154c:	00100793          	li	a5,1
    1550:	520797f3          	csrrw	a5,0x520,a5
    1554:	fef42623          	sw	a5,-20(s0)
    1558:	fec42783          	lw	a5,-20(s0)
    155c:	fe0788e3          	beqz	a5,154c <fp_hwlock_acquire+0x14>
}
    1560:	00000013          	nop
    1564:	00000013          	nop
    1568:	01c12083          	lw	ra,28(sp)
    156c:	01812403          	lw	s0,24(sp)
    1570:	02010113          	addi	sp,sp,32
    1574:	00008067          	ret

00001578 <fp_hwlock_release>:

/**
 * Release a hardware lock.
 */
void fp_hwlock_release(void) {
    1578:	fe010113          	addi	sp,sp,-32
    157c:	00112e23          	sw	ra,28(sp)
    1580:	00812c23          	sw	s0,24(sp)
    1584:	02010413          	addi	s0,sp,32
    if (swap_csr(CSR_HWLOCK, 0) != 1) {
    1588:	00000793          	li	a5,0
    158c:	520797f3          	csrrw	a5,0x520,a5
    1590:	fef42623          	sw	a5,-20(s0)
    1594:	fec42703          	lw	a4,-20(s0)
    1598:	00100793          	li	a5,1
    159c:	02f70a63          	beq	a4,a5,15d0 <fp_hwlock_release+0x58>
        fp_assert(false, "Attempt to unlock hwlock but it was not locked");
    15a0:	00f00693          	li	a3,15
    15a4:	63218613          	addi	a2,gp,1586 # 20000d28 <__func__.1>
    15a8:	53e18593          	addi	a1,gp,1342 # 20000c34 <__func__.1+0x18>
    15ac:	56218513          	addi	a0,gp,1378 # 20000c58 <__func__.1+0x3c>
    15b0:	149010ef          	jal	2ef8 <printf>
    15b4:	57e18513          	addi	a0,gp,1406 # 20000c74 <__func__.1+0x58>
    15b8:	141010ef          	jal	2ef8 <printf>
    15bc:	00f00513          	li	a0,15
    15c0:	9ccff0ef          	jal	78c <gpo_set_ledmask>
    15c4:	deadc7b7          	lui	a5,0xdeadc
    15c8:	eef78513          	addi	a0,a5,-273 # deadbeef <BUS_END+0x9eadbaef>
    15cc:	8e8ff0ef          	jal	6b4 <write_tohost>
    }
}
    15d0:	00000013          	nop
    15d4:	01c12083          	lw	ra,28(sp)
    15d8:	01812403          	lw	s0,24(sp)
    15dc:	02010113          	addi	sp,sp,32
    15e0:	00008067          	ret

000015e4 <do_acquire>:

static int do_acquire(fp_lock_t* lock) {
    15e4:	fd010113          	addi	sp,sp,-48
    15e8:	02112623          	sw	ra,44(sp)
    15ec:	02812423          	sw	s0,40(sp)
    15f0:	03010413          	addi	s0,sp,48
    15f4:	fca42e23          	sw	a0,-36(s0)
    // TODO: Poll on lock->locked instead of hwlock
    fp_hwlock_acquire();
    15f8:	f41ff0ef          	jal	1538 <fp_hwlock_acquire>
    if (lock->owner == read_hartid()) {
    15fc:	fdc42783          	lw	a5,-36(s0)
    1600:	0047a783          	lw	a5,4(a5)
    1604:	50b02773          	csrr	a4,0x50b
    1608:	fee42423          	sw	a4,-24(s0)
    160c:	fe842703          	lw	a4,-24(s0)
    1610:	02e79263          	bne	a5,a4,1634 <do_acquire+0x50>
        lock->count++;
    1614:	fdc42783          	lw	a5,-36(s0)
    1618:	0087a783          	lw	a5,8(a5)
    161c:	00178713          	addi	a4,a5,1
    1620:	fdc42783          	lw	a5,-36(s0)
    1624:	00e7a423          	sw	a4,8(a5)
        fp_hwlock_release();
    1628:	f51ff0ef          	jal	1578 <fp_hwlock_release>
        return 0;
    162c:	00000793          	li	a5,0
    1630:	0540006f          	j	1684 <do_acquire+0xa0>
    } else if (lock->locked) {
    1634:	fdc42783          	lw	a5,-36(s0)
    1638:	0007c783          	lbu	a5,0(a5)
    163c:	00078863          	beqz	a5,164c <do_acquire+0x68>
        //printf("warn: attempt acquire locked lock\n");
        fp_hwlock_release();
    1640:	f39ff0ef          	jal	1578 <fp_hwlock_release>
        return 1;
    1644:	00100793          	li	a5,1
    1648:	03c0006f          	j	1684 <do_acquire+0xa0>
    } else {
        lock->locked = true;
    164c:	fdc42783          	lw	a5,-36(s0)
    1650:	00100713          	li	a4,1
    1654:	00e78023          	sb	a4,0(a5)
        lock->owner  = read_hartid();
    1658:	50b027f3          	csrr	a5,0x50b
    165c:	fef42623          	sw	a5,-20(s0)
    1660:	fec42783          	lw	a5,-20(s0)
    1664:	00078713          	mv	a4,a5
    1668:	fdc42783          	lw	a5,-36(s0)
    166c:	00e7a223          	sw	a4,4(a5)
        lock->count = 1;
    1670:	fdc42783          	lw	a5,-36(s0)
    1674:	00100713          	li	a4,1
    1678:	00e7a423          	sw	a4,8(a5)
        fp_hwlock_release();
    167c:	efdff0ef          	jal	1578 <fp_hwlock_release>
        return 0;
    1680:	00000793          	li	a5,0
    }
}
    1684:	00078513          	mv	a0,a5
    1688:	02c12083          	lw	ra,44(sp)
    168c:	02812403          	lw	s0,40(sp)
    1690:	03010113          	addi	sp,sp,48
    1694:	00008067          	ret

00001698 <fp_lock_acquire>:

void fp_lock_acquire(fp_lock_t* lock) {
    1698:	fe010113          	addi	sp,sp,-32
    169c:	00112e23          	sw	ra,28(sp)
    16a0:	00812c23          	sw	s0,24(sp)
    16a4:	02010413          	addi	s0,sp,32
    16a8:	fea42623          	sw	a0,-20(s0)
    // Spin lock
    while(do_acquire(lock));
    16ac:	00000013          	nop
    16b0:	fec42503          	lw	a0,-20(s0)
    16b4:	f31ff0ef          	jal	15e4 <do_acquire>
    16b8:	00050793          	mv	a5,a0
    16bc:	fe079ae3          	bnez	a5,16b0 <fp_lock_acquire+0x18>
}
    16c0:	00000013          	nop
    16c4:	00000013          	nop
    16c8:	01c12083          	lw	ra,28(sp)
    16cc:	01812403          	lw	s0,24(sp)
    16d0:	02010113          	addi	sp,sp,32
    16d4:	00008067          	ret

000016d8 <fp_lock_release>:

void fp_lock_release(fp_lock_t* lock) {
    16d8:	fd010113          	addi	sp,sp,-48
    16dc:	02112623          	sw	ra,44(sp)
    16e0:	02812423          	sw	s0,40(sp)
    16e4:	03010413          	addi	s0,sp,48
    16e8:	fca42e23          	sw	a0,-36(s0)
    fp_hwlock_acquire();
    16ec:	e4dff0ef          	jal	1538 <fp_hwlock_acquire>
    fp_assert(read_hartid() == lock->owner, 
    16f0:	50b027f3          	csrr	a5,0x50b
    16f4:	fef42423          	sw	a5,-24(s0)
    16f8:	fe842783          	lw	a5,-24(s0)
    16fc:	fdc42703          	lw	a4,-36(s0)
    1700:	00472703          	lw	a4,4(a4)
    1704:	04e78863          	beq	a5,a4,1754 <fp_lock_release+0x7c>
    1708:	02e00693          	li	a3,46
    170c:	64618613          	addi	a2,gp,1606 # 20000d3c <__func__.0>
    1710:	53e18593          	addi	a1,gp,1342 # 20000c34 <__func__.1+0x18>
    1714:	56218513          	addi	a0,gp,1378 # 20000c58 <__func__.1+0x3c>
    1718:	7e0010ef          	jal	2ef8 <printf>
    171c:	50b027f3          	csrr	a5,0x50b
    1720:	fef42623          	sw	a5,-20(s0)
    1724:	fec42703          	lw	a4,-20(s0)
    1728:	fdc42783          	lw	a5,-36(s0)
    172c:	0047a783          	lw	a5,4(a5)
    1730:	00078613          	mv	a2,a5
    1734:	00070593          	mv	a1,a4
    1738:	5ae18513          	addi	a0,gp,1454 # 20000ca4 <__func__.1+0x88>
    173c:	7bc010ef          	jal	2ef8 <printf>
    1740:	02e00513          	li	a0,46
    1744:	848ff0ef          	jal	78c <gpo_set_ledmask>
    1748:	deadc7b7          	lui	a5,0xdeadc
    174c:	eef78513          	addi	a0,a5,-273 # deadbeef <BUS_END+0x9eadbaef>
    1750:	f65fe0ef          	jal	6b4 <write_tohost>
        "Attempt to release lock not owned by thread. thread id: %i, lock->owner: %i\n", 
        (int) read_hartid(), (int) lock->owner);
    fp_assert(lock->count > 0, 
    1754:	fdc42783          	lw	a5,-36(s0)
    1758:	0087a783          	lw	a5,8(a5)
    175c:	04079063          	bnez	a5,179c <fp_lock_release+0xc4>
    1760:	03100693          	li	a3,49
    1764:	64618613          	addi	a2,gp,1606 # 20000d3c <__func__.0>
    1768:	53e18593          	addi	a1,gp,1342 # 20000c34 <__func__.1+0x18>
    176c:	56218513          	addi	a0,gp,1378 # 20000c58 <__func__.1+0x3c>
    1770:	788010ef          	jal	2ef8 <printf>
    1774:	fdc42783          	lw	a5,-36(s0)
    1778:	0087a783          	lw	a5,8(a5)
    177c:	00078593          	mv	a1,a5
    1780:	5fe18513          	addi	a0,gp,1534 # 20000cf4 <__func__.1+0xd8>
    1784:	774010ef          	jal	2ef8 <printf>
    1788:	03100513          	li	a0,49
    178c:	800ff0ef          	jal	78c <gpo_set_ledmask>
    1790:	deadc7b7          	lui	a5,0xdeadc
    1794:	eef78513          	addi	a0,a5,-273 # deadbeef <BUS_END+0x9eadbaef>
    1798:	f1dfe0ef          	jal	6b4 <write_tohost>
        "Attempt to relase lock with count <= 0: count: %i\n", (int) lock->count);
    if (--lock->count == 0) {
    179c:	fdc42783          	lw	a5,-36(s0)
    17a0:	0087a783          	lw	a5,8(a5)
    17a4:	fff78713          	addi	a4,a5,-1
    17a8:	fdc42783          	lw	a5,-36(s0)
    17ac:	00e7a423          	sw	a4,8(a5)
    17b0:	fdc42783          	lw	a5,-36(s0)
    17b4:	0087a783          	lw	a5,8(a5)
    17b8:	00079c63          	bnez	a5,17d0 <fp_lock_release+0xf8>
        lock->locked = false;
    17bc:	fdc42783          	lw	a5,-36(s0)
    17c0:	00078023          	sb	zero,0(a5)
        lock->owner  = UINT32_MAX;
    17c4:	fdc42783          	lw	a5,-36(s0)
    17c8:	fff00713          	li	a4,-1
    17cc:	00e7a223          	sw	a4,4(a5)
    }
    fp_hwlock_release();
    17d0:	da9ff0ef          	jal	1578 <fp_hwlock_release>
}
    17d4:	00000013          	nop
    17d8:	02c12083          	lw	ra,44(sp)
    17dc:	02812403          	lw	s0,40(sp)
    17e0:	03010113          	addi	sp,sp,48
    17e4:	00008067          	ret

000017e8 <thread_ctx_switch_store>:
    add a0, a0, a1
.endm

thread_ctx_switch_store:
    // Disable interrupts
    csrci CSR_STATUS, 0x10
    17e8:	50a87073          	csrci	0x50a,16

    // Push a0, a1 to stack
    addi sp, sp, -32
    17ec:	fe010113          	addi	sp,sp,-32
    sw a0, 28(sp)
    17f0:	00a12e23          	sw	a0,28(sp)
    sw a1, 24(sp)
    17f4:	00b12c23          	sw	a1,24(sp)

    getContexts
    17f8:	20000517          	auipc	a0,0x20000
    17fc:	c6850513          	addi	a0,a0,-920 # 20001460 <contexts>
    1800:	50b025f3          	csrr	a1,0x50b
    1804:	00759593          	slli	a1,a1,0x7
    1808:	00b50533          	add	a0,a0,a1

    // Store all registers
    // x0 is hard-wired to zero so no reason to store it
    sw x1,  ( 0 * 4)(a0)
    180c:	00152023          	sw	ra,0(a0)
    sw x2,  ( 1 * 4)(a0)
    1810:	00252223          	sw	sp,4(a0)
    sw x3,  ( 2 * 4)(a0)
    1814:	00352423          	sw	gp,8(a0)
    sw x4,  ( 3 * 4)(a0)
    1818:	00452623          	sw	tp,12(a0)
    sw x5,  ( 4 * 4)(a0)
    181c:	00552823          	sw	t0,16(a0)
    sw x6,  ( 5 * 4)(a0)
    1820:	00652a23          	sw	t1,20(a0)
    sw x7,  ( 6 * 4)(a0)
    1824:	00752c23          	sw	t2,24(a0)
    sw x8,  ( 7 * 4)(a0)
    1828:	00852e23          	sw	s0,28(a0)
    sw x9,  ( 8 * 4)(a0)
    182c:	02952023          	sw	s1,32(a0)
    sw x10, ( 9 * 4)(a0)
    1830:	02a52223          	sw	a0,36(a0)
    sw x11, (10 * 4)(a0)
    1834:	02b52423          	sw	a1,40(a0)
    sw x12, (11 * 4)(a0)
    1838:	02c52623          	sw	a2,44(a0)
    sw x13, (12 * 4)(a0)
    183c:	02d52823          	sw	a3,48(a0)
    sw x14, (13 * 4)(a0)
    1840:	02e52a23          	sw	a4,52(a0)
    sw x15, (14 * 4)(a0)
    1844:	02f52c23          	sw	a5,56(a0)
    sw x16, (15 * 4)(a0)
    1848:	03052e23          	sw	a6,60(a0)
    sw x17, (16 * 4)(a0)
    184c:	05152023          	sw	a7,64(a0)
    sw x18, (17 * 4)(a0)
    1850:	05252223          	sw	s2,68(a0)
    sw x19, (18 * 4)(a0)
    1854:	05352423          	sw	s3,72(a0)
    sw x20, (19 * 4)(a0)
    1858:	05452623          	sw	s4,76(a0)
    sw x21, (20 * 4)(a0)
    185c:	05552823          	sw	s5,80(a0)
    sw x22, (21 * 4)(a0)
    1860:	05652a23          	sw	s6,84(a0)
    sw x23, (22 * 4)(a0)
    1864:	05752c23          	sw	s7,88(a0)
    sw x24, (23 * 4)(a0)
    1868:	05852e23          	sw	s8,92(a0)
    sw x25, (24 * 4)(a0)
    186c:	07952023          	sw	s9,96(a0)
    sw x26, (25 * 4)(a0)
    1870:	07a52223          	sw	s10,100(a0)
    sw x27, (26 * 4)(a0)
    1874:	07b52423          	sw	s11,104(a0)
    sw x28, (27 * 4)(a0)
    1878:	07c52623          	sw	t3,108(a0)
    sw x29, (28 * 4)(a0)
    187c:	07d52823          	sw	t4,112(a0)
    sw x30, (29 * 4)(a0)
    1880:	07e52a23          	sw	t5,116(a0)
    sw x31, (30 * 4)(a0)
    1884:	07f52c23          	sw	t6,120(a0)

    j fp_exception_handler
    1888:	a6dff06f          	j	12f4 <fp_exception_handler>

0000188c <thread_ctx_switch_load>:

.globl thread_ctx_switch_load
.type thread_ctx_switch_load,@function

thread_ctx_switch_load:
    getContexts
    188c:	20000517          	auipc	a0,0x20000
    1890:	bd450513          	addi	a0,a0,-1068 # 20001460 <contexts>
    1894:	50b025f3          	csrr	a1,0x50b
    1898:	00759593          	slli	a1,a1,0x7
    189c:	00b50533          	add	a0,a0,a1

    // Load all registers except the a0 itself
    // x0 is hard-wired to zero so no reason to store it
    lw x1,  ( 0 * 4)(a0)
    18a0:	00052083          	lw	ra,0(a0)
    lw x2,  ( 1 * 4)(a0)
    18a4:	00452103          	lw	sp,4(a0)
    lw x3,  ( 2 * 4)(a0)
    18a8:	00852183          	lw	gp,8(a0)
    lw x4,  ( 3 * 4)(a0)
    18ac:	00c52203          	lw	tp,12(a0)
    lw x5,  ( 4 * 4)(a0)
    18b0:	01052283          	lw	t0,16(a0)
    lw x6,  ( 5 * 4)(a0)
    18b4:	01452303          	lw	t1,20(a0)
    lw x7,  ( 6 * 4)(a0)
    18b8:	01852383          	lw	t2,24(a0)
    lw x8,  ( 7 * 4)(a0)
    18bc:	01c52403          	lw	s0,28(a0)
    lw x9,  ( 8 * 4)(a0)
    18c0:	02052483          	lw	s1,32(a0)
    // Skip x10 = a0 since it is on the stack
    // Skip x11 = a1 since it is on the stack
    lw x12, (11 * 4)(a0)
    18c4:	02c52603          	lw	a2,44(a0)
    lw x13, (12 * 4)(a0)
    18c8:	03052683          	lw	a3,48(a0)
    lw x14, (13 * 4)(a0)
    18cc:	03452703          	lw	a4,52(a0)
    lw x15, (14 * 4)(a0)
    18d0:	03852783          	lw	a5,56(a0)
    lw x16, (15 * 4)(a0)
    18d4:	03c52803          	lw	a6,60(a0)
    lw x17, (16 * 4)(a0)
    18d8:	04052883          	lw	a7,64(a0)
    lw x18, (17 * 4)(a0)
    18dc:	04452903          	lw	s2,68(a0)
    lw x19, (18 * 4)(a0)
    18e0:	04852983          	lw	s3,72(a0)
    lw x20, (19 * 4)(a0)
    18e4:	04c52a03          	lw	s4,76(a0)
    lw x21, (20 * 4)(a0)
    18e8:	05052a83          	lw	s5,80(a0)
    lw x22, (21 * 4)(a0)
    18ec:	05452b03          	lw	s6,84(a0)
    lw x23, (22 * 4)(a0)
    18f0:	05852b83          	lw	s7,88(a0)
    lw x24, (23 * 4)(a0)
    18f4:	05c52c03          	lw	s8,92(a0)
    lw x25, (24 * 4)(a0)
    18f8:	06052c83          	lw	s9,96(a0)
    lw x26, (25 * 4)(a0)
    18fc:	06452d03          	lw	s10,100(a0)
    lw x27, (26 * 4)(a0)
    1900:	06852d83          	lw	s11,104(a0)
    lw x28, (27 * 4)(a0)
    1904:	06c52e03          	lw	t3,108(a0)
    lw x29, (28 * 4)(a0)
    1908:	07052e83          	lw	t4,112(a0)
    lw x30, (29 * 4)(a0)
    190c:	07452f03          	lw	t5,116(a0)
    lw x31, (30 * 4)(a0)
    1910:	07852f83          	lw	t6,120(a0)
    
    // Load a0, a1 from stack
    lw a0, 28(sp)
    1914:	01c12503          	lw	a0,28(sp)
    lw a1, 24(sp)
    1918:	01812583          	lw	a1,24(sp)
    addi sp, sp, 32
    191c:	02010113          	addi	sp,sp,32

    // Clear interrupt pending bit
    csrci CSR_STATUS, 0x08
    1920:	50a47073          	csrci	0x50a,8

    // Write the register and set the interrupt bit again
    csrwi CSR_STATUS, 0x10
    1924:	50a85073          	csrwi	0x50a,16

    // Will jump to the address found in MEPC = Machine (mode) exception PC
    mret
    1928:	30200073          	mret

0000192c <putchar_via_gadget>:
// Note: This function currently assumes it is not passed a '\0' c,
// or alternatively, that '\0' can be passed to the function in the output
// gadget. The former assumption holds within the printf library. It also
// assumes that the output gadget has been properly initialized.
static inline void putchar_via_gadget(output_gadget_t* gadget, char c)
{
    192c:	fd010113          	addi	sp,sp,-48
    1930:	02112623          	sw	ra,44(sp)
    1934:	02812423          	sw	s0,40(sp)
    1938:	03010413          	addi	s0,sp,48
    193c:	fca42e23          	sw	a0,-36(s0)
    1940:	00058793          	mv	a5,a1
    1944:	fcf40da3          	sb	a5,-37(s0)
  printf_size_t write_pos = gadget->pos++;
    1948:	fdc42783          	lw	a5,-36(s0)
    194c:	00c7a783          	lw	a5,12(a5)
    1950:	00178693          	addi	a3,a5,1
    1954:	fdc42703          	lw	a4,-36(s0)
    1958:	00d72623          	sw	a3,12(a4)
    195c:	fef42623          	sw	a5,-20(s0)
    // We're _always_ increasing pos, so as to count how may characters
    // _would_ have been written if not for the max_chars limitation
  if (write_pos >= gadget->max_chars) {
    1960:	fdc42783          	lw	a5,-36(s0)
    1964:	0107a783          	lw	a5,16(a5)
    1968:	fec42703          	lw	a4,-20(s0)
    196c:	04f77863          	bgeu	a4,a5,19bc <putchar_via_gadget+0x90>
    return;
  }
  if (gadget->function != NULL) {
    1970:	fdc42783          	lw	a5,-36(s0)
    1974:	0007a783          	lw	a5,0(a5)
    1978:	02078463          	beqz	a5,19a0 <putchar_via_gadget+0x74>
    // No check for c == '\0' .
    gadget->function(c, gadget->extra_function_arg);
    197c:	fdc42783          	lw	a5,-36(s0)
    1980:	0007a783          	lw	a5,0(a5)
    1984:	fdc42703          	lw	a4,-36(s0)
    1988:	00472683          	lw	a3,4(a4)
    198c:	fdb44703          	lbu	a4,-37(s0)
    1990:	00068593          	mv	a1,a3
    1994:	00070513          	mv	a0,a4
    1998:	000780e7          	jalr	a5
    199c:	0240006f          	j	19c0 <putchar_via_gadget+0x94>
  }
  else {
    // it must be the case that gadget->buffer != NULL , due to the constraint
    // on output_gadget_t ; and note we're relying on write_pos being non-negative.
    gadget->buffer[write_pos] = c;
    19a0:	fdc42783          	lw	a5,-36(s0)
    19a4:	0087a703          	lw	a4,8(a5)
    19a8:	fec42783          	lw	a5,-20(s0)
    19ac:	00f707b3          	add	a5,a4,a5
    19b0:	fdb44703          	lbu	a4,-37(s0)
    19b4:	00e78023          	sb	a4,0(a5)
    19b8:	0080006f          	j	19c0 <putchar_via_gadget+0x94>
    return;
    19bc:	00000013          	nop
  }
}
    19c0:	02c12083          	lw	ra,44(sp)
    19c4:	02812403          	lw	s0,40(sp)
    19c8:	03010113          	addi	sp,sp,48
    19cc:	00008067          	ret

000019d0 <append_termination_with_gadget>:

// Possibly-write the string-terminating '\0' character
static inline void append_termination_with_gadget(output_gadget_t* gadget)
{
    19d0:	fd010113          	addi	sp,sp,-48
    19d4:	02112623          	sw	ra,44(sp)
    19d8:	02812423          	sw	s0,40(sp)
    19dc:	03010413          	addi	s0,sp,48
    19e0:	fca42e23          	sw	a0,-36(s0)
  if (gadget->function != NULL || gadget->max_chars == 0) {
    19e4:	fdc42783          	lw	a5,-36(s0)
    19e8:	0007a783          	lw	a5,0(a5)
    19ec:	06079263          	bnez	a5,1a50 <append_termination_with_gadget+0x80>
    19f0:	fdc42783          	lw	a5,-36(s0)
    19f4:	0107a783          	lw	a5,16(a5)
    19f8:	04078c63          	beqz	a5,1a50 <append_termination_with_gadget+0x80>
    return;
  }
  if (gadget->buffer == NULL) {
    19fc:	fdc42783          	lw	a5,-36(s0)
    1a00:	0087a783          	lw	a5,8(a5)
    1a04:	04078a63          	beqz	a5,1a58 <append_termination_with_gadget+0x88>
    return;
  }
  printf_size_t null_char_pos = gadget->pos < gadget->max_chars ? gadget->pos : gadget->max_chars - 1;
    1a08:	fdc42783          	lw	a5,-36(s0)
    1a0c:	00c7a703          	lw	a4,12(a5)
    1a10:	fdc42783          	lw	a5,-36(s0)
    1a14:	0107a783          	lw	a5,16(a5)
    1a18:	00f77863          	bgeu	a4,a5,1a28 <append_termination_with_gadget+0x58>
    1a1c:	fdc42783          	lw	a5,-36(s0)
    1a20:	00c7a783          	lw	a5,12(a5)
    1a24:	0100006f          	j	1a34 <append_termination_with_gadget+0x64>
    1a28:	fdc42783          	lw	a5,-36(s0)
    1a2c:	0107a783          	lw	a5,16(a5)
    1a30:	fff78793          	addi	a5,a5,-1
    1a34:	fef42623          	sw	a5,-20(s0)
  gadget->buffer[null_char_pos] = '\0';
    1a38:	fdc42783          	lw	a5,-36(s0)
    1a3c:	0087a703          	lw	a4,8(a5)
    1a40:	fec42783          	lw	a5,-20(s0)
    1a44:	00f707b3          	add	a5,a4,a5
    1a48:	00078023          	sb	zero,0(a5)
    1a4c:	0100006f          	j	1a5c <append_termination_with_gadget+0x8c>
    return;
    1a50:	00000013          	nop
    1a54:	0080006f          	j	1a5c <append_termination_with_gadget+0x8c>
    return;
    1a58:	00000013          	nop
}
    1a5c:	02c12083          	lw	ra,44(sp)
    1a60:	02812403          	lw	s0,40(sp)
    1a64:	03010113          	addi	sp,sp,48
    1a68:	00008067          	ret

00001a6c <putchar_wrapper>:

// We can't use putchar_ as is, since our output gadget
// only takes pointers to functions with an extra argument
static inline void putchar_wrapper(char c, void* unused)
{
    1a6c:	fe010113          	addi	sp,sp,-32
    1a70:	00112e23          	sw	ra,28(sp)
    1a74:	00812c23          	sw	s0,24(sp)
    1a78:	02010413          	addi	s0,sp,32
    1a7c:	00050793          	mv	a5,a0
    1a80:	feb42423          	sw	a1,-24(s0)
    1a84:	fef407a3          	sb	a5,-17(s0)
  (void) unused;
  putchar_(c);
    1a88:	fef44783          	lbu	a5,-17(s0)
    1a8c:	00078513          	mv	a0,a5
    1a90:	afdfe0ef          	jal	58c <putchar_>
}
    1a94:	00000013          	nop
    1a98:	01c12083          	lw	ra,28(sp)
    1a9c:	01812403          	lw	s0,24(sp)
    1aa0:	02010113          	addi	sp,sp,32
    1aa4:	00008067          	ret

00001aa8 <discarding_gadget>:

static inline output_gadget_t discarding_gadget(void)
{
    1aa8:	fc010113          	addi	sp,sp,-64
    1aac:	02112e23          	sw	ra,60(sp)
    1ab0:	02812c23          	sw	s0,56(sp)
    1ab4:	04010413          	addi	s0,sp,64
    1ab8:	fca42623          	sw	a0,-52(s0)
  output_gadget_t gadget;
  gadget.function = NULL;
    1abc:	fc042e23          	sw	zero,-36(s0)
  gadget.extra_function_arg = NULL;
    1ac0:	fe042023          	sw	zero,-32(s0)
  gadget.buffer = NULL;
    1ac4:	fe042223          	sw	zero,-28(s0)
  gadget.pos = 0;
    1ac8:	fe042423          	sw	zero,-24(s0)
  gadget.max_chars = 0;
    1acc:	fe042623          	sw	zero,-20(s0)
  return gadget;
    1ad0:	fcc42783          	lw	a5,-52(s0)
    1ad4:	fdc42503          	lw	a0,-36(s0)
    1ad8:	fe042583          	lw	a1,-32(s0)
    1adc:	fe442603          	lw	a2,-28(s0)
    1ae0:	fe842683          	lw	a3,-24(s0)
    1ae4:	fec42703          	lw	a4,-20(s0)
    1ae8:	00a7a023          	sw	a0,0(a5)
    1aec:	00b7a223          	sw	a1,4(a5)
    1af0:	00c7a423          	sw	a2,8(a5)
    1af4:	00d7a623          	sw	a3,12(a5)
    1af8:	00e7a823          	sw	a4,16(a5)
}
    1afc:	fcc42503          	lw	a0,-52(s0)
    1b00:	03c12083          	lw	ra,60(sp)
    1b04:	03812403          	lw	s0,56(sp)
    1b08:	04010113          	addi	sp,sp,64
    1b0c:	00008067          	ret

00001b10 <function_gadget>:
  }
  return result;
}

static inline output_gadget_t function_gadget(void (*function)(char, void*), void* extra_arg)
{
    1b10:	fc010113          	addi	sp,sp,-64
    1b14:	02112e23          	sw	ra,60(sp)
    1b18:	02812c23          	sw	s0,56(sp)
    1b1c:	04010413          	addi	s0,sp,64
    1b20:	fca42623          	sw	a0,-52(s0)
    1b24:	fcb42423          	sw	a1,-56(s0)
    1b28:	fcc42223          	sw	a2,-60(s0)
  output_gadget_t result = discarding_gadget();
    1b2c:	fdc40793          	addi	a5,s0,-36
    1b30:	00078513          	mv	a0,a5
    1b34:	f75ff0ef          	jal	1aa8 <discarding_gadget>
  result.function = function;
    1b38:	fc842783          	lw	a5,-56(s0)
    1b3c:	fcf42e23          	sw	a5,-36(s0)
  result.extra_function_arg = extra_arg;
    1b40:	fc442783          	lw	a5,-60(s0)
    1b44:	fef42023          	sw	a5,-32(s0)
  result.max_chars = PRINTF_MAX_POSSIBLE_BUFFER_SIZE;
    1b48:	800007b7          	lui	a5,0x80000
    1b4c:	fff78793          	addi	a5,a5,-1 # 7fffffff <BUS_END+0x3ffffbff>
    1b50:	fef42623          	sw	a5,-20(s0)
  return result;
    1b54:	fcc42783          	lw	a5,-52(s0)
    1b58:	fdc42503          	lw	a0,-36(s0)
    1b5c:	fe042583          	lw	a1,-32(s0)
    1b60:	fe442603          	lw	a2,-28(s0)
    1b64:	fe842683          	lw	a3,-24(s0)
    1b68:	fec42703          	lw	a4,-20(s0)
    1b6c:	00a7a023          	sw	a0,0(a5)
    1b70:	00b7a223          	sw	a1,4(a5)
    1b74:	00c7a423          	sw	a2,8(a5)
    1b78:	00d7a623          	sw	a3,12(a5)
    1b7c:	00e7a823          	sw	a4,16(a5)
}
    1b80:	fcc42503          	lw	a0,-52(s0)
    1b84:	03c12083          	lw	ra,60(sp)
    1b88:	03812403          	lw	s0,56(sp)
    1b8c:	04010113          	addi	sp,sp,64
    1b90:	00008067          	ret

00001b94 <extern_putchar_gadget>:

static inline output_gadget_t extern_putchar_gadget(void)
{
    1b94:	fe010113          	addi	sp,sp,-32
    1b98:	00112e23          	sw	ra,28(sp)
    1b9c:	00812c23          	sw	s0,24(sp)
    1ba0:	02010413          	addi	s0,sp,32
    1ba4:	fea42623          	sw	a0,-20(s0)
  return function_gadget(putchar_wrapper, NULL);
    1ba8:	fec42703          	lw	a4,-20(s0)
    1bac:	00000613          	li	a2,0
    1bb0:	000027b7          	lui	a5,0x2
    1bb4:	a6c78593          	addi	a1,a5,-1428 # 1a6c <putchar_wrapper>
    1bb8:	00070513          	mv	a0,a4
    1bbc:	f55ff0ef          	jal	1b10 <function_gadget>
}
    1bc0:	fec42503          	lw	a0,-20(s0)
    1bc4:	01c12083          	lw	ra,28(sp)
    1bc8:	01812403          	lw	s0,24(sp)
    1bcc:	02010113          	addi	sp,sp,32
    1bd0:	00008067          	ret

00001bd4 <strnlen_s_>:
// internal secure strlen
// @return The length of the string (excluding the terminating 0) limited by 'maxsize'
// @note strlen uses size_t, but wes only use this function with printf_size_t
// variables - hence the signature.
static inline printf_size_t strnlen_s_(const char* str, printf_size_t maxsize)
{
    1bd4:	fd010113          	addi	sp,sp,-48
    1bd8:	02112623          	sw	ra,44(sp)
    1bdc:	02812423          	sw	s0,40(sp)
    1be0:	03010413          	addi	s0,sp,48
    1be4:	fca42e23          	sw	a0,-36(s0)
    1be8:	fcb42c23          	sw	a1,-40(s0)
  const char* s;
  for (s = str; *s && maxsize--; ++s);
    1bec:	fdc42783          	lw	a5,-36(s0)
    1bf0:	fef42623          	sw	a5,-20(s0)
    1bf4:	0100006f          	j	1c04 <strnlen_s_+0x30>
    1bf8:	fec42783          	lw	a5,-20(s0)
    1bfc:	00178793          	addi	a5,a5,1
    1c00:	fef42623          	sw	a5,-20(s0)
    1c04:	fec42783          	lw	a5,-20(s0)
    1c08:	0007c783          	lbu	a5,0(a5)
    1c0c:	00078a63          	beqz	a5,1c20 <strnlen_s_+0x4c>
    1c10:	fd842783          	lw	a5,-40(s0)
    1c14:	fff78713          	addi	a4,a5,-1
    1c18:	fce42c23          	sw	a4,-40(s0)
    1c1c:	fc079ee3          	bnez	a5,1bf8 <strnlen_s_+0x24>
  return (printf_size_t)(s - str);
    1c20:	fec42703          	lw	a4,-20(s0)
    1c24:	fdc42783          	lw	a5,-36(s0)
    1c28:	40f707b3          	sub	a5,a4,a5
}
    1c2c:	00078513          	mv	a0,a5
    1c30:	02c12083          	lw	ra,44(sp)
    1c34:	02812403          	lw	s0,40(sp)
    1c38:	03010113          	addi	sp,sp,48
    1c3c:	00008067          	ret

00001c40 <is_digit_>:


// internal test if char is a digit (0-9)
// @return true if char is a digit
static inline bool is_digit_(char ch)
{
    1c40:	fe010113          	addi	sp,sp,-32
    1c44:	00112e23          	sw	ra,28(sp)
    1c48:	00812c23          	sw	s0,24(sp)
    1c4c:	02010413          	addi	s0,sp,32
    1c50:	00050793          	mv	a5,a0
    1c54:	fef407a3          	sb	a5,-17(s0)
  return (ch >= '0') && (ch <= '9');
    1c58:	fef44703          	lbu	a4,-17(s0)
    1c5c:	02f00793          	li	a5,47
    1c60:	00e7fc63          	bgeu	a5,a4,1c78 <is_digit_+0x38>
    1c64:	fef44703          	lbu	a4,-17(s0)
    1c68:	03900793          	li	a5,57
    1c6c:	00e7e663          	bltu	a5,a4,1c78 <is_digit_+0x38>
    1c70:	00100793          	li	a5,1
    1c74:	0080006f          	j	1c7c <is_digit_+0x3c>
    1c78:	00000793          	li	a5,0
    1c7c:	0017f793          	andi	a5,a5,1
    1c80:	0ff7f793          	zext.b	a5,a5
}
    1c84:	00078513          	mv	a0,a5
    1c88:	01c12083          	lw	ra,28(sp)
    1c8c:	01812403          	lw	s0,24(sp)
    1c90:	02010113          	addi	sp,sp,32
    1c94:	00008067          	ret

00001c98 <atou_>:


// internal ASCII string to printf_size_t conversion
static printf_size_t atou_(const char** str)
{
    1c98:	fd010113          	addi	sp,sp,-48
    1c9c:	02112623          	sw	ra,44(sp)
    1ca0:	02812423          	sw	s0,40(sp)
    1ca4:	03010413          	addi	s0,sp,48
    1ca8:	fca42e23          	sw	a0,-36(s0)
  printf_size_t i = 0U;
    1cac:	fe042623          	sw	zero,-20(s0)
  while (is_digit_(**str)) {
    1cb0:	0400006f          	j	1cf0 <atou_+0x58>
    i = i * 10U + (printf_size_t)(*((*str)++) - '0');
    1cb4:	fec42703          	lw	a4,-20(s0)
    1cb8:	00070793          	mv	a5,a4
    1cbc:	00279793          	slli	a5,a5,0x2
    1cc0:	00e787b3          	add	a5,a5,a4
    1cc4:	00179793          	slli	a5,a5,0x1
    1cc8:	00078613          	mv	a2,a5
    1ccc:	fdc42783          	lw	a5,-36(s0)
    1cd0:	0007a783          	lw	a5,0(a5)
    1cd4:	00178693          	addi	a3,a5,1
    1cd8:	fdc42703          	lw	a4,-36(s0)
    1cdc:	00d72023          	sw	a3,0(a4)
    1ce0:	0007c783          	lbu	a5,0(a5)
    1ce4:	00f607b3          	add	a5,a2,a5
    1ce8:	fd078793          	addi	a5,a5,-48
    1cec:	fef42623          	sw	a5,-20(s0)
  while (is_digit_(**str)) {
    1cf0:	fdc42783          	lw	a5,-36(s0)
    1cf4:	0007a783          	lw	a5,0(a5)
    1cf8:	0007c783          	lbu	a5,0(a5)
    1cfc:	00078513          	mv	a0,a5
    1d00:	f41ff0ef          	jal	1c40 <is_digit_>
    1d04:	00050793          	mv	a5,a0
    1d08:	fa0796e3          	bnez	a5,1cb4 <atou_+0x1c>
  }
  return i;
    1d0c:	fec42783          	lw	a5,-20(s0)
}
    1d10:	00078513          	mv	a0,a5
    1d14:	02c12083          	lw	ra,44(sp)
    1d18:	02812403          	lw	s0,40(sp)
    1d1c:	03010113          	addi	sp,sp,48
    1d20:	00008067          	ret

00001d24 <out_rev_>:


// output the specified string in reverse, taking care of any zero-padding
static void out_rev_(output_gadget_t* output, const char* buf, printf_size_t len, printf_size_t width, printf_flags_t flags)
{
    1d24:	fc010113          	addi	sp,sp,-64
    1d28:	02112e23          	sw	ra,60(sp)
    1d2c:	02812c23          	sw	s0,56(sp)
    1d30:	04010413          	addi	s0,sp,64
    1d34:	fca42e23          	sw	a0,-36(s0)
    1d38:	fcb42c23          	sw	a1,-40(s0)
    1d3c:	fcc42a23          	sw	a2,-44(s0)
    1d40:	fcd42823          	sw	a3,-48(s0)
    1d44:	fce42623          	sw	a4,-52(s0)
  const printf_size_t start_pos = output->pos;
    1d48:	fdc42783          	lw	a5,-36(s0)
    1d4c:	00c7a783          	lw	a5,12(a5)
    1d50:	fef42423          	sw	a5,-24(s0)

  // pad spaces up to given width
  if (!(flags & FLAGS_LEFT) && !(flags & FLAGS_ZEROPAD)) {
    1d54:	fcc42783          	lw	a5,-52(s0)
    1d58:	0027f793          	andi	a5,a5,2
    1d5c:	06079663          	bnez	a5,1dc8 <out_rev_+0xa4>
    1d60:	fcc42783          	lw	a5,-52(s0)
    1d64:	0017f793          	andi	a5,a5,1
    1d68:	06079063          	bnez	a5,1dc8 <out_rev_+0xa4>
    for (printf_size_t i = len; i < width; i++) {
    1d6c:	fd442783          	lw	a5,-44(s0)
    1d70:	fef42623          	sw	a5,-20(s0)
    1d74:	01c0006f          	j	1d90 <out_rev_+0x6c>
      putchar_via_gadget(output, ' ');
    1d78:	02000593          	li	a1,32
    1d7c:	fdc42503          	lw	a0,-36(s0)
    1d80:	badff0ef          	jal	192c <putchar_via_gadget>
    for (printf_size_t i = len; i < width; i++) {
    1d84:	fec42783          	lw	a5,-20(s0)
    1d88:	00178793          	addi	a5,a5,1
    1d8c:	fef42623          	sw	a5,-20(s0)
    1d90:	fec42703          	lw	a4,-20(s0)
    1d94:	fd042783          	lw	a5,-48(s0)
    1d98:	fef760e3          	bltu	a4,a5,1d78 <out_rev_+0x54>
    }
  }

  // reverse string
  while (len) {
    1d9c:	02c0006f          	j	1dc8 <out_rev_+0xa4>
    putchar_via_gadget(output, buf[--len]);
    1da0:	fd442783          	lw	a5,-44(s0)
    1da4:	fff78793          	addi	a5,a5,-1
    1da8:	fcf42a23          	sw	a5,-44(s0)
    1dac:	fd842703          	lw	a4,-40(s0)
    1db0:	fd442783          	lw	a5,-44(s0)
    1db4:	00f707b3          	add	a5,a4,a5
    1db8:	0007c783          	lbu	a5,0(a5)
    1dbc:	00078593          	mv	a1,a5
    1dc0:	fdc42503          	lw	a0,-36(s0)
    1dc4:	b69ff0ef          	jal	192c <putchar_via_gadget>
  while (len) {
    1dc8:	fd442783          	lw	a5,-44(s0)
    1dcc:	fc079ae3          	bnez	a5,1da0 <out_rev_+0x7c>
  }

  // append pad spaces up to given width
  if (flags & FLAGS_LEFT) {
    1dd0:	fcc42783          	lw	a5,-52(s0)
    1dd4:	0027f793          	andi	a5,a5,2
    1dd8:	02078663          	beqz	a5,1e04 <out_rev_+0xe0>
    while (output->pos - start_pos < width) {
    1ddc:	0100006f          	j	1dec <out_rev_+0xc8>
      putchar_via_gadget(output, ' ');
    1de0:	02000593          	li	a1,32
    1de4:	fdc42503          	lw	a0,-36(s0)
    1de8:	b45ff0ef          	jal	192c <putchar_via_gadget>
    while (output->pos - start_pos < width) {
    1dec:	fdc42783          	lw	a5,-36(s0)
    1df0:	00c7a703          	lw	a4,12(a5)
    1df4:	fe842783          	lw	a5,-24(s0)
    1df8:	40f707b3          	sub	a5,a4,a5
    1dfc:	fd042703          	lw	a4,-48(s0)
    1e00:	fee7e0e3          	bltu	a5,a4,1de0 <out_rev_+0xbc>
    }
  }
}
    1e04:	00000013          	nop
    1e08:	03c12083          	lw	ra,60(sp)
    1e0c:	03812403          	lw	s0,56(sp)
    1e10:	04010113          	addi	sp,sp,64
    1e14:	00008067          	ret

00001e18 <print_integer_finalization>:


// Invoked by print_integer after the actual number has been printed, performing necessary
// work on the number's prefix (as the number is initially printed in reverse order)
static void print_integer_finalization(output_gadget_t* output, char* buf, printf_size_t len, bool negative, numeric_base_t base, printf_size_t precision, printf_size_t width, printf_flags_t flags)
{
    1e18:	fc010113          	addi	sp,sp,-64
    1e1c:	02112e23          	sw	ra,60(sp)
    1e20:	02812c23          	sw	s0,56(sp)
    1e24:	04010413          	addi	s0,sp,64
    1e28:	fca42e23          	sw	a0,-36(s0)
    1e2c:	fcb42c23          	sw	a1,-40(s0)
    1e30:	fcc42a23          	sw	a2,-44(s0)
    1e34:	fcf42623          	sw	a5,-52(s0)
    1e38:	fd042423          	sw	a6,-56(s0)
    1e3c:	fd142223          	sw	a7,-60(s0)
    1e40:	00068793          	mv	a5,a3
    1e44:	fcf409a3          	sb	a5,-45(s0)
    1e48:	00070793          	mv	a5,a4
    1e4c:	fcf40923          	sb	a5,-46(s0)
  printf_size_t unpadded_len = len;
    1e50:	fd442783          	lw	a5,-44(s0)
    1e54:	fef42623          	sw	a5,-20(s0)

  // pad with leading zeros
  {
    if (!(flags & FLAGS_LEFT)) {
    1e58:	fc442783          	lw	a5,-60(s0)
    1e5c:	0027f793          	andi	a5,a5,2
    1e60:	08079e63          	bnez	a5,1efc <print_integer_finalization+0xe4>
      if (width && (flags & FLAGS_ZEROPAD) && (negative || (flags & (FLAGS_PLUS | FLAGS_SPACE)))) {
    1e64:	fc842783          	lw	a5,-56(s0)
    1e68:	04078863          	beqz	a5,1eb8 <print_integer_finalization+0xa0>
    1e6c:	fc442783          	lw	a5,-60(s0)
    1e70:	0017f793          	andi	a5,a5,1
    1e74:	04078263          	beqz	a5,1eb8 <print_integer_finalization+0xa0>
    1e78:	fd344783          	lbu	a5,-45(s0)
    1e7c:	00079863          	bnez	a5,1e8c <print_integer_finalization+0x74>
    1e80:	fc442783          	lw	a5,-60(s0)
    1e84:	00c7f793          	andi	a5,a5,12
    1e88:	02078863          	beqz	a5,1eb8 <print_integer_finalization+0xa0>
        width--;
    1e8c:	fc842783          	lw	a5,-56(s0)
    1e90:	fff78793          	addi	a5,a5,-1
    1e94:	fcf42423          	sw	a5,-56(s0)
      }
      while ((flags & FLAGS_ZEROPAD) && (len < width) && (len < PRINTF_INTEGER_BUFFER_SIZE)) {
    1e98:	0200006f          	j	1eb8 <print_integer_finalization+0xa0>
        buf[len++] = '0';
    1e9c:	fd442783          	lw	a5,-44(s0)
    1ea0:	00178713          	addi	a4,a5,1
    1ea4:	fce42a23          	sw	a4,-44(s0)
    1ea8:	fd842703          	lw	a4,-40(s0)
    1eac:	00f707b3          	add	a5,a4,a5
    1eb0:	03000713          	li	a4,48
    1eb4:	00e78023          	sb	a4,0(a5)
      while ((flags & FLAGS_ZEROPAD) && (len < width) && (len < PRINTF_INTEGER_BUFFER_SIZE)) {
    1eb8:	fc442783          	lw	a5,-60(s0)
    1ebc:	0017f793          	andi	a5,a5,1
    1ec0:	02078e63          	beqz	a5,1efc <print_integer_finalization+0xe4>
    1ec4:	fd442703          	lw	a4,-44(s0)
    1ec8:	fc842783          	lw	a5,-56(s0)
    1ecc:	02f77863          	bgeu	a4,a5,1efc <print_integer_finalization+0xe4>
    1ed0:	fd442703          	lw	a4,-44(s0)
    1ed4:	01f00793          	li	a5,31
    1ed8:	fce7f2e3          	bgeu	a5,a4,1e9c <print_integer_finalization+0x84>
      }
    }

    while ((len < precision) && (len < PRINTF_INTEGER_BUFFER_SIZE)) {
    1edc:	0200006f          	j	1efc <print_integer_finalization+0xe4>
      buf[len++] = '0';
    1ee0:	fd442783          	lw	a5,-44(s0)
    1ee4:	00178713          	addi	a4,a5,1
    1ee8:	fce42a23          	sw	a4,-44(s0)
    1eec:	fd842703          	lw	a4,-40(s0)
    1ef0:	00f707b3          	add	a5,a4,a5
    1ef4:	03000713          	li	a4,48
    1ef8:	00e78023          	sb	a4,0(a5)
    while ((len < precision) && (len < PRINTF_INTEGER_BUFFER_SIZE)) {
    1efc:	fd442703          	lw	a4,-44(s0)
    1f00:	fcc42783          	lw	a5,-52(s0)
    1f04:	00f77863          	bgeu	a4,a5,1f14 <print_integer_finalization+0xfc>
    1f08:	fd442703          	lw	a4,-44(s0)
    1f0c:	01f00793          	li	a5,31
    1f10:	fce7f8e3          	bgeu	a5,a4,1ee0 <print_integer_finalization+0xc8>
    }

    if (base == BASE_OCTAL && (len > unpadded_len)) {
    1f14:	fd244703          	lbu	a4,-46(s0)
    1f18:	00800793          	li	a5,8
    1f1c:	00f71e63          	bne	a4,a5,1f38 <print_integer_finalization+0x120>
    1f20:	fd442703          	lw	a4,-44(s0)
    1f24:	fec42783          	lw	a5,-20(s0)
    1f28:	00e7f863          	bgeu	a5,a4,1f38 <print_integer_finalization+0x120>
      // Since we've written some zeros, we've satisfied the alternative format leading space requirement
      flags &= ~FLAGS_HASH;
    1f2c:	fc442783          	lw	a5,-60(s0)
    1f30:	fef7f793          	andi	a5,a5,-17
    1f34:	fcf42223          	sw	a5,-60(s0)
    }
  }

  // handle hash
  if (flags & (FLAGS_HASH | FLAGS_POINTER)) {
    1f38:	fc442703          	lw	a4,-60(s0)
    1f3c:	000027b7          	lui	a5,0x2
    1f40:	01078793          	addi	a5,a5,16 # 2010 <TOTAL_STACKSIZES+0x10>
    1f44:	00f777b3          	and	a5,a4,a5
    1f48:	16078663          	beqz	a5,20b4 <TOTAL_STACKSIZES+0xb4>
    if (!(flags & FLAGS_PRECISION) && len && ((len == precision) || (len == width))) {
    1f4c:	fc442703          	lw	a4,-60(s0)
    1f50:	000017b7          	lui	a5,0x1
    1f54:	80078793          	addi	a5,a5,-2048 # 800 <STACKSIZE>
    1f58:	00f777b3          	and	a5,a4,a5
    1f5c:	06079a63          	bnez	a5,1fd0 <print_integer_finalization+0x1b8>
    1f60:	fd442783          	lw	a5,-44(s0)
    1f64:	06078663          	beqz	a5,1fd0 <print_integer_finalization+0x1b8>
    1f68:	fd442703          	lw	a4,-44(s0)
    1f6c:	fcc42783          	lw	a5,-52(s0)
    1f70:	00f70863          	beq	a4,a5,1f80 <print_integer_finalization+0x168>
    1f74:	fd442703          	lw	a4,-44(s0)
    1f78:	fc842783          	lw	a5,-56(s0)
    1f7c:	04f71a63          	bne	a4,a5,1fd0 <print_integer_finalization+0x1b8>
      // Let's take back some padding digits to fit in what will eventually
      // be the format-specific prefix
      if (unpadded_len < len) {
    1f80:	fec42703          	lw	a4,-20(s0)
    1f84:	fd442783          	lw	a5,-44(s0)
    1f88:	00f77863          	bgeu	a4,a5,1f98 <print_integer_finalization+0x180>
        len--; // This should suffice for BASE_OCTAL
    1f8c:	fd442783          	lw	a5,-44(s0)
    1f90:	fff78793          	addi	a5,a5,-1
    1f94:	fcf42a23          	sw	a5,-44(s0)
      }
      if (len && (base == BASE_HEX || base == BASE_BINARY) && (unpadded_len < len)) {
    1f98:	fd442783          	lw	a5,-44(s0)
    1f9c:	02078a63          	beqz	a5,1fd0 <print_integer_finalization+0x1b8>
    1fa0:	fd244703          	lbu	a4,-46(s0)
    1fa4:	01000793          	li	a5,16
    1fa8:	00f70863          	beq	a4,a5,1fb8 <print_integer_finalization+0x1a0>
    1fac:	fd244703          	lbu	a4,-46(s0)
    1fb0:	00200793          	li	a5,2
    1fb4:	00f71e63          	bne	a4,a5,1fd0 <print_integer_finalization+0x1b8>
    1fb8:	fec42703          	lw	a4,-20(s0)
    1fbc:	fd442783          	lw	a5,-44(s0)
    1fc0:	00f77863          	bgeu	a4,a5,1fd0 <print_integer_finalization+0x1b8>
        len--; // ... and an extra one for 0x or 0b
    1fc4:	fd442783          	lw	a5,-44(s0)
    1fc8:	fff78793          	addi	a5,a5,-1
    1fcc:	fcf42a23          	sw	a5,-44(s0)
      }
    }
    if ((base == BASE_HEX) && !(flags & FLAGS_UPPERCASE) && (len < PRINTF_INTEGER_BUFFER_SIZE)) {
    1fd0:	fd244703          	lbu	a4,-46(s0)
    1fd4:	01000793          	li	a5,16
    1fd8:	02f71e63          	bne	a4,a5,2014 <TOTAL_STACKSIZES+0x14>
    1fdc:	fc442783          	lw	a5,-60(s0)
    1fe0:	0207f793          	andi	a5,a5,32
    1fe4:	02079863          	bnez	a5,2014 <TOTAL_STACKSIZES+0x14>
    1fe8:	fd442703          	lw	a4,-44(s0)
    1fec:	01f00793          	li	a5,31
    1ff0:	02e7e263          	bltu	a5,a4,2014 <TOTAL_STACKSIZES+0x14>
      buf[len++] = 'x';
    1ff4:	fd442783          	lw	a5,-44(s0)
    1ff8:	00178713          	addi	a4,a5,1
    1ffc:	fce42a23          	sw	a4,-44(s0)
    2000:	fd842703          	lw	a4,-40(s0)
    2004:	00f707b3          	add	a5,a4,a5
    2008:	07800713          	li	a4,120
    200c:	00e78023          	sb	a4,0(a5)
    2010:	07c0006f          	j	208c <TOTAL_STACKSIZES+0x8c>
    }
    else if ((base == BASE_HEX) && (flags & FLAGS_UPPERCASE) && (len < PRINTF_INTEGER_BUFFER_SIZE)) {
    2014:	fd244703          	lbu	a4,-46(s0)
    2018:	01000793          	li	a5,16
    201c:	02f71e63          	bne	a4,a5,2058 <TOTAL_STACKSIZES+0x58>
    2020:	fc442783          	lw	a5,-60(s0)
    2024:	0207f793          	andi	a5,a5,32
    2028:	02078863          	beqz	a5,2058 <TOTAL_STACKSIZES+0x58>
    202c:	fd442703          	lw	a4,-44(s0)
    2030:	01f00793          	li	a5,31
    2034:	02e7e263          	bltu	a5,a4,2058 <TOTAL_STACKSIZES+0x58>
      buf[len++] = 'X';
    2038:	fd442783          	lw	a5,-44(s0)
    203c:	00178713          	addi	a4,a5,1
    2040:	fce42a23          	sw	a4,-44(s0)
    2044:	fd842703          	lw	a4,-40(s0)
    2048:	00f707b3          	add	a5,a4,a5
    204c:	05800713          	li	a4,88
    2050:	00e78023          	sb	a4,0(a5)
    2054:	0380006f          	j	208c <TOTAL_STACKSIZES+0x8c>
    }
    else if ((base == BASE_BINARY) && (len < PRINTF_INTEGER_BUFFER_SIZE)) {
    2058:	fd244703          	lbu	a4,-46(s0)
    205c:	00200793          	li	a5,2
    2060:	02f71663          	bne	a4,a5,208c <TOTAL_STACKSIZES+0x8c>
    2064:	fd442703          	lw	a4,-44(s0)
    2068:	01f00793          	li	a5,31
    206c:	02e7e063          	bltu	a5,a4,208c <TOTAL_STACKSIZES+0x8c>
      buf[len++] = 'b';
    2070:	fd442783          	lw	a5,-44(s0)
    2074:	00178713          	addi	a4,a5,1
    2078:	fce42a23          	sw	a4,-44(s0)
    207c:	fd842703          	lw	a4,-40(s0)
    2080:	00f707b3          	add	a5,a4,a5
    2084:	06200713          	li	a4,98
    2088:	00e78023          	sb	a4,0(a5)
    }
    if (len < PRINTF_INTEGER_BUFFER_SIZE) {
    208c:	fd442703          	lw	a4,-44(s0)
    2090:	01f00793          	li	a5,31
    2094:	02e7e063          	bltu	a5,a4,20b4 <TOTAL_STACKSIZES+0xb4>
      buf[len++] = '0';
    2098:	fd442783          	lw	a5,-44(s0)
    209c:	00178713          	addi	a4,a5,1
    20a0:	fce42a23          	sw	a4,-44(s0)
    20a4:	fd842703          	lw	a4,-40(s0)
    20a8:	00f707b3          	add	a5,a4,a5
    20ac:	03000713          	li	a4,48
    20b0:	00e78023          	sb	a4,0(a5)
    }
  }

  if (len < PRINTF_INTEGER_BUFFER_SIZE) {
    20b4:	fd442703          	lw	a4,-44(s0)
    20b8:	01f00793          	li	a5,31
    20bc:	08e7e063          	bltu	a5,a4,213c <TOTAL_STACKSIZES+0x13c>
    if (negative) {
    20c0:	fd344783          	lbu	a5,-45(s0)
    20c4:	02078263          	beqz	a5,20e8 <TOTAL_STACKSIZES+0xe8>
      buf[len++] = '-';
    20c8:	fd442783          	lw	a5,-44(s0)
    20cc:	00178713          	addi	a4,a5,1
    20d0:	fce42a23          	sw	a4,-44(s0)
    20d4:	fd842703          	lw	a4,-40(s0)
    20d8:	00f707b3          	add	a5,a4,a5
    20dc:	02d00713          	li	a4,45
    20e0:	00e78023          	sb	a4,0(a5)
    20e4:	0580006f          	j	213c <TOTAL_STACKSIZES+0x13c>
    }
    else if (flags & FLAGS_PLUS) {
    20e8:	fc442783          	lw	a5,-60(s0)
    20ec:	0047f793          	andi	a5,a5,4
    20f0:	02078263          	beqz	a5,2114 <TOTAL_STACKSIZES+0x114>
      buf[len++] = '+';  // ignore the space if the '+' exists
    20f4:	fd442783          	lw	a5,-44(s0)
    20f8:	00178713          	addi	a4,a5,1
    20fc:	fce42a23          	sw	a4,-44(s0)
    2100:	fd842703          	lw	a4,-40(s0)
    2104:	00f707b3          	add	a5,a4,a5
    2108:	02b00713          	li	a4,43
    210c:	00e78023          	sb	a4,0(a5)
    2110:	02c0006f          	j	213c <TOTAL_STACKSIZES+0x13c>
    }
    else if (flags & FLAGS_SPACE) {
    2114:	fc442783          	lw	a5,-60(s0)
    2118:	0087f793          	andi	a5,a5,8
    211c:	02078063          	beqz	a5,213c <TOTAL_STACKSIZES+0x13c>
      buf[len++] = ' ';
    2120:	fd442783          	lw	a5,-44(s0)
    2124:	00178713          	addi	a4,a5,1
    2128:	fce42a23          	sw	a4,-44(s0)
    212c:	fd842703          	lw	a4,-40(s0)
    2130:	00f707b3          	add	a5,a4,a5
    2134:	02000713          	li	a4,32
    2138:	00e78023          	sb	a4,0(a5)
    }
  }

  out_rev_(output, buf, len, width, flags);
    213c:	fc442703          	lw	a4,-60(s0)
    2140:	fc842683          	lw	a3,-56(s0)
    2144:	fd442603          	lw	a2,-44(s0)
    2148:	fd842583          	lw	a1,-40(s0)
    214c:	fdc42503          	lw	a0,-36(s0)
    2150:	bd5ff0ef          	jal	1d24 <out_rev_>
}
    2154:	00000013          	nop
    2158:	03c12083          	lw	ra,60(sp)
    215c:	03812403          	lw	s0,56(sp)
    2160:	04010113          	addi	sp,sp,64
    2164:	00008067          	ret

00002168 <print_integer>:

// An internal itoa-like function
static void print_integer(output_gadget_t* output, printf_unsigned_value_t value, bool negative, numeric_base_t base, printf_size_t precision, printf_size_t width, printf_flags_t flags)
{
    2168:	fa010113          	addi	sp,sp,-96
    216c:	04112e23          	sw	ra,92(sp)
    2170:	04812c23          	sw	s0,88(sp)
    2174:	06010413          	addi	s0,sp,96
    2178:	faa42e23          	sw	a0,-68(s0)
    217c:	fab42c23          	sw	a1,-72(s0)
    2180:	fae42823          	sw	a4,-80(s0)
    2184:	faf42623          	sw	a5,-84(s0)
    2188:	fb042423          	sw	a6,-88(s0)
    218c:	00060793          	mv	a5,a2
    2190:	faf40ba3          	sb	a5,-73(s0)
    2194:	00068793          	mv	a5,a3
    2198:	faf40b23          	sb	a5,-74(s0)
  char buf[PRINTF_INTEGER_BUFFER_SIZE];
  printf_size_t len = 0U;
    219c:	fe042623          	sw	zero,-20(s0)

  if (!value) {
    21a0:	fb842783          	lw	a5,-72(s0)
    21a4:	06079063          	bnez	a5,2204 <print_integer+0x9c>
    if ( !(flags & FLAGS_PRECISION) ) {
    21a8:	fa842703          	lw	a4,-88(s0)
    21ac:	000017b7          	lui	a5,0x1
    21b0:	80078793          	addi	a5,a5,-2048 # 800 <STACKSIZE>
    21b4:	00f777b3          	and	a5,a4,a5
    21b8:	02079863          	bnez	a5,21e8 <print_integer+0x80>
      buf[len++] = '0';
    21bc:	fec42783          	lw	a5,-20(s0)
    21c0:	00178713          	addi	a4,a5,1
    21c4:	fee42623          	sw	a4,-20(s0)
    21c8:	ff078793          	addi	a5,a5,-16
    21cc:	008787b3          	add	a5,a5,s0
    21d0:	03000713          	li	a4,48
    21d4:	fce78c23          	sb	a4,-40(a5)
      flags &= ~FLAGS_HASH;
    21d8:	fa842783          	lw	a5,-88(s0)
    21dc:	fef7f793          	andi	a5,a5,-17
    21e0:	faf42423          	sw	a5,-88(s0)
    21e4:	0c80006f          	j	22ac <print_integer+0x144>
      // We drop this flag this since either the alternative and regular modes of the specifier
      // don't differ on 0 values, or (in the case of octal) we've already provided the special
      // handling for this mode.
    }
    else if (base == BASE_HEX) {
    21e8:	fb644703          	lbu	a4,-74(s0)
    21ec:	01000793          	li	a5,16
    21f0:	0af71e63          	bne	a4,a5,22ac <print_integer+0x144>
      flags &= ~FLAGS_HASH;
    21f4:	fa842783          	lw	a5,-88(s0)
    21f8:	fef7f793          	andi	a5,a5,-17
    21fc:	faf42423          	sw	a5,-88(s0)
    2200:	0ac0006f          	j	22ac <print_integer+0x144>
      // don't differ on 0 values
    }
  }
  else {
    do {
      const char digit = (char)(value % base);
    2204:	fb644703          	lbu	a4,-74(s0)
    2208:	fb842783          	lw	a5,-72(s0)
    220c:	00070593          	mv	a1,a4
    2210:	00078513          	mv	a0,a5
    2214:	5a5000ef          	jal	2fb8 <__umodsi3>
    2218:	00050793          	mv	a5,a0
    221c:	fef405a3          	sb	a5,-21(s0)
      buf[len++] = (char)(digit < 10 ? '0' + digit : (flags & FLAGS_UPPERCASE ? 'A' : 'a') + digit - 10);
    2220:	feb44703          	lbu	a4,-21(s0)
    2224:	00900793          	li	a5,9
    2228:	00e7ea63          	bltu	a5,a4,223c <print_integer+0xd4>
    222c:	feb44783          	lbu	a5,-21(s0)
    2230:	03078793          	addi	a5,a5,48
    2234:	0ff7f793          	zext.b	a5,a5
    2238:	0300006f          	j	2268 <print_integer+0x100>
    223c:	fa842783          	lw	a5,-88(s0)
    2240:	0207f793          	andi	a5,a5,32
    2244:	00078663          	beqz	a5,2250 <print_integer+0xe8>
    2248:	04100793          	li	a5,65
    224c:	0080006f          	j	2254 <print_integer+0xec>
    2250:	06100793          	li	a5,97
    2254:	feb44703          	lbu	a4,-21(s0)
    2258:	00e787b3          	add	a5,a5,a4
    225c:	0ff7f793          	zext.b	a5,a5
    2260:	ff678793          	addi	a5,a5,-10
    2264:	0ff7f793          	zext.b	a5,a5
    2268:	fec42703          	lw	a4,-20(s0)
    226c:	00170693          	addi	a3,a4,1
    2270:	fed42623          	sw	a3,-20(s0)
    2274:	ff070713          	addi	a4,a4,-16
    2278:	00870733          	add	a4,a4,s0
    227c:	fcf70c23          	sb	a5,-40(a4)
      value /= base;
    2280:	fb644783          	lbu	a5,-74(s0)
    2284:	00078593          	mv	a1,a5
    2288:	fb842503          	lw	a0,-72(s0)
    228c:	4e5000ef          	jal	2f70 <__hidden___udivsi3>
    2290:	00050793          	mv	a5,a0
    2294:	faf42c23          	sw	a5,-72(s0)
    } while (value && (len < PRINTF_INTEGER_BUFFER_SIZE));
    2298:	fb842783          	lw	a5,-72(s0)
    229c:	00078863          	beqz	a5,22ac <print_integer+0x144>
    22a0:	fec42703          	lw	a4,-20(s0)
    22a4:	01f00793          	li	a5,31
    22a8:	f4e7fee3          	bgeu	a5,a4,2204 <print_integer+0x9c>
  }

  print_integer_finalization(output, buf, len, negative, base, precision, width, flags);
    22ac:	fb644703          	lbu	a4,-74(s0)
    22b0:	fb744683          	lbu	a3,-73(s0)
    22b4:	fc840593          	addi	a1,s0,-56
    22b8:	fa842883          	lw	a7,-88(s0)
    22bc:	fac42803          	lw	a6,-84(s0)
    22c0:	fb042783          	lw	a5,-80(s0)
    22c4:	fec42603          	lw	a2,-20(s0)
    22c8:	fbc42503          	lw	a0,-68(s0)
    22cc:	b4dff0ef          	jal	1e18 <print_integer_finalization>
}
    22d0:	00000013          	nop
    22d4:	05c12083          	lw	ra,92(sp)
    22d8:	05812403          	lw	s0,88(sp)
    22dc:	06010113          	addi	sp,sp,96
    22e0:	00008067          	ret

000022e4 <parse_flags>:
#endif  // (PRINTF_SUPPORT_DECIMAL_SPECIFIERS || PRINTF_SUPPORT_EXPONENTIAL_SPECIFIERS)

// Advances the format pointer past the flags, and returns the parsed flags
// due to the characters passed
static printf_flags_t parse_flags(const char** format)
{
    22e4:	fd010113          	addi	sp,sp,-48
    22e8:	02112623          	sw	ra,44(sp)
    22ec:	02812423          	sw	s0,40(sp)
    22f0:	03010413          	addi	s0,sp,48
    22f4:	fca42e23          	sw	a0,-36(s0)
  printf_flags_t flags = 0U;
    22f8:	fe042623          	sw	zero,-20(s0)
  do {
    switch (**format) {
    22fc:	fdc42783          	lw	a5,-36(s0)
    2300:	0007a783          	lw	a5,0(a5)
    2304:	0007c783          	lbu	a5,0(a5)
    2308:	fe078793          	addi	a5,a5,-32
    230c:	01000713          	li	a4,16
    2310:	0cf76663          	bltu	a4,a5,23dc <parse_flags+0xf8>
    2314:	00279713          	slli	a4,a5,0x2
    2318:	65618793          	addi	a5,gp,1622 # 20000d4c <__func__.0+0x10>
    231c:	00f707b3          	add	a5,a4,a5
    2320:	0007a783          	lw	a5,0(a5)
    2324:	00078067          	jr	a5
      case '0': flags |= FLAGS_ZEROPAD; (*format)++; break;
    2328:	fec42783          	lw	a5,-20(s0)
    232c:	0017e793          	ori	a5,a5,1
    2330:	fef42623          	sw	a5,-20(s0)
    2334:	fdc42783          	lw	a5,-36(s0)
    2338:	0007a783          	lw	a5,0(a5)
    233c:	00178713          	addi	a4,a5,1
    2340:	fdc42783          	lw	a5,-36(s0)
    2344:	00e7a023          	sw	a4,0(a5)
    2348:	09c0006f          	j	23e4 <parse_flags+0x100>
      case '-': flags |= FLAGS_LEFT;    (*format)++; break;
    234c:	fec42783          	lw	a5,-20(s0)
    2350:	0027e793          	ori	a5,a5,2
    2354:	fef42623          	sw	a5,-20(s0)
    2358:	fdc42783          	lw	a5,-36(s0)
    235c:	0007a783          	lw	a5,0(a5)
    2360:	00178713          	addi	a4,a5,1
    2364:	fdc42783          	lw	a5,-36(s0)
    2368:	00e7a023          	sw	a4,0(a5)
    236c:	0780006f          	j	23e4 <parse_flags+0x100>
      case '+': flags |= FLAGS_PLUS;    (*format)++; break;
    2370:	fec42783          	lw	a5,-20(s0)
    2374:	0047e793          	ori	a5,a5,4
    2378:	fef42623          	sw	a5,-20(s0)
    237c:	fdc42783          	lw	a5,-36(s0)
    2380:	0007a783          	lw	a5,0(a5)
    2384:	00178713          	addi	a4,a5,1
    2388:	fdc42783          	lw	a5,-36(s0)
    238c:	00e7a023          	sw	a4,0(a5)
    2390:	0540006f          	j	23e4 <parse_flags+0x100>
      case ' ': flags |= FLAGS_SPACE;   (*format)++; break;
    2394:	fec42783          	lw	a5,-20(s0)
    2398:	0087e793          	ori	a5,a5,8
    239c:	fef42623          	sw	a5,-20(s0)
    23a0:	fdc42783          	lw	a5,-36(s0)
    23a4:	0007a783          	lw	a5,0(a5)
    23a8:	00178713          	addi	a4,a5,1
    23ac:	fdc42783          	lw	a5,-36(s0)
    23b0:	00e7a023          	sw	a4,0(a5)
    23b4:	0300006f          	j	23e4 <parse_flags+0x100>
      case '#': flags |= FLAGS_HASH;    (*format)++; break;
    23b8:	fec42783          	lw	a5,-20(s0)
    23bc:	0107e793          	ori	a5,a5,16
    23c0:	fef42623          	sw	a5,-20(s0)
    23c4:	fdc42783          	lw	a5,-36(s0)
    23c8:	0007a783          	lw	a5,0(a5)
    23cc:	00178713          	addi	a4,a5,1
    23d0:	fdc42783          	lw	a5,-36(s0)
    23d4:	00e7a023          	sw	a4,0(a5)
    23d8:	00c0006f          	j	23e4 <parse_flags+0x100>
      default : return flags;
    23dc:	fec42783          	lw	a5,-20(s0)
    23e0:	0080006f          	j	23e8 <parse_flags+0x104>
    switch (**format) {
    23e4:	f19ff06f          	j	22fc <parse_flags+0x18>
    }
  } while (true);
}
    23e8:	00078513          	mv	a0,a5
    23ec:	02c12083          	lw	ra,44(sp)
    23f0:	02812403          	lw	s0,40(sp)
    23f4:	03010113          	addi	sp,sp,48
    23f8:	00008067          	ret

000023fc <format_string_loop>:

static inline void format_string_loop(output_gadget_t* output, const char* format, va_list args)
{
    23fc:	fa010113          	addi	sp,sp,-96
    2400:	04112e23          	sw	ra,92(sp)
    2404:	04812c23          	sw	s0,88(sp)
    2408:	06010413          	addi	s0,sp,96
    240c:	faa42623          	sw	a0,-84(s0)
    2410:	fab42423          	sw	a1,-88(s0)
    2414:	fac42223          	sw	a2,-92(s0)
#else
#define ADVANCE_IN_FORMAT_STRING(cptr_) (cptr_)++
#endif


  while (*format)
    2418:	2150006f          	j	2e2c <format_string_loop+0xa30>
  {
    if (*format != '%') {
    241c:	fa842783          	lw	a5,-88(s0)
    2420:	0007c703          	lbu	a4,0(a5)
    2424:	02500793          	li	a5,37
    2428:	02f70463          	beq	a4,a5,2450 <format_string_loop+0x54>
      // A regular content character
      putchar_via_gadget(output, *format);
    242c:	fa842783          	lw	a5,-88(s0)
    2430:	0007c783          	lbu	a5,0(a5)
    2434:	00078593          	mv	a1,a5
    2438:	fac42503          	lw	a0,-84(s0)
    243c:	cf0ff0ef          	jal	192c <putchar_via_gadget>
      format++;
    2440:	fa842783          	lw	a5,-88(s0)
    2444:	00178793          	addi	a5,a5,1
    2448:	faf42423          	sw	a5,-88(s0)
      continue;
    244c:	1e10006f          	j	2e2c <format_string_loop+0xa30>
    }
    // We're parsing a format specifier: %[flags][width][.precision][length]
    ADVANCE_IN_FORMAT_STRING(format);
    2450:	fa842783          	lw	a5,-88(s0)
    2454:	00178793          	addi	a5,a5,1
    2458:	faf42423          	sw	a5,-88(s0)

    printf_flags_t flags = parse_flags(&format);
    245c:	fa840793          	addi	a5,s0,-88
    2460:	00078513          	mv	a0,a5
    2464:	e81ff0ef          	jal	22e4 <parse_flags>
    2468:	fea42623          	sw	a0,-20(s0)

    // evaluate width field
    printf_size_t width = 0U;
    246c:	fe042423          	sw	zero,-24(s0)
    if (is_digit_(*format)) {
    2470:	fa842783          	lw	a5,-88(s0)
    2474:	0007c783          	lbu	a5,0(a5)
    2478:	00078513          	mv	a0,a5
    247c:	fc4ff0ef          	jal	1c40 <is_digit_>
    2480:	00050793          	mv	a5,a0
    2484:	00078c63          	beqz	a5,249c <format_string_loop+0xa0>
      width = (printf_size_t) atou_(&format);
    2488:	fa840793          	addi	a5,s0,-88
    248c:	00078513          	mv	a0,a5
    2490:	809ff0ef          	jal	1c98 <atou_>
    2494:	fea42423          	sw	a0,-24(s0)
    2498:	0600006f          	j	24f8 <format_string_loop+0xfc>
    }
    else if (*format == '*') {
    249c:	fa842783          	lw	a5,-88(s0)
    24a0:	0007c703          	lbu	a4,0(a5)
    24a4:	02a00793          	li	a5,42
    24a8:	04f71863          	bne	a4,a5,24f8 <format_string_loop+0xfc>
      const int w = va_arg(args, int);
    24ac:	fa442783          	lw	a5,-92(s0)
    24b0:	00478713          	addi	a4,a5,4
    24b4:	fae42223          	sw	a4,-92(s0)
    24b8:	0007a783          	lw	a5,0(a5)
    24bc:	fcf42823          	sw	a5,-48(s0)
      if (w < 0) {
    24c0:	fd042783          	lw	a5,-48(s0)
    24c4:	0207d063          	bgez	a5,24e4 <format_string_loop+0xe8>
        flags |= FLAGS_LEFT;    // reverse padding
    24c8:	fec42783          	lw	a5,-20(s0)
    24cc:	0027e793          	ori	a5,a5,2
    24d0:	fef42623          	sw	a5,-20(s0)
        width = (printf_size_t)-w;
    24d4:	fd042783          	lw	a5,-48(s0)
    24d8:	40f007b3          	neg	a5,a5
    24dc:	fef42423          	sw	a5,-24(s0)
    24e0:	00c0006f          	j	24ec <format_string_loop+0xf0>
      }
      else {
        width = (printf_size_t)w;
    24e4:	fd042783          	lw	a5,-48(s0)
    24e8:	fef42423          	sw	a5,-24(s0)
      }
      ADVANCE_IN_FORMAT_STRING(format);
    24ec:	fa842783          	lw	a5,-88(s0)
    24f0:	00178793          	addi	a5,a5,1
    24f4:	faf42423          	sw	a5,-88(s0)
    }

    // evaluate precision field
    printf_size_t precision = 0U;
    24f8:	fe042223          	sw	zero,-28(s0)
    if (*format == '.') {
    24fc:	fa842783          	lw	a5,-88(s0)
    2500:	0007c703          	lbu	a4,0(a5)
    2504:	02e00793          	li	a5,46
    2508:	08f71863          	bne	a4,a5,2598 <format_string_loop+0x19c>
      flags |= FLAGS_PRECISION;
    250c:	fec42703          	lw	a4,-20(s0)
    2510:	000017b7          	lui	a5,0x1
    2514:	80078793          	addi	a5,a5,-2048 # 800 <STACKSIZE>
    2518:	00f767b3          	or	a5,a4,a5
    251c:	fef42623          	sw	a5,-20(s0)
      ADVANCE_IN_FORMAT_STRING(format);
    2520:	fa842783          	lw	a5,-88(s0)
    2524:	00178793          	addi	a5,a5,1
    2528:	faf42423          	sw	a5,-88(s0)
      if (is_digit_(*format)) {
    252c:	fa842783          	lw	a5,-88(s0)
    2530:	0007c783          	lbu	a5,0(a5)
    2534:	00078513          	mv	a0,a5
    2538:	f08ff0ef          	jal	1c40 <is_digit_>
    253c:	00050793          	mv	a5,a0
    2540:	00078c63          	beqz	a5,2558 <format_string_loop+0x15c>
        precision = (printf_size_t) atou_(&format);
    2544:	fa840793          	addi	a5,s0,-88
    2548:	00078513          	mv	a0,a5
    254c:	f4cff0ef          	jal	1c98 <atou_>
    2550:	fea42223          	sw	a0,-28(s0)
    2554:	0440006f          	j	2598 <format_string_loop+0x19c>
      }
      else if (*format == '*') {
    2558:	fa842783          	lw	a5,-88(s0)
    255c:	0007c703          	lbu	a4,0(a5)
    2560:	02a00793          	li	a5,42
    2564:	02f71a63          	bne	a4,a5,2598 <format_string_loop+0x19c>
        const int precision_ = va_arg(args, int);
    2568:	fa442783          	lw	a5,-92(s0)
    256c:	00478713          	addi	a4,a5,4
    2570:	fae42223          	sw	a4,-92(s0)
    2574:	0007a783          	lw	a5,0(a5)
    2578:	fcf42623          	sw	a5,-52(s0)
        precision = precision_ > 0 ? (printf_size_t) precision_ : 0U;
    257c:	fcc42783          	lw	a5,-52(s0)
    2580:	0007d463          	bgez	a5,2588 <format_string_loop+0x18c>
    2584:	00000793          	li	a5,0
    2588:	fef42223          	sw	a5,-28(s0)
        ADVANCE_IN_FORMAT_STRING(format);
    258c:	fa842783          	lw	a5,-88(s0)
    2590:	00178793          	addi	a5,a5,1
    2594:	faf42423          	sw	a5,-88(s0)
      }
    }

    // evaluate length field
    switch (*format) {
    2598:	fa842783          	lw	a5,-88(s0)
    259c:	0007c783          	lbu	a5,0(a5)
    25a0:	04900713          	li	a4,73
    25a4:	02e78e63          	beq	a5,a4,25e0 <format_string_loop+0x1e4>
    25a8:	04900713          	li	a4,73
    25ac:	22e7ce63          	blt	a5,a4,27e8 <format_string_loop+0x3ec>
    25b0:	07a00713          	li	a4,122
    25b4:	22f74a63          	blt	a4,a5,27e8 <format_string_loop+0x3ec>
    25b8:	06800713          	li	a4,104
    25bc:	22e7c663          	blt	a5,a4,27e8 <format_string_loop+0x3ec>
    25c0:	f9878793          	addi	a5,a5,-104
    25c4:	01200713          	li	a4,18
    25c8:	22f76063          	bltu	a4,a5,27e8 <format_string_loop+0x3ec>
    25cc:	00279713          	slli	a4,a5,0x2
    25d0:	6aa18793          	addi	a5,gp,1706 # 20000da0 <__func__.0+0x64>
    25d4:	00f707b3          	add	a5,a4,a5
    25d8:	0007a783          	lw	a5,0(a5)
    25dc:	00078067          	jr	a5
#ifdef PRINTF_SUPPORT_MSVC_STYLE_INTEGER_SPECIFIERS
      case 'I' : {
        ADVANCE_IN_FORMAT_STRING(format);
    25e0:	fa842783          	lw	a5,-88(s0)
    25e4:	00178793          	addi	a5,a5,1
    25e8:	faf42423          	sw	a5,-88(s0)
        // Greedily parse for size in bits: 8, 16, 32 or 64
        switch(*format) {
    25ec:	fa842783          	lw	a5,-88(s0)
    25f0:	0007c783          	lbu	a5,0(a5)
    25f4:	03800713          	li	a4,56
    25f8:	02e78863          	beq	a5,a4,2628 <format_string_loop+0x22c>
    25fc:	03800713          	li	a4,56
    2600:	0ef74663          	blt	a4,a5,26ec <format_string_loop+0x2f0>
    2604:	03600713          	li	a4,54
    2608:	0ae78663          	beq	a5,a4,26b4 <format_string_loop+0x2b8>
    260c:	03600713          	li	a4,54
    2610:	0cf74e63          	blt	a4,a5,26ec <format_string_loop+0x2f0>
    2614:	03100713          	li	a4,49
    2618:	02e78663          	beq	a5,a4,2644 <format_string_loop+0x248>
    261c:	03300713          	li	a4,51
    2620:	04e78e63          	beq	a5,a4,267c <format_string_loop+0x280>
            break;
          case '6':
            ADVANCE_IN_FORMAT_STRING(format);
            if (*format == '4') { ADVANCE_IN_FORMAT_STRING(format); flags |= FLAGS_INT64; }
            break;
          default: break;
    2624:	0c80006f          	j	26ec <format_string_loop+0x2f0>
          case '8':               flags |= FLAGS_INT8;
    2628:	fec42783          	lw	a5,-20(s0)
    262c:	0407e793          	ori	a5,a5,64
    2630:	fef42623          	sw	a5,-20(s0)
            ADVANCE_IN_FORMAT_STRING(format);
    2634:	fa842783          	lw	a5,-88(s0)
    2638:	00178793          	addi	a5,a5,1
    263c:	faf42423          	sw	a5,-88(s0)
            break;
    2640:	0c80006f          	j	2708 <format_string_loop+0x30c>
            ADVANCE_IN_FORMAT_STRING(format);
    2644:	fa842783          	lw	a5,-88(s0)
    2648:	00178793          	addi	a5,a5,1
    264c:	faf42423          	sw	a5,-88(s0)
          if (*format == '6') { format++; flags |= FLAGS_INT16; }
    2650:	fa842783          	lw	a5,-88(s0)
    2654:	0007c703          	lbu	a4,0(a5)
    2658:	03600793          	li	a5,54
    265c:	08f71c63          	bne	a4,a5,26f4 <format_string_loop+0x2f8>
    2660:	fa842783          	lw	a5,-88(s0)
    2664:	00178793          	addi	a5,a5,1
    2668:	faf42423          	sw	a5,-88(s0)
    266c:	fec42783          	lw	a5,-20(s0)
    2670:	0807e793          	ori	a5,a5,128
    2674:	fef42623          	sw	a5,-20(s0)
            break;
    2678:	07c0006f          	j	26f4 <format_string_loop+0x2f8>
            ADVANCE_IN_FORMAT_STRING(format);
    267c:	fa842783          	lw	a5,-88(s0)
    2680:	00178793          	addi	a5,a5,1
    2684:	faf42423          	sw	a5,-88(s0)
            if (*format == '2') { ADVANCE_IN_FORMAT_STRING(format); flags |= FLAGS_INT32; }
    2688:	fa842783          	lw	a5,-88(s0)
    268c:	0007c703          	lbu	a4,0(a5)
    2690:	03200793          	li	a5,50
    2694:	06f71463          	bne	a4,a5,26fc <format_string_loop+0x300>
    2698:	fa842783          	lw	a5,-88(s0)
    269c:	00178793          	addi	a5,a5,1
    26a0:	faf42423          	sw	a5,-88(s0)
    26a4:	fec42783          	lw	a5,-20(s0)
    26a8:	1007e793          	ori	a5,a5,256
    26ac:	fef42623          	sw	a5,-20(s0)
            break;
    26b0:	04c0006f          	j	26fc <format_string_loop+0x300>
            ADVANCE_IN_FORMAT_STRING(format);
    26b4:	fa842783          	lw	a5,-88(s0)
    26b8:	00178793          	addi	a5,a5,1
    26bc:	faf42423          	sw	a5,-88(s0)
            if (*format == '4') { ADVANCE_IN_FORMAT_STRING(format); flags |= FLAGS_INT64; }
    26c0:	fa842783          	lw	a5,-88(s0)
    26c4:	0007c703          	lbu	a4,0(a5)
    26c8:	03400793          	li	a5,52
    26cc:	02f71c63          	bne	a4,a5,2704 <format_string_loop+0x308>
    26d0:	fa842783          	lw	a5,-88(s0)
    26d4:	00178793          	addi	a5,a5,1
    26d8:	faf42423          	sw	a5,-88(s0)
    26dc:	fec42783          	lw	a5,-20(s0)
    26e0:	4007e793          	ori	a5,a5,1024
    26e4:	fef42623          	sw	a5,-20(s0)
            break;
    26e8:	01c0006f          	j	2704 <format_string_loop+0x308>
          default: break;
    26ec:	00000013          	nop
    26f0:	10c0006f          	j	27fc <format_string_loop+0x400>
            break;
    26f4:	00000013          	nop
    26f8:	1040006f          	j	27fc <format_string_loop+0x400>
            break;
    26fc:	00000013          	nop
    2700:	0fc0006f          	j	27fc <format_string_loop+0x400>
            break;
    2704:	00000013          	nop
        }
        break;
    2708:	0f40006f          	j	27fc <format_string_loop+0x400>
      }
#endif
      case 'l' :
        flags |= FLAGS_LONG;
    270c:	fec42783          	lw	a5,-20(s0)
    2710:	2007e793          	ori	a5,a5,512
    2714:	fef42623          	sw	a5,-20(s0)
        ADVANCE_IN_FORMAT_STRING(format);
    2718:	fa842783          	lw	a5,-88(s0)
    271c:	00178793          	addi	a5,a5,1
    2720:	faf42423          	sw	a5,-88(s0)
        if (*format == 'l') {
    2724:	fa842783          	lw	a5,-88(s0)
    2728:	0007c703          	lbu	a4,0(a5)
    272c:	06c00793          	li	a5,108
    2730:	0cf71063          	bne	a4,a5,27f0 <format_string_loop+0x3f4>
          flags |= FLAGS_LONG_LONG;
    2734:	fec42783          	lw	a5,-20(s0)
    2738:	4007e793          	ori	a5,a5,1024
    273c:	fef42623          	sw	a5,-20(s0)
          ADVANCE_IN_FORMAT_STRING(format);
    2740:	fa842783          	lw	a5,-88(s0)
    2744:	00178793          	addi	a5,a5,1
    2748:	faf42423          	sw	a5,-88(s0)
        }
        break;
    274c:	0a40006f          	j	27f0 <format_string_loop+0x3f4>
      case 'h' :
        flags |= FLAGS_SHORT;
    2750:	fec42783          	lw	a5,-20(s0)
    2754:	0807e793          	ori	a5,a5,128
    2758:	fef42623          	sw	a5,-20(s0)
        ADVANCE_IN_FORMAT_STRING(format);
    275c:	fa842783          	lw	a5,-88(s0)
    2760:	00178793          	addi	a5,a5,1
    2764:	faf42423          	sw	a5,-88(s0)
        if (*format == 'h') {
    2768:	fa842783          	lw	a5,-88(s0)
    276c:	0007c703          	lbu	a4,0(a5)
    2770:	06800793          	li	a5,104
    2774:	08f71263          	bne	a4,a5,27f8 <format_string_loop+0x3fc>
          flags |= FLAGS_CHAR;
    2778:	fec42783          	lw	a5,-20(s0)
    277c:	0407e793          	ori	a5,a5,64
    2780:	fef42623          	sw	a5,-20(s0)
          ADVANCE_IN_FORMAT_STRING(format);
    2784:	fa842783          	lw	a5,-88(s0)
    2788:	00178793          	addi	a5,a5,1
    278c:	faf42423          	sw	a5,-88(s0)
        }
        break;
    2790:	0680006f          	j	27f8 <format_string_loop+0x3fc>
      case 't' :
        flags |= (sizeof(ptrdiff_t) == sizeof(long) ? FLAGS_LONG : FLAGS_LONG_LONG);
    2794:	fec42783          	lw	a5,-20(s0)
    2798:	2007e793          	ori	a5,a5,512
    279c:	fef42623          	sw	a5,-20(s0)
        ADVANCE_IN_FORMAT_STRING(format);
    27a0:	fa842783          	lw	a5,-88(s0)
    27a4:	00178793          	addi	a5,a5,1
    27a8:	faf42423          	sw	a5,-88(s0)
        break;
    27ac:	0500006f          	j	27fc <format_string_loop+0x400>
      case 'j' :
        flags |= (sizeof(intmax_t) == sizeof(long) ? FLAGS_LONG : FLAGS_LONG_LONG);
    27b0:	fec42783          	lw	a5,-20(s0)
    27b4:	4007e793          	ori	a5,a5,1024
    27b8:	fef42623          	sw	a5,-20(s0)
        ADVANCE_IN_FORMAT_STRING(format);
    27bc:	fa842783          	lw	a5,-88(s0)
    27c0:	00178793          	addi	a5,a5,1
    27c4:	faf42423          	sw	a5,-88(s0)
        break;
    27c8:	0340006f          	j	27fc <format_string_loop+0x400>
      case 'z' :
        flags |= (sizeof(size_t) == sizeof(long) ? FLAGS_LONG : FLAGS_LONG_LONG);
    27cc:	fec42783          	lw	a5,-20(s0)
    27d0:	2007e793          	ori	a5,a5,512
    27d4:	fef42623          	sw	a5,-20(s0)
        ADVANCE_IN_FORMAT_STRING(format);
    27d8:	fa842783          	lw	a5,-88(s0)
    27dc:	00178793          	addi	a5,a5,1
    27e0:	faf42423          	sw	a5,-88(s0)
        break;
    27e4:	0180006f          	j	27fc <format_string_loop+0x400>
      default:
        break;
    27e8:	00000013          	nop
    27ec:	0100006f          	j	27fc <format_string_loop+0x400>
        break;
    27f0:	00000013          	nop
    27f4:	0080006f          	j	27fc <format_string_loop+0x400>
        break;
    27f8:	00000013          	nop
    }

    // evaluate specifier
    switch (*format) {
    27fc:	fa842783          	lw	a5,-88(s0)
    2800:	0007c783          	lbu	a5,0(a5)
    2804:	07800713          	li	a4,120
    2808:	5ef74e63          	blt	a4,a5,2e04 <format_string_loop+0xa08>
    280c:	06400713          	li	a4,100
    2810:	02e7dc63          	bge	a5,a4,2848 <format_string_loop+0x44c>
    2814:	06300713          	li	a4,99
    2818:	36e78463          	beq	a5,a4,2b80 <format_string_loop+0x784>
    281c:	06300713          	li	a4,99
    2820:	5ef74263          	blt	a4,a5,2e04 <format_string_loop+0xa08>
    2824:	06200713          	li	a4,98
    2828:	06e78863          	beq	a5,a4,2898 <format_string_loop+0x49c>
    282c:	06200713          	li	a4,98
    2830:	5cf74a63          	blt	a4,a5,2e04 <format_string_loop+0xa08>
    2834:	02500713          	li	a4,37
    2838:	5ae78863          	beq	a5,a4,2de8 <format_string_loop+0x9ec>
    283c:	05800713          	li	a4,88
    2840:	04e78c63          	beq	a5,a4,2898 <format_string_loop+0x49c>
    2844:	5c00006f          	j	2e04 <format_string_loop+0xa08>
    2848:	f9c78793          	addi	a5,a5,-100
    284c:	00100713          	li	a4,1
    2850:	00f717b3          	sll	a5,a4,a5
    2854:	00121737          	lui	a4,0x121
    2858:	82170713          	addi	a4,a4,-2015 # 120821 <DSPM_SIZE+0x110821>
    285c:	00e7f733          	and	a4,a5,a4
    2860:	00e03733          	snez	a4,a4
    2864:	0ff77713          	zext.b	a4,a4
    2868:	02071863          	bnez	a4,2898 <format_string_loop+0x49c>
    286c:	00001737          	lui	a4,0x1
    2870:	00e7f733          	and	a4,a5,a4
    2874:	00e03733          	snez	a4,a4
    2878:	0ff77713          	zext.b	a4,a4
    287c:	4e071463          	bnez	a4,2d64 <format_string_loop+0x968>
    2880:	00008737          	lui	a4,0x8
    2884:	00e7f7b3          	and	a5,a5,a4
    2888:	00f037b3          	snez	a5,a5
    288c:	0ff7f793          	zext.b	a5,a5
    2890:	38079463          	bnez	a5,2c18 <format_string_loop+0x81c>
    2894:	5700006f          	j	2e04 <format_string_loop+0xa08>
      case 'x' :
      case 'X' :
      case 'o' :
      case 'b' : {

        if (*format == 'd' || *format == 'i') {
    2898:	fa842783          	lw	a5,-88(s0)
    289c:	0007c703          	lbu	a4,0(a5)
    28a0:	06400793          	li	a5,100
    28a4:	00f70a63          	beq	a4,a5,28b8 <format_string_loop+0x4bc>
    28a8:	fa842783          	lw	a5,-88(s0)
    28ac:	0007c703          	lbu	a4,0(a5)
    28b0:	06900793          	li	a5,105
    28b4:	00f71a63          	bne	a4,a5,28c8 <format_string_loop+0x4cc>
          flags |= FLAGS_SIGNED;
    28b8:	fec42703          	lw	a4,-20(s0)
    28bc:	000047b7          	lui	a5,0x4
    28c0:	00f767b3          	or	a5,a4,a5
    28c4:	fef42623          	sw	a5,-20(s0)
        }

        numeric_base_t base;
        if (*format == 'x' || *format == 'X') {
    28c8:	fa842783          	lw	a5,-88(s0)
    28cc:	0007c703          	lbu	a4,0(a5) # 4000 <__etext+0x280>
    28d0:	07800793          	li	a5,120
    28d4:	00f70a63          	beq	a4,a5,28e8 <format_string_loop+0x4ec>
    28d8:	fa842783          	lw	a5,-88(s0)
    28dc:	0007c703          	lbu	a4,0(a5)
    28e0:	05800793          	li	a5,88
    28e4:	00f71863          	bne	a4,a5,28f4 <format_string_loop+0x4f8>
          base = BASE_HEX;
    28e8:	01000793          	li	a5,16
    28ec:	fef401a3          	sb	a5,-29(s0)
    28f0:	0500006f          	j	2940 <format_string_loop+0x544>
        }
        else if (*format == 'o') {
    28f4:	fa842783          	lw	a5,-88(s0)
    28f8:	0007c703          	lbu	a4,0(a5)
    28fc:	06f00793          	li	a5,111
    2900:	00f71863          	bne	a4,a5,2910 <format_string_loop+0x514>
          base =  BASE_OCTAL;
    2904:	00800793          	li	a5,8
    2908:	fef401a3          	sb	a5,-29(s0)
    290c:	0340006f          	j	2940 <format_string_loop+0x544>
        }
        else if (*format == 'b') {
    2910:	fa842783          	lw	a5,-88(s0)
    2914:	0007c703          	lbu	a4,0(a5)
    2918:	06200793          	li	a5,98
    291c:	00f71863          	bne	a4,a5,292c <format_string_loop+0x530>
          base =  BASE_BINARY;
    2920:	00200793          	li	a5,2
    2924:	fef401a3          	sb	a5,-29(s0)
    2928:	0180006f          	j	2940 <format_string_loop+0x544>
        }
        else {
          base = BASE_DECIMAL;
    292c:	00a00793          	li	a5,10
    2930:	fef401a3          	sb	a5,-29(s0)
          flags &= ~FLAGS_HASH; // decimal integers have no alternative presentation
    2934:	fec42783          	lw	a5,-20(s0)
    2938:	fef7f793          	andi	a5,a5,-17
    293c:	fef42623          	sw	a5,-20(s0)
        }

        if (*format == 'X') {
    2940:	fa842783          	lw	a5,-88(s0)
    2944:	0007c703          	lbu	a4,0(a5)
    2948:	05800793          	li	a5,88
    294c:	00f71863          	bne	a4,a5,295c <format_string_loop+0x560>
          flags |= FLAGS_UPPERCASE;
    2950:	fec42783          	lw	a5,-20(s0)
    2954:	0207e793          	ori	a5,a5,32
    2958:	fef42623          	sw	a5,-20(s0)
        }

        format++;
    295c:	fa842783          	lw	a5,-88(s0)
    2960:	00178793          	addi	a5,a5,1
    2964:	faf42423          	sw	a5,-88(s0)
        // ignore '0' flag when precision is given
        if (flags & FLAGS_PRECISION) {
    2968:	fec42703          	lw	a4,-20(s0)
    296c:	000017b7          	lui	a5,0x1
    2970:	80078793          	addi	a5,a5,-2048 # 800 <STACKSIZE>
    2974:	00f777b3          	and	a5,a4,a5
    2978:	00078863          	beqz	a5,2988 <format_string_loop+0x58c>
          flags &= ~FLAGS_ZEROPAD;
    297c:	fec42783          	lw	a5,-20(s0)
    2980:	ffe7f793          	andi	a5,a5,-2
    2984:	fef42623          	sw	a5,-20(s0)
        }

        if (flags & FLAGS_SIGNED) {
    2988:	fec42703          	lw	a4,-20(s0)
    298c:	000047b7          	lui	a5,0x4
    2990:	00f777b3          	and	a5,a4,a5
    2994:	10078a63          	beqz	a5,2aa8 <format_string_loop+0x6ac>
          // A signed specifier: d, i or possibly I + bit size if enabled

          if (flags & FLAGS_LONG_LONG) {
    2998:	fec42783          	lw	a5,-20(s0)
    299c:	4007f793          	andi	a5,a5,1024
    29a0:	48079463          	bnez	a5,2e28 <format_string_loop+0xa2c>
#if PRINTF_SUPPORT_LONG_LONG
            const long long value = va_arg(args, long long);
            print_integer(output, ABS_FOR_PRINTING(value), value < 0, base, precision, width, flags);
#endif
          }
          else if (flags & FLAGS_LONG) {
    29a4:	fec42783          	lw	a5,-20(s0)
    29a8:	2007f793          	andi	a5,a5,512
    29ac:	04078c63          	beqz	a5,2a04 <format_string_loop+0x608>
            const long value = va_arg(args, long);
    29b0:	fa442783          	lw	a5,-92(s0)
    29b4:	00478713          	addi	a4,a5,4 # 4004 <__etext+0x284>
    29b8:	fae42223          	sw	a4,-92(s0)
    29bc:	0007a783          	lw	a5,0(a5)
    29c0:	faf42e23          	sw	a5,-68(s0)
            print_integer(output, ABS_FOR_PRINTING(value), value < 0, base, precision, width, flags);
    29c4:	fbc42783          	lw	a5,-68(s0)
    29c8:	41f7d713          	srai	a4,a5,0x1f
    29cc:	fbc42783          	lw	a5,-68(s0)
    29d0:	00f747b3          	xor	a5,a4,a5
    29d4:	40e787b3          	sub	a5,a5,a4
    29d8:	00078593          	mv	a1,a5
    29dc:	fbc42783          	lw	a5,-68(s0)
    29e0:	01f7d793          	srli	a5,a5,0x1f
    29e4:	0ff7f613          	zext.b	a2,a5
    29e8:	fe344683          	lbu	a3,-29(s0)
    29ec:	fec42803          	lw	a6,-20(s0)
    29f0:	fe842783          	lw	a5,-24(s0)
    29f4:	fe442703          	lw	a4,-28(s0)
    29f8:	fac42503          	lw	a0,-84(s0)
    29fc:	f6cff0ef          	jal	2168 <print_integer>
              (flags & FLAGS_SHORT) ? (unsigned short int)va_arg(args, unsigned int) :
              va_arg(args, unsigned int);
            print_integer(output, (printf_unsigned_value_t) value, false, base, precision, width, flags);
          }
        }
        break;
    2a00:	4280006f          	j	2e28 <format_string_loop+0xa2c>
              (flags & FLAGS_CHAR) ? (signed char) va_arg(args, int) :
    2a04:	fec42783          	lw	a5,-20(s0)
    2a08:	0407f793          	andi	a5,a5,64
    2a0c:	02078063          	beqz	a5,2a2c <format_string_loop+0x630>
    2a10:	fa442783          	lw	a5,-92(s0)
    2a14:	00478713          	addi	a4,a5,4
    2a18:	fae42223          	sw	a4,-92(s0)
    2a1c:	0007a783          	lw	a5,0(a5)
    2a20:	01879793          	slli	a5,a5,0x18
    2a24:	4187d793          	srai	a5,a5,0x18
    2a28:	03c0006f          	j	2a64 <format_string_loop+0x668>
              (flags & FLAGS_SHORT) ? (short int) va_arg(args, int) :
    2a2c:	fec42783          	lw	a5,-20(s0)
    2a30:	0807f793          	andi	a5,a5,128
    2a34:	02078063          	beqz	a5,2a54 <format_string_loop+0x658>
    2a38:	fa442783          	lw	a5,-92(s0)
    2a3c:	00478713          	addi	a4,a5,4
    2a40:	fae42223          	sw	a4,-92(s0)
    2a44:	0007a783          	lw	a5,0(a5)
    2a48:	01079793          	slli	a5,a5,0x10
    2a4c:	4107d793          	srai	a5,a5,0x10
    2a50:	0140006f          	j	2a64 <format_string_loop+0x668>
    2a54:	fa442783          	lw	a5,-92(s0)
    2a58:	00478713          	addi	a4,a5,4
    2a5c:	fae42223          	sw	a4,-92(s0)
    2a60:	0007a783          	lw	a5,0(a5)
            const int value =
    2a64:	fcf42023          	sw	a5,-64(s0)
            print_integer(output, ABS_FOR_PRINTING(value), value < 0, base, precision, width, flags);
    2a68:	fc042783          	lw	a5,-64(s0)
    2a6c:	41f7d713          	srai	a4,a5,0x1f
    2a70:	fc042783          	lw	a5,-64(s0)
    2a74:	00f747b3          	xor	a5,a4,a5
    2a78:	40e787b3          	sub	a5,a5,a4
    2a7c:	00078593          	mv	a1,a5
    2a80:	fc042783          	lw	a5,-64(s0)
    2a84:	01f7d793          	srli	a5,a5,0x1f
    2a88:	0ff7f613          	zext.b	a2,a5
    2a8c:	fe344683          	lbu	a3,-29(s0)
    2a90:	fec42803          	lw	a6,-20(s0)
    2a94:	fe842783          	lw	a5,-24(s0)
    2a98:	fe442703          	lw	a4,-28(s0)
    2a9c:	fac42503          	lw	a0,-84(s0)
    2aa0:	ec8ff0ef          	jal	2168 <print_integer>
        break;
    2aa4:	3840006f          	j	2e28 <format_string_loop+0xa2c>
          flags &= ~(FLAGS_PLUS | FLAGS_SPACE);
    2aa8:	fec42783          	lw	a5,-20(s0)
    2aac:	ff37f793          	andi	a5,a5,-13
    2ab0:	fef42623          	sw	a5,-20(s0)
          if (flags & FLAGS_LONG_LONG) {
    2ab4:	fec42783          	lw	a5,-20(s0)
    2ab8:	4007f793          	andi	a5,a5,1024
    2abc:	36079663          	bnez	a5,2e28 <format_string_loop+0xa2c>
          else if (flags & FLAGS_LONG) {
    2ac0:	fec42783          	lw	a5,-20(s0)
    2ac4:	2007f793          	andi	a5,a5,512
    2ac8:	02078a63          	beqz	a5,2afc <format_string_loop+0x700>
            print_integer(output, (printf_unsigned_value_t) va_arg(args, unsigned long), false, base, precision, width, flags);
    2acc:	fa442783          	lw	a5,-92(s0)
    2ad0:	00478713          	addi	a4,a5,4
    2ad4:	fae42223          	sw	a4,-92(s0)
    2ad8:	0007a583          	lw	a1,0(a5)
    2adc:	fe344683          	lbu	a3,-29(s0)
    2ae0:	fec42803          	lw	a6,-20(s0)
    2ae4:	fe842783          	lw	a5,-24(s0)
    2ae8:	fe442703          	lw	a4,-28(s0)
    2aec:	00000613          	li	a2,0
    2af0:	fac42503          	lw	a0,-84(s0)
    2af4:	e74ff0ef          	jal	2168 <print_integer>
        break;
    2af8:	3300006f          	j	2e28 <format_string_loop+0xa2c>
              (flags & FLAGS_CHAR) ? (unsigned char)va_arg(args, unsigned int) :
    2afc:	fec42783          	lw	a5,-20(s0)
    2b00:	0407f793          	andi	a5,a5,64
    2b04:	00078e63          	beqz	a5,2b20 <format_string_loop+0x724>
    2b08:	fa442783          	lw	a5,-92(s0)
    2b0c:	00478713          	addi	a4,a5,4
    2b10:	fae42223          	sw	a4,-92(s0)
    2b14:	0007a783          	lw	a5,0(a5)
    2b18:	0ff7f793          	zext.b	a5,a5
    2b1c:	03c0006f          	j	2b58 <format_string_loop+0x75c>
              (flags & FLAGS_SHORT) ? (unsigned short int)va_arg(args, unsigned int) :
    2b20:	fec42783          	lw	a5,-20(s0)
    2b24:	0807f793          	andi	a5,a5,128
    2b28:	02078063          	beqz	a5,2b48 <format_string_loop+0x74c>
    2b2c:	fa442783          	lw	a5,-92(s0)
    2b30:	00478713          	addi	a4,a5,4
    2b34:	fae42223          	sw	a4,-92(s0)
    2b38:	0007a783          	lw	a5,0(a5)
    2b3c:	01079793          	slli	a5,a5,0x10
    2b40:	0107d793          	srli	a5,a5,0x10
    2b44:	0140006f          	j	2b58 <format_string_loop+0x75c>
    2b48:	fa442783          	lw	a5,-92(s0)
    2b4c:	00478713          	addi	a4,a5,4
    2b50:	fae42223          	sw	a4,-92(s0)
    2b54:	0007a783          	lw	a5,0(a5)
            const unsigned int value =
    2b58:	fcf42223          	sw	a5,-60(s0)
            print_integer(output, (printf_unsigned_value_t) value, false, base, precision, width, flags);
    2b5c:	fe344683          	lbu	a3,-29(s0)
    2b60:	fec42803          	lw	a6,-20(s0)
    2b64:	fe842783          	lw	a5,-24(s0)
    2b68:	fe442703          	lw	a4,-28(s0)
    2b6c:	00000613          	li	a2,0
    2b70:	fc442583          	lw	a1,-60(s0)
    2b74:	fac42503          	lw	a0,-84(s0)
    2b78:	df0ff0ef          	jal	2168 <print_integer>
        break;
    2b7c:	2ac0006f          	j	2e28 <format_string_loop+0xa2c>
        print_floating_point(output, va_arg(args, double), precision, width, flags, PRINTF_PREFER_EXPONENTIAL);
        format++;
        break;
#endif  // PRINTF_SUPPORT_EXPONENTIAL_SPECIFIERS
      case 'c' : {
        printf_size_t l = 1U;
    2b80:	00100793          	li	a5,1
    2b84:	fcf42e23          	sw	a5,-36(s0)
        // pre padding
        if (!(flags & FLAGS_LEFT)) {
    2b88:	fec42783          	lw	a5,-20(s0)
    2b8c:	0027f793          	andi	a5,a5,2
    2b90:	02079463          	bnez	a5,2bb8 <format_string_loop+0x7bc>
          while (l++ < width) {
    2b94:	0100006f          	j	2ba4 <format_string_loop+0x7a8>
            putchar_via_gadget(output, ' ');
    2b98:	02000593          	li	a1,32
    2b9c:	fac42503          	lw	a0,-84(s0)
    2ba0:	d8dfe0ef          	jal	192c <putchar_via_gadget>
          while (l++ < width) {
    2ba4:	fdc42783          	lw	a5,-36(s0)
    2ba8:	00178713          	addi	a4,a5,1
    2bac:	fce42e23          	sw	a4,-36(s0)
    2bb0:	fe842703          	lw	a4,-24(s0)
    2bb4:	fee7e2e3          	bltu	a5,a4,2b98 <format_string_loop+0x79c>
          }
        }
        // char output
        putchar_via_gadget(output, (char) va_arg(args, int) );
    2bb8:	fa442783          	lw	a5,-92(s0)
    2bbc:	00478713          	addi	a4,a5,4
    2bc0:	fae42223          	sw	a4,-92(s0)
    2bc4:	0007a783          	lw	a5,0(a5)
    2bc8:	0ff7f793          	zext.b	a5,a5
    2bcc:	00078593          	mv	a1,a5
    2bd0:	fac42503          	lw	a0,-84(s0)
    2bd4:	d59fe0ef          	jal	192c <putchar_via_gadget>
        // post padding
        if (flags & FLAGS_LEFT) {
    2bd8:	fec42783          	lw	a5,-20(s0)
    2bdc:	0027f793          	andi	a5,a5,2
    2be0:	02078463          	beqz	a5,2c08 <format_string_loop+0x80c>
          while (l++ < width) {
    2be4:	0100006f          	j	2bf4 <format_string_loop+0x7f8>
            putchar_via_gadget(output, ' ');
    2be8:	02000593          	li	a1,32
    2bec:	fac42503          	lw	a0,-84(s0)
    2bf0:	d3dfe0ef          	jal	192c <putchar_via_gadget>
          while (l++ < width) {
    2bf4:	fdc42783          	lw	a5,-36(s0)
    2bf8:	00178713          	addi	a4,a5,1
    2bfc:	fce42e23          	sw	a4,-36(s0)
    2c00:	fe842703          	lw	a4,-24(s0)
    2c04:	fee7e2e3          	bltu	a5,a4,2be8 <format_string_loop+0x7ec>
          }
        }
        format++;
    2c08:	fa842783          	lw	a5,-88(s0)
    2c0c:	00178793          	addi	a5,a5,1
    2c10:	faf42423          	sw	a5,-88(s0)
        break;
    2c14:	2180006f          	j	2e2c <format_string_loop+0xa30>
      }

      case 's' : {
        const char* p = va_arg(args, char*);
    2c18:	fa442783          	lw	a5,-92(s0)
    2c1c:	00478713          	addi	a4,a5,4
    2c20:	fae42223          	sw	a4,-92(s0)
    2c24:	0007a783          	lw	a5,0(a5)
    2c28:	fcf42c23          	sw	a5,-40(s0)
        if (p == NULL) {
    2c2c:	fd842783          	lw	a5,-40(s0)
    2c30:	02079063          	bnez	a5,2c50 <format_string_loop+0x854>
          out_rev_(output, ")llun(", 6, width, flags);
    2c34:	fec42703          	lw	a4,-20(s0)
    2c38:	fe842683          	lw	a3,-24(s0)
    2c3c:	00600613          	li	a2,6
    2c40:	69a18593          	addi	a1,gp,1690 # 20000d90 <__func__.0+0x54>
    2c44:	fac42503          	lw	a0,-84(s0)
    2c48:	8dcff0ef          	jal	1d24 <out_rev_>
    2c4c:	1080006f          	j	2d54 <format_string_loop+0x958>
        }
        else {
          printf_size_t l = strnlen_s_(p, precision ? precision : PRINTF_MAX_POSSIBLE_BUFFER_SIZE);
    2c50:	fe442783          	lw	a5,-28(s0)
    2c54:	00078663          	beqz	a5,2c60 <format_string_loop+0x864>
    2c58:	fe442783          	lw	a5,-28(s0)
    2c5c:	00c0006f          	j	2c68 <format_string_loop+0x86c>
    2c60:	800007b7          	lui	a5,0x80000
    2c64:	fff78793          	addi	a5,a5,-1 # 7fffffff <BUS_END+0x3ffffbff>
    2c68:	00078593          	mv	a1,a5
    2c6c:	fd842503          	lw	a0,-40(s0)
    2c70:	f65fe0ef          	jal	1bd4 <strnlen_s_>
    2c74:	fca42a23          	sw	a0,-44(s0)
          // pre padding
          if (flags & FLAGS_PRECISION) {
    2c78:	fec42703          	lw	a4,-20(s0)
    2c7c:	000017b7          	lui	a5,0x1
    2c80:	80078793          	addi	a5,a5,-2048 # 800 <STACKSIZE>
    2c84:	00f777b3          	and	a5,a4,a5
    2c88:	00078c63          	beqz	a5,2ca0 <format_string_loop+0x8a4>
            l = (l < precision ? l : precision);
    2c8c:	fd442703          	lw	a4,-44(s0)
    2c90:	fe442783          	lw	a5,-28(s0)
    2c94:	00f77463          	bgeu	a4,a5,2c9c <format_string_loop+0x8a0>
    2c98:	00070793          	mv	a5,a4
    2c9c:	fcf42a23          	sw	a5,-44(s0)
          }
          if (!(flags & FLAGS_LEFT)) {
    2ca0:	fec42783          	lw	a5,-20(s0)
    2ca4:	0027f793          	andi	a5,a5,2
    2ca8:	04079a63          	bnez	a5,2cfc <format_string_loop+0x900>
            while (l++ < width) {
    2cac:	0100006f          	j	2cbc <format_string_loop+0x8c0>
              putchar_via_gadget(output, ' ');
    2cb0:	02000593          	li	a1,32
    2cb4:	fac42503          	lw	a0,-84(s0)
    2cb8:	c75fe0ef          	jal	192c <putchar_via_gadget>
            while (l++ < width) {
    2cbc:	fd442783          	lw	a5,-44(s0)
    2cc0:	00178713          	addi	a4,a5,1
    2cc4:	fce42a23          	sw	a4,-44(s0)
    2cc8:	fe842703          	lw	a4,-24(s0)
    2ccc:	fee7e2e3          	bltu	a5,a4,2cb0 <format_string_loop+0x8b4>
            }
          }
          // string output
          while ((*p != 0) && (!(flags & FLAGS_PRECISION) || precision)) {
    2cd0:	02c0006f          	j	2cfc <format_string_loop+0x900>
            putchar_via_gadget(output, *(p++));
    2cd4:	fd842783          	lw	a5,-40(s0)
    2cd8:	00178713          	addi	a4,a5,1
    2cdc:	fce42c23          	sw	a4,-40(s0)
    2ce0:	0007c783          	lbu	a5,0(a5)
    2ce4:	00078593          	mv	a1,a5
    2ce8:	fac42503          	lw	a0,-84(s0)
    2cec:	c41fe0ef          	jal	192c <putchar_via_gadget>
            --precision;
    2cf0:	fe442783          	lw	a5,-28(s0)
    2cf4:	fff78793          	addi	a5,a5,-1
    2cf8:	fef42223          	sw	a5,-28(s0)
          while ((*p != 0) && (!(flags & FLAGS_PRECISION) || precision)) {
    2cfc:	fd842783          	lw	a5,-40(s0)
    2d00:	0007c783          	lbu	a5,0(a5)
    2d04:	02078063          	beqz	a5,2d24 <format_string_loop+0x928>
    2d08:	fec42703          	lw	a4,-20(s0)
    2d0c:	000017b7          	lui	a5,0x1
    2d10:	80078793          	addi	a5,a5,-2048 # 800 <STACKSIZE>
    2d14:	00f777b3          	and	a5,a4,a5
    2d18:	fa078ee3          	beqz	a5,2cd4 <format_string_loop+0x8d8>
    2d1c:	fe442783          	lw	a5,-28(s0)
    2d20:	fa079ae3          	bnez	a5,2cd4 <format_string_loop+0x8d8>
          }
          // post padding
          if (flags & FLAGS_LEFT) {
    2d24:	fec42783          	lw	a5,-20(s0)
    2d28:	0027f793          	andi	a5,a5,2
    2d2c:	02078463          	beqz	a5,2d54 <format_string_loop+0x958>
            while (l++ < width) {
    2d30:	0100006f          	j	2d40 <format_string_loop+0x944>
              putchar_via_gadget(output, ' ');
    2d34:	02000593          	li	a1,32
    2d38:	fac42503          	lw	a0,-84(s0)
    2d3c:	bf1fe0ef          	jal	192c <putchar_via_gadget>
            while (l++ < width) {
    2d40:	fd442783          	lw	a5,-44(s0)
    2d44:	00178713          	addi	a4,a5,1
    2d48:	fce42a23          	sw	a4,-44(s0)
    2d4c:	fe842703          	lw	a4,-24(s0)
    2d50:	fee7e2e3          	bltu	a5,a4,2d34 <format_string_loop+0x938>
            }
          }
        }
        format++;
    2d54:	fa842783          	lw	a5,-88(s0)
    2d58:	00178793          	addi	a5,a5,1
    2d5c:	faf42423          	sw	a5,-88(s0)
        break;
    2d60:	0cc0006f          	j	2e2c <format_string_loop+0xa30>
      }

      case 'p' : {
        width = sizeof(void*) * 2U + 2; // 2 hex chars per byte + the "0x" prefix
    2d64:	00a00793          	li	a5,10
    2d68:	fef42423          	sw	a5,-24(s0)
        flags |= FLAGS_ZEROPAD | FLAGS_POINTER;
    2d6c:	fec42703          	lw	a4,-20(s0)
    2d70:	000027b7          	lui	a5,0x2
    2d74:	00178793          	addi	a5,a5,1 # 2001 <TOTAL_STACKSIZES+0x1>
    2d78:	00f767b3          	or	a5,a4,a5
    2d7c:	fef42623          	sw	a5,-20(s0)
        uintptr_t value = (uintptr_t)va_arg(args, void*);
    2d80:	fa442783          	lw	a5,-92(s0)
    2d84:	00478713          	addi	a4,a5,4
    2d88:	fae42223          	sw	a4,-92(s0)
    2d8c:	0007a783          	lw	a5,0(a5)
    2d90:	fcf42423          	sw	a5,-56(s0)
        (value == (uintptr_t) NULL) ?
          out_rev_(output, ")lin(", 5, width, flags) :
    2d94:	fc842783          	lw	a5,-56(s0)
    2d98:	02079063          	bnez	a5,2db8 <format_string_loop+0x9bc>
    2d9c:	fec42703          	lw	a4,-20(s0)
    2da0:	fe842683          	lw	a3,-24(s0)
    2da4:	00500613          	li	a2,5
    2da8:	6a218593          	addi	a1,gp,1698 # 20000d98 <__func__.0+0x5c>
    2dac:	fac42503          	lw	a0,-84(s0)
    2db0:	f75fe0ef          	jal	1d24 <out_rev_>
    2db4:	0240006f          	j	2dd8 <format_string_loop+0x9dc>
          print_integer(output, (printf_unsigned_value_t) value, false, BASE_HEX, precision, width, flags);
    2db8:	fec42803          	lw	a6,-20(s0)
    2dbc:	fe842783          	lw	a5,-24(s0)
    2dc0:	fe442703          	lw	a4,-28(s0)
    2dc4:	01000693          	li	a3,16
    2dc8:	00000613          	li	a2,0
    2dcc:	fc842583          	lw	a1,-56(s0)
    2dd0:	fac42503          	lw	a0,-84(s0)
    2dd4:	b94ff0ef          	jal	2168 <print_integer>
        format++;
    2dd8:	fa842783          	lw	a5,-88(s0)
    2ddc:	00178793          	addi	a5,a5,1
    2de0:	faf42423          	sw	a5,-88(s0)
        break;
    2de4:	0480006f          	j	2e2c <format_string_loop+0xa30>
      }

      case '%' :
        putchar_via_gadget(output, '%');
    2de8:	02500593          	li	a1,37
    2dec:	fac42503          	lw	a0,-84(s0)
    2df0:	b3dfe0ef          	jal	192c <putchar_via_gadget>
        format++;
    2df4:	fa842783          	lw	a5,-88(s0)
    2df8:	00178793          	addi	a5,a5,1
    2dfc:	faf42423          	sw	a5,-88(s0)
        break;
    2e00:	02c0006f          	j	2e2c <format_string_loop+0xa30>
        break;
      }
#endif // PRINTF_SUPPORT_WRITEBACK_SPECIFIER

      default :
        putchar_via_gadget(output, *format);
    2e04:	fa842783          	lw	a5,-88(s0)
    2e08:	0007c783          	lbu	a5,0(a5)
    2e0c:	00078593          	mv	a1,a5
    2e10:	fac42503          	lw	a0,-84(s0)
    2e14:	b19fe0ef          	jal	192c <putchar_via_gadget>
        format++;
    2e18:	fa842783          	lw	a5,-88(s0)
    2e1c:	00178793          	addi	a5,a5,1
    2e20:	faf42423          	sw	a5,-88(s0)
        break;
    2e24:	0080006f          	j	2e2c <format_string_loop+0xa30>
        break;
    2e28:	00000013          	nop
  while (*format)
    2e2c:	fa842783          	lw	a5,-88(s0)
    2e30:	0007c783          	lbu	a5,0(a5)
    2e34:	de079463          	bnez	a5,241c <format_string_loop+0x20>
    }
  }

  putchar_via_gadget(output, (char) '\0');
    2e38:	00000593          	li	a1,0
    2e3c:	fac42503          	lw	a0,-84(s0)
    2e40:	aedfe0ef          	jal	192c <putchar_via_gadget>
}
    2e44:	00000013          	nop
    2e48:	05c12083          	lw	ra,92(sp)
    2e4c:	05812403          	lw	s0,88(sp)
    2e50:	06010113          	addi	sp,sp,96
    2e54:	00008067          	ret

00002e58 <vsnprintf_impl>:

// internal vsnprintf - used for implementing _all library functions
static int vsnprintf_impl(output_gadget_t* output, const char* format, va_list args)
{
    2e58:	fe010113          	addi	sp,sp,-32
    2e5c:	00112e23          	sw	ra,28(sp)
    2e60:	00812c23          	sw	s0,24(sp)
    2e64:	02010413          	addi	s0,sp,32
    2e68:	fea42623          	sw	a0,-20(s0)
    2e6c:	feb42423          	sw	a1,-24(s0)
    2e70:	fec42223          	sw	a2,-28(s0)
  // Note: The library only calls vsnprintf_impl() with output->pos being 0. However, it is
  // possible to call this function with a non-zero pos value for some "remedial printing".
  format_string_loop(output, format, args);
    2e74:	fe442603          	lw	a2,-28(s0)
    2e78:	fe842583          	lw	a1,-24(s0)
    2e7c:	fec42503          	lw	a0,-20(s0)
    2e80:	d7cff0ef          	jal	23fc <format_string_loop>

  // termination
  append_termination_with_gadget(output);
    2e84:	fec42503          	lw	a0,-20(s0)
    2e88:	b49fe0ef          	jal	19d0 <append_termination_with_gadget>

  // return written chars without terminating \0
  return (int)output->pos;
    2e8c:	fec42783          	lw	a5,-20(s0)
    2e90:	00c7a783          	lw	a5,12(a5)
}
    2e94:	00078513          	mv	a0,a5
    2e98:	01c12083          	lw	ra,28(sp)
    2e9c:	01812403          	lw	s0,24(sp)
    2ea0:	02010113          	addi	sp,sp,32
    2ea4:	00008067          	ret

00002ea8 <vprintf>:

///////////////////////////////////////////////////////////////////////////////

int vprintf_(const char* format, va_list arg)
{
    2ea8:	fc010113          	addi	sp,sp,-64
    2eac:	02112e23          	sw	ra,60(sp)
    2eb0:	02812c23          	sw	s0,56(sp)
    2eb4:	04010413          	addi	s0,sp,64
    2eb8:	fca42623          	sw	a0,-52(s0)
    2ebc:	fcb42423          	sw	a1,-56(s0)
  output_gadget_t gadget = extern_putchar_gadget();
    2ec0:	fdc40793          	addi	a5,s0,-36
    2ec4:	00078513          	mv	a0,a5
    2ec8:	ccdfe0ef          	jal	1b94 <extern_putchar_gadget>
  return vsnprintf_impl(&gadget, format, arg);
    2ecc:	fdc40793          	addi	a5,s0,-36
    2ed0:	fc842603          	lw	a2,-56(s0)
    2ed4:	fcc42583          	lw	a1,-52(s0)
    2ed8:	00078513          	mv	a0,a5
    2edc:	f7dff0ef          	jal	2e58 <vsnprintf_impl>
    2ee0:	00050793          	mv	a5,a0
}
    2ee4:	00078513          	mv	a0,a5
    2ee8:	03c12083          	lw	ra,60(sp)
    2eec:	03812403          	lw	s0,56(sp)
    2ef0:	04010113          	addi	sp,sp,64
    2ef4:	00008067          	ret

00002ef8 <printf>:
  output_gadget_t gadget = function_gadget(out, extra_arg);
  return vsnprintf_impl(&gadget, format, arg);
}

int printf_(const char* format, ...)
{
    2ef8:	fb010113          	addi	sp,sp,-80
    2efc:	02112623          	sw	ra,44(sp)
    2f00:	02812423          	sw	s0,40(sp)
    2f04:	03010413          	addi	s0,sp,48
    2f08:	fca42e23          	sw	a0,-36(s0)
    2f0c:	00b42223          	sw	a1,4(s0)
    2f10:	00c42423          	sw	a2,8(s0)
    2f14:	00d42623          	sw	a3,12(s0)
    2f18:	00e42823          	sw	a4,16(s0)
    2f1c:	00f42a23          	sw	a5,20(s0)
    2f20:	01042c23          	sw	a6,24(s0)
    2f24:	01142e23          	sw	a7,28(s0)
  va_list args;
  va_start(args, format);
    2f28:	02040793          	addi	a5,s0,32
    2f2c:	fcf42c23          	sw	a5,-40(s0)
    2f30:	fd842783          	lw	a5,-40(s0)
    2f34:	fe478793          	addi	a5,a5,-28
    2f38:	fef42423          	sw	a5,-24(s0)
  const int ret = vprintf_(format, args);
    2f3c:	fe842783          	lw	a5,-24(s0)
    2f40:	00078593          	mv	a1,a5
    2f44:	fdc42503          	lw	a0,-36(s0)
    2f48:	f61ff0ef          	jal	2ea8 <vprintf>
    2f4c:	fea42623          	sw	a0,-20(s0)
  va_end(args);
  return ret;
    2f50:	fec42783          	lw	a5,-20(s0)
}
    2f54:	00078513          	mv	a0,a5
    2f58:	02c12083          	lw	ra,44(sp)
    2f5c:	02812403          	lw	s0,40(sp)
    2f60:	05010113          	addi	sp,sp,80
    2f64:	00008067          	ret

00002f68 <__divsi3>:
    2f68:	06054063          	bltz	a0,2fc8 <__umodsi3+0x10>
    2f6c:	0605c663          	bltz	a1,2fd8 <__umodsi3+0x20>

00002f70 <__hidden___udivsi3>:
    2f70:	00058613          	mv	a2,a1
    2f74:	00050593          	mv	a1,a0
    2f78:	fff00513          	li	a0,-1
    2f7c:	02060c63          	beqz	a2,2fb4 <__hidden___udivsi3+0x44>
    2f80:	00100693          	li	a3,1
    2f84:	00b67a63          	bgeu	a2,a1,2f98 <__hidden___udivsi3+0x28>
    2f88:	00c05863          	blez	a2,2f98 <__hidden___udivsi3+0x28>
    2f8c:	00161613          	slli	a2,a2,0x1
    2f90:	00169693          	slli	a3,a3,0x1
    2f94:	feb66ae3          	bltu	a2,a1,2f88 <__hidden___udivsi3+0x18>
    2f98:	00000513          	li	a0,0
    2f9c:	00c5e663          	bltu	a1,a2,2fa8 <__hidden___udivsi3+0x38>
    2fa0:	40c585b3          	sub	a1,a1,a2
    2fa4:	00d56533          	or	a0,a0,a3
    2fa8:	0016d693          	srli	a3,a3,0x1
    2fac:	00165613          	srli	a2,a2,0x1
    2fb0:	fe0696e3          	bnez	a3,2f9c <__hidden___udivsi3+0x2c>
    2fb4:	00008067          	ret

00002fb8 <__umodsi3>:
    2fb8:	00008293          	mv	t0,ra
    2fbc:	fb5ff0ef          	jal	2f70 <__hidden___udivsi3>
    2fc0:	00058513          	mv	a0,a1
    2fc4:	00028067          	jr	t0
    2fc8:	40a00533          	neg	a0,a0
    2fcc:	00b04863          	bgtz	a1,2fdc <__umodsi3+0x24>
    2fd0:	40b005b3          	neg	a1,a1
    2fd4:	f9dff06f          	j	2f70 <__hidden___udivsi3>
    2fd8:	40b005b3          	neg	a1,a1
    2fdc:	00008293          	mv	t0,ra
    2fe0:	f91ff0ef          	jal	2f70 <__hidden___udivsi3>
    2fe4:	40a00533          	neg	a0,a0
    2fe8:	00028067          	jr	t0

00002fec <__modsi3>:
    2fec:	00008293          	mv	t0,ra
    2ff0:	0005ca63          	bltz	a1,3004 <__modsi3+0x18>
    2ff4:	00054c63          	bltz	a0,300c <__modsi3+0x20>
    2ff8:	f79ff0ef          	jal	2f70 <__hidden___udivsi3>
    2ffc:	00058513          	mv	a0,a1
    3000:	00028067          	jr	t0
    3004:	40b005b3          	neg	a1,a1
    3008:	fe0558e3          	bgez	a0,2ff8 <__modsi3+0xc>
    300c:	40a00533          	neg	a0,a0
    3010:	f61ff0ef          	jal	2f70 <__hidden___udivsi3>
    3014:	40b00533          	neg	a0,a1
    3018:	00028067          	jr	t0

0000301c <malloc>:
    301c:	00050593          	mv	a1,a0
    3020:	e4e1a503          	lw	a0,-434(gp) # 20000544 <_impure_ptr>
    3024:	0040006f          	j	3028 <_malloc_r>

00003028 <_malloc_r>:
    3028:	fd010113          	addi	sp,sp,-48
    302c:	03212023          	sw	s2,32(sp)
    3030:	02112623          	sw	ra,44(sp)
    3034:	02812423          	sw	s0,40(sp)
    3038:	02912223          	sw	s1,36(sp)
    303c:	01312e23          	sw	s3,28(sp)
    3040:	00b58793          	addi	a5,a1,11
    3044:	01600713          	li	a4,22
    3048:	00050913          	mv	s2,a0
    304c:	08f76063          	bltu	a4,a5,30cc <_malloc_r+0xa4>
    3050:	01000493          	li	s1,16
    3054:	20b4e463          	bltu	s1,a1,325c <_malloc_r+0x234>
    3058:	dadfd0ef          	jal	e04 <__malloc_lock>
    305c:	01800793          	li	a5,24
    3060:	00200593          	li	a1,2
    3064:	1fffd997          	auipc	s3,0x1fffd
    3068:	fa898993          	addi	s3,s3,-88 # 2000000c <__malloc_av_>
    306c:	00f987b3          	add	a5,s3,a5
    3070:	0047a403          	lw	s0,4(a5)
    3074:	ff878713          	addi	a4,a5,-8
    3078:	46e40463          	beq	s0,a4,34e0 <_malloc_r+0x4b8>
    307c:	00442783          	lw	a5,4(s0)
    3080:	00c42683          	lw	a3,12(s0)
    3084:	00842603          	lw	a2,8(s0)
    3088:	ffc7f793          	andi	a5,a5,-4
    308c:	00f407b3          	add	a5,s0,a5
    3090:	0047a703          	lw	a4,4(a5)
    3094:	00d62623          	sw	a3,12(a2)
    3098:	00c6a423          	sw	a2,8(a3)
    309c:	00176713          	ori	a4,a4,1
    30a0:	00090513          	mv	a0,s2
    30a4:	00e7a223          	sw	a4,4(a5)
    30a8:	d8dfd0ef          	jal	e34 <__malloc_unlock>
    30ac:	02c12083          	lw	ra,44(sp)
    30b0:	00840513          	addi	a0,s0,8
    30b4:	02812403          	lw	s0,40(sp)
    30b8:	02412483          	lw	s1,36(sp)
    30bc:	02012903          	lw	s2,32(sp)
    30c0:	01c12983          	lw	s3,28(sp)
    30c4:	03010113          	addi	sp,sp,48
    30c8:	00008067          	ret
    30cc:	ff87f493          	andi	s1,a5,-8
    30d0:	1807c663          	bltz	a5,325c <_malloc_r+0x234>
    30d4:	18b4e463          	bltu	s1,a1,325c <_malloc_r+0x234>
    30d8:	d2dfd0ef          	jal	e04 <__malloc_lock>
    30dc:	1f700793          	li	a5,503
    30e0:	5097fa63          	bgeu	a5,s1,35f4 <_malloc_r+0x5cc>
    30e4:	0094d793          	srli	a5,s1,0x9
    30e8:	18078e63          	beqz	a5,3284 <_malloc_r+0x25c>
    30ec:	00400713          	li	a4,4
    30f0:	46f76063          	bltu	a4,a5,3550 <_malloc_r+0x528>
    30f4:	0064d793          	srli	a5,s1,0x6
    30f8:	03978593          	addi	a1,a5,57
    30fc:	03878813          	addi	a6,a5,56
    3100:	00359613          	slli	a2,a1,0x3
    3104:	1fffd997          	auipc	s3,0x1fffd
    3108:	f0898993          	addi	s3,s3,-248 # 2000000c <__malloc_av_>
    310c:	00c98633          	add	a2,s3,a2
    3110:	00462403          	lw	s0,4(a2)
    3114:	ff860613          	addi	a2,a2,-8
    3118:	02860863          	beq	a2,s0,3148 <_malloc_r+0x120>
    311c:	00f00513          	li	a0,15
    3120:	0140006f          	j	3134 <_malloc_r+0x10c>
    3124:	00c42683          	lw	a3,12(s0)
    3128:	36075a63          	bgez	a4,349c <_malloc_r+0x474>
    312c:	00d60e63          	beq	a2,a3,3148 <_malloc_r+0x120>
    3130:	00068413          	mv	s0,a3
    3134:	00442783          	lw	a5,4(s0)
    3138:	ffc7f793          	andi	a5,a5,-4
    313c:	40978733          	sub	a4,a5,s1
    3140:	fee552e3          	bge	a0,a4,3124 <_malloc_r+0xfc>
    3144:	00080593          	mv	a1,a6
    3148:	0109a403          	lw	s0,16(s3)
    314c:	1fffd897          	auipc	a7,0x1fffd
    3150:	ec888893          	addi	a7,a7,-312 # 20000014 <__malloc_av_+0x8>
    3154:	2d140463          	beq	s0,a7,341c <_malloc_r+0x3f4>
    3158:	00442783          	lw	a5,4(s0)
    315c:	00f00693          	li	a3,15
    3160:	ffc7f793          	andi	a5,a5,-4
    3164:	40978733          	sub	a4,a5,s1
    3168:	48e6cc63          	blt	a3,a4,3600 <_malloc_r+0x5d8>
    316c:	0119aa23          	sw	a7,20(s3)
    3170:	0119a823          	sw	a7,16(s3)
    3174:	46075063          	bgez	a4,35d4 <_malloc_r+0x5ac>
    3178:	1ff00713          	li	a4,511
    317c:	0049a503          	lw	a0,4(s3)
    3180:	36f76863          	bltu	a4,a5,34f0 <_malloc_r+0x4c8>
    3184:	ff87f713          	andi	a4,a5,-8
    3188:	00870713          	addi	a4,a4,8 # 8008 <__etext+0x4288>
    318c:	00e98733          	add	a4,s3,a4
    3190:	00072683          	lw	a3,0(a4)
    3194:	0057d613          	srli	a2,a5,0x5
    3198:	00100793          	li	a5,1
    319c:	00c797b3          	sll	a5,a5,a2
    31a0:	00f56533          	or	a0,a0,a5
    31a4:	ff870793          	addi	a5,a4,-8
    31a8:	00d42423          	sw	a3,8(s0)
    31ac:	00f42623          	sw	a5,12(s0)
    31b0:	00a9a223          	sw	a0,4(s3)
    31b4:	00872023          	sw	s0,0(a4)
    31b8:	0086a623          	sw	s0,12(a3)
    31bc:	4025d793          	srai	a5,a1,0x2
    31c0:	00100613          	li	a2,1
    31c4:	00f61633          	sll	a2,a2,a5
    31c8:	0cc56663          	bltu	a0,a2,3294 <_malloc_r+0x26c>
    31cc:	00a677b3          	and	a5,a2,a0
    31d0:	02079463          	bnez	a5,31f8 <_malloc_r+0x1d0>
    31d4:	00161613          	slli	a2,a2,0x1
    31d8:	ffc5f593          	andi	a1,a1,-4
    31dc:	00a677b3          	and	a5,a2,a0
    31e0:	00458593          	addi	a1,a1,4
    31e4:	00079a63          	bnez	a5,31f8 <_malloc_r+0x1d0>
    31e8:	00161613          	slli	a2,a2,0x1
    31ec:	00a677b3          	and	a5,a2,a0
    31f0:	00458593          	addi	a1,a1,4
    31f4:	fe078ae3          	beqz	a5,31e8 <_malloc_r+0x1c0>
    31f8:	00f00813          	li	a6,15
    31fc:	00359313          	slli	t1,a1,0x3
    3200:	00698333          	add	t1,s3,t1
    3204:	00030513          	mv	a0,t1
    3208:	00c52783          	lw	a5,12(a0)
    320c:	00058e13          	mv	t3,a1
    3210:	36f50263          	beq	a0,a5,3574 <_malloc_r+0x54c>
    3214:	0047a703          	lw	a4,4(a5)
    3218:	00078413          	mv	s0,a5
    321c:	00c7a783          	lw	a5,12(a5)
    3220:	ffc77713          	andi	a4,a4,-4
    3224:	409706b3          	sub	a3,a4,s1
    3228:	36d84263          	blt	a6,a3,358c <_malloc_r+0x564>
    322c:	fe06c2e3          	bltz	a3,3210 <_malloc_r+0x1e8>
    3230:	00e40733          	add	a4,s0,a4
    3234:	00472683          	lw	a3,4(a4)
    3238:	00842603          	lw	a2,8(s0)
    323c:	00090513          	mv	a0,s2
    3240:	0016e693          	ori	a3,a3,1
    3244:	00d72223          	sw	a3,4(a4)
    3248:	00f62623          	sw	a5,12(a2)
    324c:	00c7a423          	sw	a2,8(a5)
    3250:	be5fd0ef          	jal	e34 <__malloc_unlock>
    3254:	00840513          	addi	a0,s0,8
    3258:	0100006f          	j	3268 <_malloc_r+0x240>
    325c:	00c00793          	li	a5,12
    3260:	00f92023          	sw	a5,0(s2)
    3264:	00000513          	li	a0,0
    3268:	02c12083          	lw	ra,44(sp)
    326c:	02812403          	lw	s0,40(sp)
    3270:	02412483          	lw	s1,36(sp)
    3274:	02012903          	lw	s2,32(sp)
    3278:	01c12983          	lw	s3,28(sp)
    327c:	03010113          	addi	sp,sp,48
    3280:	00008067          	ret
    3284:	20000613          	li	a2,512
    3288:	04000593          	li	a1,64
    328c:	03f00813          	li	a6,63
    3290:	e75ff06f          	j	3104 <_malloc_r+0xdc>
    3294:	0089a403          	lw	s0,8(s3)
    3298:	01612823          	sw	s6,16(sp)
    329c:	00442783          	lw	a5,4(s0)
    32a0:	ffc7fb13          	andi	s6,a5,-4
    32a4:	009b6863          	bltu	s6,s1,32b4 <_malloc_r+0x28c>
    32a8:	409b0733          	sub	a4,s6,s1
    32ac:	00f00793          	li	a5,15
    32b0:	1ae7c463          	blt	a5,a4,3458 <_malloc_r+0x430>
    32b4:	01912223          	sw	s9,4(sp)
    32b8:	e4618c93          	addi	s9,gp,-442 # 2000053c <__malloc_sbrk_base>
    32bc:	01512a23          	sw	s5,20(sp)
    32c0:	000ca703          	lw	a4,0(s9)
    32c4:	1ffffa97          	auipc	s5,0x1ffff
    32c8:	eb8aaa83          	lw	s5,-328(s5) # 2000217c <__malloc_top_pad>
    32cc:	01412c23          	sw	s4,24(sp)
    32d0:	01712623          	sw	s7,12(sp)
    32d4:	fff00793          	li	a5,-1
    32d8:	01640a33          	add	s4,s0,s6
    32dc:	01548ab3          	add	s5,s1,s5
    32e0:	3ef70663          	beq	a4,a5,36cc <_malloc_r+0x6a4>
    32e4:	000017b7          	lui	a5,0x1
    32e8:	00f78793          	addi	a5,a5,15 # 100f <worker_main+0x3f>
    32ec:	00fa8ab3          	add	s5,s5,a5
    32f0:	fffff7b7          	lui	a5,0xfffff
    32f4:	00fafab3          	and	s5,s5,a5
    32f8:	000a8593          	mv	a1,s5
    32fc:	00090513          	mv	a0,s2
    3300:	550000ef          	jal	3850 <_sbrk_r>
    3304:	fff00793          	li	a5,-1
    3308:	00050b93          	mv	s7,a0
    330c:	48f50463          	beq	a0,a5,3794 <_malloc_r+0x76c>
    3310:	01812423          	sw	s8,8(sp)
    3314:	11456863          	bltu	a0,s4,3424 <_malloc_r+0x3fc>
    3318:	1ffffc17          	auipc	s8,0x1ffff
    331c:	cc8c0c13          	addi	s8,s8,-824 # 20001fe0 <__malloc_current_mallinfo>
    3320:	000c2583          	lw	a1,0(s8)
    3324:	00ba85b3          	add	a1,s5,a1
    3328:	00bc2023          	sw	a1,0(s8)
    332c:	00058713          	mv	a4,a1
    3330:	46aa0863          	beq	s4,a0,37a0 <_malloc_r+0x778>
    3334:	000ca683          	lw	a3,0(s9)
    3338:	fff00793          	li	a5,-1
    333c:	48f68063          	beq	a3,a5,37bc <_malloc_r+0x794>
    3340:	414b87b3          	sub	a5,s7,s4
    3344:	00e787b3          	add	a5,a5,a4
    3348:	00fc2023          	sw	a5,0(s8)
    334c:	007bfc93          	andi	s9,s7,7
    3350:	380c8e63          	beqz	s9,36ec <_malloc_r+0x6c4>
    3354:	419b8bb3          	sub	s7,s7,s9
    3358:	000015b7          	lui	a1,0x1
    335c:	008b8b93          	addi	s7,s7,8
    3360:	00858593          	addi	a1,a1,8 # 1008 <worker_main+0x38>
    3364:	015b8ab3          	add	s5,s7,s5
    3368:	419585b3          	sub	a1,a1,s9
    336c:	415585b3          	sub	a1,a1,s5
    3370:	01459593          	slli	a1,a1,0x14
    3374:	0145da13          	srli	s4,a1,0x14
    3378:	000a0593          	mv	a1,s4
    337c:	00090513          	mv	a0,s2
    3380:	4d0000ef          	jal	3850 <_sbrk_r>
    3384:	fff00793          	li	a5,-1
    3388:	46f50a63          	beq	a0,a5,37fc <_malloc_r+0x7d4>
    338c:	41750533          	sub	a0,a0,s7
    3390:	01450ab3          	add	s5,a0,s4
    3394:	000c2703          	lw	a4,0(s8)
    3398:	0179a423          	sw	s7,8(s3)
    339c:	001ae793          	ori	a5,s5,1
    33a0:	00ea05b3          	add	a1,s4,a4
    33a4:	00fba223          	sw	a5,4(s7)
    33a8:	00bc2023          	sw	a1,0(s8)
    33ac:	03340e63          	beq	s0,s3,33e8 <_malloc_r+0x3c0>
    33b0:	00f00693          	li	a3,15
    33b4:	3766f263          	bgeu	a3,s6,3718 <_malloc_r+0x6f0>
    33b8:	00442703          	lw	a4,4(s0)
    33bc:	ff4b0793          	addi	a5,s6,-12
    33c0:	ff87f793          	andi	a5,a5,-8
    33c4:	00177713          	andi	a4,a4,1
    33c8:	00f76733          	or	a4,a4,a5
    33cc:	00e42223          	sw	a4,4(s0)
    33d0:	00500613          	li	a2,5
    33d4:	00f40733          	add	a4,s0,a5
    33d8:	00c72223          	sw	a2,4(a4)
    33dc:	00c72423          	sw	a2,8(a4)
    33e0:	2cf6ea63          	bltu	a3,a5,36b4 <_malloc_r+0x68c>
    33e4:	004ba783          	lw	a5,4(s7)
    33e8:	1ffff717          	auipc	a4,0x1ffff
    33ec:	d9070713          	addi	a4,a4,-624 # 20002178 <__malloc_max_sbrked_mem>
    33f0:	00072683          	lw	a3,0(a4)
    33f4:	00b6f463          	bgeu	a3,a1,33fc <_malloc_r+0x3d4>
    33f8:	00b72023          	sw	a1,0(a4)
    33fc:	1ffff717          	auipc	a4,0x1ffff
    3400:	d7870713          	addi	a4,a4,-648 # 20002174 <__malloc_max_total_mem>
    3404:	00072683          	lw	a3,0(a4)
    3408:	00b6f463          	bgeu	a3,a1,3410 <_malloc_r+0x3e8>
    340c:	00b72023          	sw	a1,0(a4)
    3410:	00812c03          	lw	s8,8(sp)
    3414:	000b8413          	mv	s0,s7
    3418:	01c0006f          	j	3434 <_malloc_r+0x40c>
    341c:	0049a503          	lw	a0,4(s3)
    3420:	d9dff06f          	j	31bc <_malloc_r+0x194>
    3424:	35340c63          	beq	s0,s3,377c <_malloc_r+0x754>
    3428:	0089a403          	lw	s0,8(s3)
    342c:	00812c03          	lw	s8,8(sp)
    3430:	00442783          	lw	a5,4(s0)
    3434:	ffc7f793          	andi	a5,a5,-4
    3438:	40978733          	sub	a4,a5,s1
    343c:	2e97e463          	bltu	a5,s1,3724 <_malloc_r+0x6fc>
    3440:	00f00793          	li	a5,15
    3444:	2ee7d063          	bge	a5,a4,3724 <_malloc_r+0x6fc>
    3448:	01812a03          	lw	s4,24(sp)
    344c:	01412a83          	lw	s5,20(sp)
    3450:	00c12b83          	lw	s7,12(sp)
    3454:	00412c83          	lw	s9,4(sp)
    3458:	0014e793          	ori	a5,s1,1
    345c:	00f42223          	sw	a5,4(s0)
    3460:	009404b3          	add	s1,s0,s1
    3464:	0099a423          	sw	s1,8(s3)
    3468:	00176713          	ori	a4,a4,1
    346c:	00090513          	mv	a0,s2
    3470:	00e4a223          	sw	a4,4(s1)
    3474:	9c1fd0ef          	jal	e34 <__malloc_unlock>
    3478:	02c12083          	lw	ra,44(sp)
    347c:	00840513          	addi	a0,s0,8
    3480:	02812403          	lw	s0,40(sp)
    3484:	01012b03          	lw	s6,16(sp)
    3488:	02412483          	lw	s1,36(sp)
    348c:	02012903          	lw	s2,32(sp)
    3490:	01c12983          	lw	s3,28(sp)
    3494:	03010113          	addi	sp,sp,48
    3498:	00008067          	ret
    349c:	00842603          	lw	a2,8(s0)
    34a0:	00f407b3          	add	a5,s0,a5
    34a4:	0047a703          	lw	a4,4(a5) # fffff004 <BUS_END+0xbfffec04>
    34a8:	00d62623          	sw	a3,12(a2)
    34ac:	00c6a423          	sw	a2,8(a3)
    34b0:	00176713          	ori	a4,a4,1
    34b4:	00090513          	mv	a0,s2
    34b8:	00e7a223          	sw	a4,4(a5)
    34bc:	979fd0ef          	jal	e34 <__malloc_unlock>
    34c0:	02c12083          	lw	ra,44(sp)
    34c4:	00840513          	addi	a0,s0,8
    34c8:	02812403          	lw	s0,40(sp)
    34cc:	02412483          	lw	s1,36(sp)
    34d0:	02012903          	lw	s2,32(sp)
    34d4:	01c12983          	lw	s3,28(sp)
    34d8:	03010113          	addi	sp,sp,48
    34dc:	00008067          	ret
    34e0:	00c7a403          	lw	s0,12(a5)
    34e4:	00258593          	addi	a1,a1,2
    34e8:	c68780e3          	beq	a5,s0,3148 <_malloc_r+0x120>
    34ec:	b91ff06f          	j	307c <_malloc_r+0x54>
    34f0:	0097d713          	srli	a4,a5,0x9
    34f4:	00400693          	li	a3,4
    34f8:	14e6f263          	bgeu	a3,a4,363c <_malloc_r+0x614>
    34fc:	01400693          	li	a3,20
    3500:	24e6e263          	bltu	a3,a4,3744 <_malloc_r+0x71c>
    3504:	05c70613          	addi	a2,a4,92
    3508:	00361613          	slli	a2,a2,0x3
    350c:	05b70693          	addi	a3,a4,91
    3510:	00c98633          	add	a2,s3,a2
    3514:	00062703          	lw	a4,0(a2)
    3518:	ff860613          	addi	a2,a2,-8
    351c:	00e61863          	bne	a2,a4,352c <_malloc_r+0x504>
    3520:	1b40006f          	j	36d4 <_malloc_r+0x6ac>
    3524:	00872703          	lw	a4,8(a4)
    3528:	00e60863          	beq	a2,a4,3538 <_malloc_r+0x510>
    352c:	00472683          	lw	a3,4(a4)
    3530:	ffc6f693          	andi	a3,a3,-4
    3534:	fed7e8e3          	bltu	a5,a3,3524 <_malloc_r+0x4fc>
    3538:	00c72603          	lw	a2,12(a4)
    353c:	00c42623          	sw	a2,12(s0)
    3540:	00e42423          	sw	a4,8(s0)
    3544:	00862423          	sw	s0,8(a2)
    3548:	00872623          	sw	s0,12(a4)
    354c:	c71ff06f          	j	31bc <_malloc_r+0x194>
    3550:	01400713          	li	a4,20
    3554:	0ef77e63          	bgeu	a4,a5,3650 <_malloc_r+0x628>
    3558:	05400713          	li	a4,84
    355c:	20f76263          	bltu	a4,a5,3760 <_malloc_r+0x738>
    3560:	00c4d793          	srli	a5,s1,0xc
    3564:	06f78593          	addi	a1,a5,111
    3568:	06e78813          	addi	a6,a5,110
    356c:	00359613          	slli	a2,a1,0x3
    3570:	b95ff06f          	j	3104 <_malloc_r+0xdc>
    3574:	001e0e13          	addi	t3,t3,1
    3578:	003e7793          	andi	a5,t3,3
    357c:	00850513          	addi	a0,a0,8
    3580:	0e078663          	beqz	a5,366c <_malloc_r+0x644>
    3584:	00c52783          	lw	a5,12(a0)
    3588:	c89ff06f          	j	3210 <_malloc_r+0x1e8>
    358c:	00842603          	lw	a2,8(s0)
    3590:	0014e593          	ori	a1,s1,1
    3594:	00b42223          	sw	a1,4(s0)
    3598:	00f62623          	sw	a5,12(a2)
    359c:	00c7a423          	sw	a2,8(a5)
    35a0:	009404b3          	add	s1,s0,s1
    35a4:	0099aa23          	sw	s1,20(s3)
    35a8:	0099a823          	sw	s1,16(s3)
    35ac:	0016e793          	ori	a5,a3,1
    35b0:	00e40733          	add	a4,s0,a4
    35b4:	0114a623          	sw	a7,12(s1)
    35b8:	0114a423          	sw	a7,8(s1)
    35bc:	00f4a223          	sw	a5,4(s1)
    35c0:	00090513          	mv	a0,s2
    35c4:	00d72023          	sw	a3,0(a4)
    35c8:	86dfd0ef          	jal	e34 <__malloc_unlock>
    35cc:	00840513          	addi	a0,s0,8
    35d0:	c99ff06f          	j	3268 <_malloc_r+0x240>
    35d4:	00f407b3          	add	a5,s0,a5
    35d8:	0047a703          	lw	a4,4(a5)
    35dc:	00090513          	mv	a0,s2
    35e0:	00176713          	ori	a4,a4,1
    35e4:	00e7a223          	sw	a4,4(a5)
    35e8:	84dfd0ef          	jal	e34 <__malloc_unlock>
    35ec:	00840513          	addi	a0,s0,8
    35f0:	c79ff06f          	j	3268 <_malloc_r+0x240>
    35f4:	0034d593          	srli	a1,s1,0x3
    35f8:	00848793          	addi	a5,s1,8
    35fc:	a69ff06f          	j	3064 <_malloc_r+0x3c>
    3600:	0014e693          	ori	a3,s1,1
    3604:	00d42223          	sw	a3,4(s0)
    3608:	009404b3          	add	s1,s0,s1
    360c:	0099aa23          	sw	s1,20(s3)
    3610:	0099a823          	sw	s1,16(s3)
    3614:	00176693          	ori	a3,a4,1
    3618:	00f407b3          	add	a5,s0,a5
    361c:	0114a623          	sw	a7,12(s1)
    3620:	0114a423          	sw	a7,8(s1)
    3624:	00d4a223          	sw	a3,4(s1)
    3628:	00090513          	mv	a0,s2
    362c:	00e7a023          	sw	a4,0(a5)
    3630:	805fd0ef          	jal	e34 <__malloc_unlock>
    3634:	00840513          	addi	a0,s0,8
    3638:	c31ff06f          	j	3268 <_malloc_r+0x240>
    363c:	0067d713          	srli	a4,a5,0x6
    3640:	03970613          	addi	a2,a4,57
    3644:	00361613          	slli	a2,a2,0x3
    3648:	03870693          	addi	a3,a4,56
    364c:	ec5ff06f          	j	3510 <_malloc_r+0x4e8>
    3650:	05c78593          	addi	a1,a5,92
    3654:	05b78813          	addi	a6,a5,91
    3658:	00359613          	slli	a2,a1,0x3
    365c:	aa9ff06f          	j	3104 <_malloc_r+0xdc>
    3660:	00832783          	lw	a5,8(t1)
    3664:	fff58593          	addi	a1,a1,-1
    3668:	1e679063          	bne	a5,t1,3848 <_malloc_r+0x820>
    366c:	0035f793          	andi	a5,a1,3
    3670:	ff830313          	addi	t1,t1,-8
    3674:	fe0796e3          	bnez	a5,3660 <_malloc_r+0x638>
    3678:	0049a703          	lw	a4,4(s3)
    367c:	fff64793          	not	a5,a2
    3680:	00e7f7b3          	and	a5,a5,a4
    3684:	00f9a223          	sw	a5,4(s3)
    3688:	00161613          	slli	a2,a2,0x1
    368c:	c0c7e4e3          	bltu	a5,a2,3294 <_malloc_r+0x26c>
    3690:	c00602e3          	beqz	a2,3294 <_malloc_r+0x26c>
    3694:	00f67733          	and	a4,a2,a5
    3698:	00071a63          	bnez	a4,36ac <_malloc_r+0x684>
    369c:	00161613          	slli	a2,a2,0x1
    36a0:	00f67733          	and	a4,a2,a5
    36a4:	004e0e13          	addi	t3,t3,4
    36a8:	fe070ae3          	beqz	a4,369c <_malloc_r+0x674>
    36ac:	000e0593          	mv	a1,t3
    36b0:	b4dff06f          	j	31fc <_malloc_r+0x1d4>
    36b4:	00840593          	addi	a1,s0,8
    36b8:	00090513          	mv	a0,s2
    36bc:	3d0000ef          	jal	3a8c <_free_r>
    36c0:	000c2583          	lw	a1,0(s8)
    36c4:	0089ab83          	lw	s7,8(s3)
    36c8:	d1dff06f          	j	33e4 <_malloc_r+0x3bc>
    36cc:	010a8a93          	addi	s5,s5,16
    36d0:	c29ff06f          	j	32f8 <_malloc_r+0x2d0>
    36d4:	4026d693          	srai	a3,a3,0x2
    36d8:	00100793          	li	a5,1
    36dc:	00d797b3          	sll	a5,a5,a3
    36e0:	00f56533          	or	a0,a0,a5
    36e4:	00a9a223          	sw	a0,4(s3)
    36e8:	e55ff06f          	j	353c <_malloc_r+0x514>
    36ec:	015b85b3          	add	a1,s7,s5
    36f0:	40b005b3          	neg	a1,a1
    36f4:	01459593          	slli	a1,a1,0x14
    36f8:	0145da13          	srli	s4,a1,0x14
    36fc:	000a0593          	mv	a1,s4
    3700:	00090513          	mv	a0,s2
    3704:	14c000ef          	jal	3850 <_sbrk_r>
    3708:	fff00793          	li	a5,-1
    370c:	c8f510e3          	bne	a0,a5,338c <_malloc_r+0x364>
    3710:	00000a13          	li	s4,0
    3714:	c81ff06f          	j	3394 <_malloc_r+0x36c>
    3718:	00812c03          	lw	s8,8(sp)
    371c:	00100793          	li	a5,1
    3720:	00fba223          	sw	a5,4(s7)
    3724:	00090513          	mv	a0,s2
    3728:	f0cfd0ef          	jal	e34 <__malloc_unlock>
    372c:	01812a03          	lw	s4,24(sp)
    3730:	01412a83          	lw	s5,20(sp)
    3734:	01012b03          	lw	s6,16(sp)
    3738:	00c12b83          	lw	s7,12(sp)
    373c:	00412c83          	lw	s9,4(sp)
    3740:	b25ff06f          	j	3264 <_malloc_r+0x23c>
    3744:	05400693          	li	a3,84
    3748:	06e6ee63          	bltu	a3,a4,37c4 <_malloc_r+0x79c>
    374c:	00c7d713          	srli	a4,a5,0xc
    3750:	06f70613          	addi	a2,a4,111
    3754:	00361613          	slli	a2,a2,0x3
    3758:	06e70693          	addi	a3,a4,110
    375c:	db5ff06f          	j	3510 <_malloc_r+0x4e8>
    3760:	15400713          	li	a4,340
    3764:	06f76e63          	bltu	a4,a5,37e0 <_malloc_r+0x7b8>
    3768:	00f4d793          	srli	a5,s1,0xf
    376c:	07878593          	addi	a1,a5,120
    3770:	07778813          	addi	a6,a5,119
    3774:	00359613          	slli	a2,a1,0x3
    3778:	98dff06f          	j	3104 <_malloc_r+0xdc>
    377c:	1ffffc17          	auipc	s8,0x1ffff
    3780:	864c0c13          	addi	s8,s8,-1948 # 20001fe0 <__malloc_current_mallinfo>
    3784:	000c2703          	lw	a4,0(s8)
    3788:	00ea8733          	add	a4,s5,a4
    378c:	00ec2023          	sw	a4,0(s8)
    3790:	ba5ff06f          	j	3334 <_malloc_r+0x30c>
    3794:	0089a403          	lw	s0,8(s3)
    3798:	00442783          	lw	a5,4(s0)
    379c:	c99ff06f          	j	3434 <_malloc_r+0x40c>
    37a0:	01451793          	slli	a5,a0,0x14
    37a4:	b80798e3          	bnez	a5,3334 <_malloc_r+0x30c>
    37a8:	0089ab83          	lw	s7,8(s3)
    37ac:	015b07b3          	add	a5,s6,s5
    37b0:	0017e793          	ori	a5,a5,1
    37b4:	00fba223          	sw	a5,4(s7)
    37b8:	c31ff06f          	j	33e8 <_malloc_r+0x3c0>
    37bc:	017ca023          	sw	s7,0(s9)
    37c0:	b8dff06f          	j	334c <_malloc_r+0x324>
    37c4:	15400693          	li	a3,340
    37c8:	04e6e463          	bltu	a3,a4,3810 <_malloc_r+0x7e8>
    37cc:	00f7d713          	srli	a4,a5,0xf
    37d0:	07870613          	addi	a2,a4,120
    37d4:	00361613          	slli	a2,a2,0x3
    37d8:	07770693          	addi	a3,a4,119
    37dc:	d35ff06f          	j	3510 <_malloc_r+0x4e8>
    37e0:	55400713          	li	a4,1364
    37e4:	04f76463          	bltu	a4,a5,382c <_malloc_r+0x804>
    37e8:	0124d793          	srli	a5,s1,0x12
    37ec:	07d78593          	addi	a1,a5,125
    37f0:	07c78813          	addi	a6,a5,124
    37f4:	00359613          	slli	a2,a1,0x3
    37f8:	90dff06f          	j	3104 <_malloc_r+0xdc>
    37fc:	ff8c8c93          	addi	s9,s9,-8
    3800:	019a8ab3          	add	s5,s5,s9
    3804:	417a8ab3          	sub	s5,s5,s7
    3808:	00000a13          	li	s4,0
    380c:	b89ff06f          	j	3394 <_malloc_r+0x36c>
    3810:	55400693          	li	a3,1364
    3814:	02e6e463          	bltu	a3,a4,383c <_malloc_r+0x814>
    3818:	0127d713          	srli	a4,a5,0x12
    381c:	07d70613          	addi	a2,a4,125
    3820:	00361613          	slli	a2,a2,0x3
    3824:	07c70693          	addi	a3,a4,124
    3828:	ce9ff06f          	j	3510 <_malloc_r+0x4e8>
    382c:	3f800613          	li	a2,1016
    3830:	07f00593          	li	a1,127
    3834:	07e00813          	li	a6,126
    3838:	8cdff06f          	j	3104 <_malloc_r+0xdc>
    383c:	3f800613          	li	a2,1016
    3840:	07e00693          	li	a3,126
    3844:	ccdff06f          	j	3510 <_malloc_r+0x4e8>
    3848:	0049a783          	lw	a5,4(s3)
    384c:	e3dff06f          	j	3688 <_malloc_r+0x660>

00003850 <_sbrk_r>:
    3850:	ff010113          	addi	sp,sp,-16
    3854:	00812423          	sw	s0,8(sp)
    3858:	00050413          	mv	s0,a0
    385c:	00058513          	mv	a0,a1
    3860:	1ffff797          	auipc	a5,0x1ffff
    3864:	9207a023          	sw	zero,-1760(a5) # 20002180 <errno>
    3868:	00112623          	sw	ra,12(sp)
    386c:	cf8fd0ef          	jal	d64 <_sbrk>
    3870:	fff00793          	li	a5,-1
    3874:	00f50a63          	beq	a0,a5,3888 <_sbrk_r+0x38>
    3878:	00c12083          	lw	ra,12(sp)
    387c:	00812403          	lw	s0,8(sp)
    3880:	01010113          	addi	sp,sp,16
    3884:	00008067          	ret
    3888:	00912223          	sw	s1,4(sp)
    388c:	1ffff497          	auipc	s1,0x1ffff
    3890:	8f448493          	addi	s1,s1,-1804 # 20002180 <errno>
    3894:	0004a783          	lw	a5,0(s1)
    3898:	00078e63          	beqz	a5,38b4 <_sbrk_r+0x64>
    389c:	00c12083          	lw	ra,12(sp)
    38a0:	00f42023          	sw	a5,0(s0)
    38a4:	00812403          	lw	s0,8(sp)
    38a8:	00412483          	lw	s1,4(sp)
    38ac:	01010113          	addi	sp,sp,16
    38b0:	00008067          	ret
    38b4:	00c12083          	lw	ra,12(sp)
    38b8:	00812403          	lw	s0,8(sp)
    38bc:	00412483          	lw	s1,4(sp)
    38c0:	01010113          	addi	sp,sp,16
    38c4:	00008067          	ret

000038c8 <setjmp>:
    38c8:	00152023          	sw	ra,0(a0)
    38cc:	00852223          	sw	s0,4(a0)
    38d0:	00952423          	sw	s1,8(a0)
    38d4:	01252623          	sw	s2,12(a0)
    38d8:	01352823          	sw	s3,16(a0)
    38dc:	01452a23          	sw	s4,20(a0)
    38e0:	01552c23          	sw	s5,24(a0)
    38e4:	01652e23          	sw	s6,28(a0)
    38e8:	03752023          	sw	s7,32(a0)
    38ec:	03852223          	sw	s8,36(a0)
    38f0:	03952423          	sw	s9,40(a0)
    38f4:	03a52623          	sw	s10,44(a0)
    38f8:	03b52823          	sw	s11,48(a0)
    38fc:	02252a23          	sw	sp,52(a0)
    3900:	00000513          	li	a0,0
    3904:	00008067          	ret

00003908 <longjmp>:
    3908:	00052083          	lw	ra,0(a0)
    390c:	00452403          	lw	s0,4(a0)
    3910:	00852483          	lw	s1,8(a0)
    3914:	00c52903          	lw	s2,12(a0)
    3918:	01052983          	lw	s3,16(a0)
    391c:	01452a03          	lw	s4,20(a0)
    3920:	01852a83          	lw	s5,24(a0)
    3924:	01c52b03          	lw	s6,28(a0)
    3928:	02052b83          	lw	s7,32(a0)
    392c:	02452c03          	lw	s8,36(a0)
    3930:	02852c83          	lw	s9,40(a0)
    3934:	02c52d03          	lw	s10,44(a0)
    3938:	03052d83          	lw	s11,48(a0)
    393c:	03452103          	lw	sp,52(a0)
    3940:	0015b513          	seqz	a0,a1
    3944:	00b50533          	add	a0,a0,a1
    3948:	00008067          	ret

0000394c <_malloc_trim_r>:
    394c:	fe010113          	addi	sp,sp,-32
    3950:	00812c23          	sw	s0,24(sp)
    3954:	00912a23          	sw	s1,20(sp)
    3958:	01212823          	sw	s2,16(sp)
    395c:	01312623          	sw	s3,12(sp)
    3960:	01412423          	sw	s4,8(sp)
    3964:	00058993          	mv	s3,a1
    3968:	00112e23          	sw	ra,28(sp)
    396c:	00050913          	mv	s2,a0
    3970:	1fffca17          	auipc	s4,0x1fffc
    3974:	69ca0a13          	addi	s4,s4,1692 # 2000000c <__malloc_av_>
    3978:	c8cfd0ef          	jal	e04 <__malloc_lock>
    397c:	008a2783          	lw	a5,8(s4)
    3980:	00001437          	lui	s0,0x1
    3984:	fef40413          	addi	s0,s0,-17 # fef <worker_main+0x1f>
    3988:	0047a483          	lw	s1,4(a5)
    398c:	000017b7          	lui	a5,0x1
    3990:	ffc4f493          	andi	s1,s1,-4
    3994:	00848433          	add	s0,s1,s0
    3998:	41340433          	sub	s0,s0,s3
    399c:	00c45413          	srli	s0,s0,0xc
    39a0:	fff40413          	addi	s0,s0,-1
    39a4:	00c41413          	slli	s0,s0,0xc
    39a8:	00f44e63          	blt	s0,a5,39c4 <_malloc_trim_r+0x78>
    39ac:	00000593          	li	a1,0
    39b0:	00090513          	mv	a0,s2
    39b4:	e9dff0ef          	jal	3850 <_sbrk_r>
    39b8:	008a2783          	lw	a5,8(s4)
    39bc:	009787b3          	add	a5,a5,s1
    39c0:	02f50863          	beq	a0,a5,39f0 <_malloc_trim_r+0xa4>
    39c4:	00090513          	mv	a0,s2
    39c8:	c6cfd0ef          	jal	e34 <__malloc_unlock>
    39cc:	01c12083          	lw	ra,28(sp)
    39d0:	01812403          	lw	s0,24(sp)
    39d4:	01412483          	lw	s1,20(sp)
    39d8:	01012903          	lw	s2,16(sp)
    39dc:	00c12983          	lw	s3,12(sp)
    39e0:	00812a03          	lw	s4,8(sp)
    39e4:	00000513          	li	a0,0
    39e8:	02010113          	addi	sp,sp,32
    39ec:	00008067          	ret
    39f0:	408005b3          	neg	a1,s0
    39f4:	00090513          	mv	a0,s2
    39f8:	e59ff0ef          	jal	3850 <_sbrk_r>
    39fc:	fff00793          	li	a5,-1
    3a00:	04f50a63          	beq	a0,a5,3a54 <_malloc_trim_r+0x108>
    3a04:	1fffe717          	auipc	a4,0x1fffe
    3a08:	5dc70713          	addi	a4,a4,1500 # 20001fe0 <__malloc_current_mallinfo>
    3a0c:	008a2683          	lw	a3,8(s4)
    3a10:	00072783          	lw	a5,0(a4)
    3a14:	408484b3          	sub	s1,s1,s0
    3a18:	0014e493          	ori	s1,s1,1
    3a1c:	00090513          	mv	a0,s2
    3a20:	408787b3          	sub	a5,a5,s0
    3a24:	0096a223          	sw	s1,4(a3)
    3a28:	00f72023          	sw	a5,0(a4)
    3a2c:	c08fd0ef          	jal	e34 <__malloc_unlock>
    3a30:	01c12083          	lw	ra,28(sp)
    3a34:	01812403          	lw	s0,24(sp)
    3a38:	01412483          	lw	s1,20(sp)
    3a3c:	01012903          	lw	s2,16(sp)
    3a40:	00c12983          	lw	s3,12(sp)
    3a44:	00812a03          	lw	s4,8(sp)
    3a48:	00100513          	li	a0,1
    3a4c:	02010113          	addi	sp,sp,32
    3a50:	00008067          	ret
    3a54:	00000593          	li	a1,0
    3a58:	00090513          	mv	a0,s2
    3a5c:	df5ff0ef          	jal	3850 <_sbrk_r>
    3a60:	008a2703          	lw	a4,8(s4)
    3a64:	00f00693          	li	a3,15
    3a68:	40e507b3          	sub	a5,a0,a4
    3a6c:	f4f6dce3          	bge	a3,a5,39c4 <_malloc_trim_r+0x78>
    3a70:	e461a683          	lw	a3,-442(gp) # 2000053c <__malloc_sbrk_base>
    3a74:	0017e793          	ori	a5,a5,1
    3a78:	00f72223          	sw	a5,4(a4)
    3a7c:	40d50533          	sub	a0,a0,a3
    3a80:	1fffe797          	auipc	a5,0x1fffe
    3a84:	56a7a023          	sw	a0,1376(a5) # 20001fe0 <__malloc_current_mallinfo>
    3a88:	f3dff06f          	j	39c4 <_malloc_trim_r+0x78>

00003a8c <_free_r>:
    3a8c:	12058663          	beqz	a1,3bb8 <_free_r+0x12c>
    3a90:	ff010113          	addi	sp,sp,-16
    3a94:	00812423          	sw	s0,8(sp)
    3a98:	00912223          	sw	s1,4(sp)
    3a9c:	00058413          	mv	s0,a1
    3aa0:	00050493          	mv	s1,a0
    3aa4:	00112623          	sw	ra,12(sp)
    3aa8:	b5cfd0ef          	jal	e04 <__malloc_lock>
    3aac:	ffc42583          	lw	a1,-4(s0)
    3ab0:	ff840713          	addi	a4,s0,-8
    3ab4:	1fffc817          	auipc	a6,0x1fffc
    3ab8:	55880813          	addi	a6,a6,1368 # 2000000c <__malloc_av_>
    3abc:	ffe5f793          	andi	a5,a1,-2
    3ac0:	00f70633          	add	a2,a4,a5
    3ac4:	00462683          	lw	a3,4(a2)
    3ac8:	00882503          	lw	a0,8(a6)
    3acc:	0015f893          	andi	a7,a1,1
    3ad0:	ffc6f693          	andi	a3,a3,-4
    3ad4:	18c50c63          	beq	a0,a2,3c6c <_free_r+0x1e0>
    3ad8:	00d62223          	sw	a3,4(a2)
    3adc:	00d60533          	add	a0,a2,a3
    3ae0:	00452503          	lw	a0,4(a0)
    3ae4:	00157513          	andi	a0,a0,1
    3ae8:	08089c63          	bnez	a7,3b80 <_free_r+0xf4>
    3aec:	ff842303          	lw	t1,-8(s0)
    3af0:	1fffc897          	auipc	a7,0x1fffc
    3af4:	52488893          	addi	a7,a7,1316 # 20000014 <__malloc_av_+0x8>
    3af8:	40670733          	sub	a4,a4,t1
    3afc:	00872583          	lw	a1,8(a4)
    3b00:	006787b3          	add	a5,a5,t1
    3b04:	13158e63          	beq	a1,a7,3c40 <_free_r+0x1b4>
    3b08:	00c72303          	lw	t1,12(a4)
    3b0c:	0065a623          	sw	t1,12(a1)
    3b10:	00b32423          	sw	a1,8(t1)
    3b14:	1a050263          	beqz	a0,3cb8 <_free_r+0x22c>
    3b18:	0017e693          	ori	a3,a5,1
    3b1c:	00d72223          	sw	a3,4(a4)
    3b20:	00f62023          	sw	a5,0(a2)
    3b24:	1ff00693          	li	a3,511
    3b28:	0af6e463          	bltu	a3,a5,3bd0 <_free_r+0x144>
    3b2c:	ff87f693          	andi	a3,a5,-8
    3b30:	00868693          	addi	a3,a3,8
    3b34:	00482583          	lw	a1,4(a6)
    3b38:	00d806b3          	add	a3,a6,a3
    3b3c:	0006a603          	lw	a2,0(a3)
    3b40:	0057d513          	srli	a0,a5,0x5
    3b44:	00100793          	li	a5,1
    3b48:	00a797b3          	sll	a5,a5,a0
    3b4c:	00b7e7b3          	or	a5,a5,a1
    3b50:	ff868593          	addi	a1,a3,-8
    3b54:	00c72423          	sw	a2,8(a4)
    3b58:	00b72623          	sw	a1,12(a4)
    3b5c:	00f82223          	sw	a5,4(a6)
    3b60:	00e6a023          	sw	a4,0(a3)
    3b64:	00e62623          	sw	a4,12(a2)
    3b68:	00812403          	lw	s0,8(sp)
    3b6c:	00c12083          	lw	ra,12(sp)
    3b70:	00048513          	mv	a0,s1
    3b74:	00412483          	lw	s1,4(sp)
    3b78:	01010113          	addi	sp,sp,16
    3b7c:	ab8fd06f          	j	e34 <__malloc_unlock>
    3b80:	02051e63          	bnez	a0,3bbc <_free_r+0x130>
    3b84:	00d787b3          	add	a5,a5,a3
    3b88:	1fffc897          	auipc	a7,0x1fffc
    3b8c:	48c88893          	addi	a7,a7,1164 # 20000014 <__malloc_av_+0x8>
    3b90:	00862683          	lw	a3,8(a2)
    3b94:	0017e513          	ori	a0,a5,1
    3b98:	00f705b3          	add	a1,a4,a5
    3b9c:	17168463          	beq	a3,a7,3d04 <_free_r+0x278>
    3ba0:	00c62603          	lw	a2,12(a2)
    3ba4:	00c6a623          	sw	a2,12(a3)
    3ba8:	00d62423          	sw	a3,8(a2)
    3bac:	00a72223          	sw	a0,4(a4)
    3bb0:	00f5a023          	sw	a5,0(a1)
    3bb4:	f71ff06f          	j	3b24 <_free_r+0x98>
    3bb8:	00008067          	ret
    3bbc:	0015e593          	ori	a1,a1,1
    3bc0:	feb42e23          	sw	a1,-4(s0)
    3bc4:	00f62023          	sw	a5,0(a2)
    3bc8:	1ff00693          	li	a3,511
    3bcc:	f6f6f0e3          	bgeu	a3,a5,3b2c <_free_r+0xa0>
    3bd0:	0097d693          	srli	a3,a5,0x9
    3bd4:	00400613          	li	a2,4
    3bd8:	0ed66463          	bltu	a2,a3,3cc0 <_free_r+0x234>
    3bdc:	0067d693          	srli	a3,a5,0x6
    3be0:	03968593          	addi	a1,a3,57
    3be4:	00359593          	slli	a1,a1,0x3
    3be8:	03868613          	addi	a2,a3,56
    3bec:	00b805b3          	add	a1,a6,a1
    3bf0:	0005a683          	lw	a3,0(a1)
    3bf4:	ff858593          	addi	a1,a1,-8
    3bf8:	00d59863          	bne	a1,a3,3c08 <_free_r+0x17c>
    3bfc:	1240006f          	j	3d20 <_free_r+0x294>
    3c00:	0086a683          	lw	a3,8(a3)
    3c04:	00d58863          	beq	a1,a3,3c14 <_free_r+0x188>
    3c08:	0046a603          	lw	a2,4(a3)
    3c0c:	ffc67613          	andi	a2,a2,-4
    3c10:	fec7e8e3          	bltu	a5,a2,3c00 <_free_r+0x174>
    3c14:	00c6a583          	lw	a1,12(a3)
    3c18:	00b72623          	sw	a1,12(a4)
    3c1c:	00d72423          	sw	a3,8(a4)
    3c20:	00812403          	lw	s0,8(sp)
    3c24:	00c12083          	lw	ra,12(sp)
    3c28:	00e5a423          	sw	a4,8(a1)
    3c2c:	00048513          	mv	a0,s1
    3c30:	00412483          	lw	s1,4(sp)
    3c34:	00e6a623          	sw	a4,12(a3)
    3c38:	01010113          	addi	sp,sp,16
    3c3c:	9f8fd06f          	j	e34 <__malloc_unlock>
    3c40:	0a051263          	bnez	a0,3ce4 <_free_r+0x258>
    3c44:	00c62583          	lw	a1,12(a2)
    3c48:	00862603          	lw	a2,8(a2)
    3c4c:	00f686b3          	add	a3,a3,a5
    3c50:	0016e793          	ori	a5,a3,1
    3c54:	00b62623          	sw	a1,12(a2)
    3c58:	00c5a423          	sw	a2,8(a1)
    3c5c:	00f72223          	sw	a5,4(a4)
    3c60:	00d70733          	add	a4,a4,a3
    3c64:	00d72023          	sw	a3,0(a4)
    3c68:	f01ff06f          	j	3b68 <_free_r+0xdc>
    3c6c:	00d786b3          	add	a3,a5,a3
    3c70:	02089063          	bnez	a7,3c90 <_free_r+0x204>
    3c74:	ff842583          	lw	a1,-8(s0)
    3c78:	40b70733          	sub	a4,a4,a1
    3c7c:	00c72783          	lw	a5,12(a4)
    3c80:	00872603          	lw	a2,8(a4)
    3c84:	00b686b3          	add	a3,a3,a1
    3c88:	00f62623          	sw	a5,12(a2)
    3c8c:	00c7a423          	sw	a2,8(a5)
    3c90:	0016e613          	ori	a2,a3,1
    3c94:	e4a1a783          	lw	a5,-438(gp) # 20000540 <__malloc_trim_threshold>
    3c98:	00c72223          	sw	a2,4(a4)
    3c9c:	00e82423          	sw	a4,8(a6)
    3ca0:	ecf6e4e3          	bltu	a3,a5,3b68 <_free_r+0xdc>
    3ca4:	1fffe597          	auipc	a1,0x1fffe
    3ca8:	4d85a583          	lw	a1,1240(a1) # 2000217c <__malloc_top_pad>
    3cac:	00048513          	mv	a0,s1
    3cb0:	c9dff0ef          	jal	394c <_malloc_trim_r>
    3cb4:	eb5ff06f          	j	3b68 <_free_r+0xdc>
    3cb8:	00d787b3          	add	a5,a5,a3
    3cbc:	ed5ff06f          	j	3b90 <_free_r+0x104>
    3cc0:	01400613          	li	a2,20
    3cc4:	02d67863          	bgeu	a2,a3,3cf4 <_free_r+0x268>
    3cc8:	05400613          	li	a2,84
    3ccc:	06d66863          	bltu	a2,a3,3d3c <_free_r+0x2b0>
    3cd0:	00c7d693          	srli	a3,a5,0xc
    3cd4:	06f68593          	addi	a1,a3,111
    3cd8:	00359593          	slli	a1,a1,0x3
    3cdc:	06e68613          	addi	a2,a3,110
    3ce0:	f0dff06f          	j	3bec <_free_r+0x160>
    3ce4:	0017e693          	ori	a3,a5,1
    3ce8:	00d72223          	sw	a3,4(a4)
    3cec:	00f62023          	sw	a5,0(a2)
    3cf0:	e79ff06f          	j	3b68 <_free_r+0xdc>
    3cf4:	05c68593          	addi	a1,a3,92
    3cf8:	00359593          	slli	a1,a1,0x3
    3cfc:	05b68613          	addi	a2,a3,91
    3d00:	eedff06f          	j	3bec <_free_r+0x160>
    3d04:	00e82a23          	sw	a4,20(a6)
    3d08:	00e82823          	sw	a4,16(a6)
    3d0c:	01172623          	sw	a7,12(a4)
    3d10:	01172423          	sw	a7,8(a4)
    3d14:	00a72223          	sw	a0,4(a4)
    3d18:	00f5a023          	sw	a5,0(a1)
    3d1c:	e4dff06f          	j	3b68 <_free_r+0xdc>
    3d20:	00482503          	lw	a0,4(a6)
    3d24:	40265613          	srai	a2,a2,0x2
    3d28:	00100793          	li	a5,1
    3d2c:	00c797b3          	sll	a5,a5,a2
    3d30:	00a7e7b3          	or	a5,a5,a0
    3d34:	00f82223          	sw	a5,4(a6)
    3d38:	ee1ff06f          	j	3c18 <_free_r+0x18c>
    3d3c:	15400613          	li	a2,340
    3d40:	00d66c63          	bltu	a2,a3,3d58 <_free_r+0x2cc>
    3d44:	00f7d693          	srli	a3,a5,0xf
    3d48:	07868593          	addi	a1,a3,120
    3d4c:	00359593          	slli	a1,a1,0x3
    3d50:	07768613          	addi	a2,a3,119
    3d54:	e99ff06f          	j	3bec <_free_r+0x160>
    3d58:	55400613          	li	a2,1364
    3d5c:	00d66c63          	bltu	a2,a3,3d74 <_free_r+0x2e8>
    3d60:	0127d693          	srli	a3,a5,0x12
    3d64:	07d68593          	addi	a1,a3,125
    3d68:	00359593          	slli	a1,a1,0x3
    3d6c:	07c68613          	addi	a2,a3,124
    3d70:	e7dff06f          	j	3bec <_free_r+0x160>
    3d74:	3f800593          	li	a1,1016
    3d78:	07e00613          	li	a2,126
    3d7c:	e71ff06f          	j	3bec <_free_r+0x160>
