
driver:     file format elf32-littleriscv


Disassembly of section .text:

00000000 <_start>:
       0:	50b022f3          	csrr	t0,0x50b
       4:	20010117          	auipc	sp,0x20010
       8:	ffc10113          	addi	sp,sp,-4 # 20010000 <DSPM_END>
       c:	00b29313          	slli	t1,t0,0xb
      10:	40610133          	sub	sp,sp,t1
      14:	20000197          	auipc	gp,0x20000
      18:	6dc18193          	addi	gp,gp,1756 # 200006f0 <__global_pointer$>
      1c:	88889337          	lui	t1,0x88889
      20:	88830313          	addi	t1,t1,-1912 # 88888888 <BUS_END+0x48888488>
      24:	50c31073          	csrw	0x50c,t1
      28:	88889337          	lui	t1,0x88889
      2c:	88830313          	addi	t1,t1,-1912 # 88888888 <BUS_END+0x48888488>
      30:	50d31073          	csrw	0x50d,t1
      34:	1a1000ef          	jal	9d4 <Reset_Handler>

00000038 <read_time_hw>:
uint64_t klee_any_uint64_t(void);
static inline uint64_t __gt_get_rdtime(void) {
    return klee_any_uint64_t();
}
#else
static inline uint64_t read_time_hw(void) {
      38:	fe010113          	addi	sp,sp,-32
      3c:	00112e23          	sw	ra,28(sp)
      40:	00812c23          	sw	s0,24(sp)
      44:	02010413          	addi	s0,sp,32
    uint64_t t;
    asm volatile("rdtime %0" : "=r"(t));
      48:	c0102773          	rdtime	a4
      4c:	fee42423          	sw	a4,-24(s0)
      50:	fef42623          	sw	a5,-20(s0)
    return t;
      54:	fe842703          	lw	a4,-24(s0)
      58:	fec42783          	lw	a5,-20(s0)
}
      5c:	00070513          	mv	a0,a4
      60:	00078593          	mv	a1,a5
      64:	01c12083          	lw	ra,28(sp)
      68:	01812403          	lw	s0,24(sp)
      6c:	02010113          	addi	sp,sp,32
      70:	00008067          	ret

00000074 <__gt_get_rdtime>:
static inline uint64_t __gt_get_rdtime(void) {
      74:	ff010113          	addi	sp,sp,-16
      78:	00112623          	sw	ra,12(sp)
      7c:	00812423          	sw	s0,8(sp)
      80:	01010413          	addi	s0,sp,16
    return read_time_hw();
      84:	fb5ff0ef          	jal	38 <read_time_hw>
      88:	00050713          	mv	a4,a0
      8c:	00058793          	mv	a5,a1
}
      90:	00070513          	mv	a0,a4
      94:	00078593          	mv	a1,a5
      98:	00c12083          	lw	ra,12(sp)
      9c:	00812403          	lw	s0,8(sp)
      a0:	01010113          	addi	sp,sp,16
      a4:	00008067          	ret

000000a8 <__gt_delay_for>:
#endif

static inline void __gt_delay_for(interval_t ns) {
      a8:	fd010113          	addi	sp,sp,-48
      ac:	02112623          	sw	ra,44(sp)
      b0:	02812423          	sw	s0,40(sp)
      b4:	03010413          	addi	s0,sp,48
      b8:	fca42c23          	sw	a0,-40(s0)
      bc:	fcb42e23          	sw	a1,-36(s0)
    uint64_t start = __gt_get_rdtime();
      c0:	fb5ff0ef          	jal	74 <__gt_get_rdtime>
      c4:	fea42023          	sw	a0,-32(s0)
      c8:	feb42223          	sw	a1,-28(s0)
    uint64_t target = start + (uint64_t)ns;
      cc:	fd842503          	lw	a0,-40(s0)
      d0:	fdc42583          	lw	a1,-36(s0)
      d4:	fe042603          	lw	a2,-32(s0)
      d8:	fe442683          	lw	a3,-28(s0)
      dc:	00a60733          	add	a4,a2,a0
      e0:	00070813          	mv	a6,a4
      e4:	00c83833          	sltu	a6,a6,a2
      e8:	00b687b3          	add	a5,a3,a1
      ec:	00f806b3          	add	a3,a6,a5
      f0:	00068793          	mv	a5,a3
      f4:	fee42423          	sw	a4,-24(s0)
      f8:	fef42623          	sw	a5,-20(s0)
    while (__gt_get_rdtime() < target) { }
      fc:	00000013          	nop
     100:	f75ff0ef          	jal	74 <__gt_get_rdtime>
     104:	00050713          	mv	a4,a0
     108:	00058793          	mv	a5,a1
     10c:	fec42683          	lw	a3,-20(s0)
     110:	00078613          	mv	a2,a5
     114:	fed666e3          	bltu	a2,a3,100 <__gt_delay_for+0x58>
     118:	fec42683          	lw	a3,-20(s0)
     11c:	00078613          	mv	a2,a5
     120:	00c69863          	bne	a3,a2,130 <__gt_delay_for+0x88>
     124:	fe842683          	lw	a3,-24(s0)
     128:	00070793          	mv	a5,a4
     12c:	fcd7eae3          	bltu	a5,a3,100 <__gt_delay_for+0x58>
}
     130:	00000013          	nop
     134:	02c12083          	lw	ra,44(sp)
     138:	02812403          	lw	s0,40(sp)
     13c:	03010113          	addi	sp,sp,48
     140:	00008067          	ret

00000144 <randint>:
        1 = ACK
        2 = FIN
        */
    } packet;

    static inline int randint(int a, int b) {
     144:	fe010113          	addi	sp,sp,-32
     148:	00112e23          	sw	ra,28(sp)
     14c:	00812c23          	sw	s0,24(sp)
     150:	02010413          	addi	s0,sp,32
     154:	fea42623          	sw	a0,-20(s0)
     158:	feb42423          	sw	a1,-24(s0)
        return (rand() % (b - a + 1)) + a;
     15c:	099030ef          	jal	39f4 <rand>
     160:	00050693          	mv	a3,a0
     164:	fe842703          	lw	a4,-24(s0)
     168:	fec42783          	lw	a5,-20(s0)
     16c:	40f707b3          	sub	a5,a4,a5
     170:	00178793          	addi	a5,a5,1
     174:	00078593          	mv	a1,a5
     178:	00068513          	mv	a0,a3
     17c:	014030ef          	jal	3190 <__modsi3>
     180:	00050793          	mv	a5,a0
     184:	00078713          	mv	a4,a5
     188:	fec42783          	lw	a5,-20(s0)
     18c:	00f707b3          	add	a5,a4,a5
    }
     190:	00078513          	mv	a0,a5
     194:	01c12083          	lw	ra,28(sp)
     198:	01812403          	lw	s0,24(sp)
     19c:	02010113          	addi	sp,sp,32
     1a0:	00008067          	ret

000001a4 <_clientreaction_function_2>:

// Reactor: client_reaction_function_2
// Generated from LF compiler output

packet _clientreaction_function_2(interval_t* period, int* id, int64_t __symbolic_elapsed_time, unsigned int __symbolic_microstep, packet inp) {
     1a4:	f8010113          	addi	sp,sp,-128
     1a8:	06112e23          	sw	ra,124(sp)
     1ac:	06812c23          	sw	s0,120(sp)
     1b0:	06912a23          	sw	s1,116(sp)
     1b4:	07212823          	sw	s2,112(sp)
     1b8:	07312623          	sw	s3,108(sp)
     1bc:	07412423          	sw	s4,104(sp)
     1c0:	07512223          	sw	s5,100(sp)
     1c4:	07612023          	sw	s6,96(sp)
     1c8:	05712e23          	sw	s7,92(sp)
     1cc:	05812c23          	sw	s8,88(sp)
     1d0:	05912a23          	sw	s9,84(sp)
     1d4:	05a12823          	sw	s10,80(sp)
     1d8:	05b12623          	sw	s11,76(sp)
     1dc:	08010413          	addi	s0,sp,128
     1e0:	f8a42e23          	sw	a0,-100(s0)
     1e4:	f8b42c23          	sw	a1,-104(s0)
     1e8:	f8c42a23          	sw	a2,-108(s0)
     1ec:	f8d42423          	sw	a3,-120(s0)
     1f0:	f8e42623          	sw	a4,-116(s0)
     1f4:	f8f42823          	sw	a5,-112(s0)
     1f8:	00080493          	mv	s1,a6
    packet __output_outp;
    packet *in = &inp;
     1fc:	fa942623          	sw	s1,-84(s0)
        packet *out = malloc(sizeof(packet));
     200:	00c00513          	li	a0,12
     204:	7bd020ef          	jal	31c0 <malloc>
     208:	00050793          	mv	a5,a0
     20c:	faf42823          	sw	a5,-80(s0)
        out->id = in->id;
     210:	fac42783          	lw	a5,-84(s0)
     214:	0007a703          	lw	a4,0(a5)
     218:	fb042783          	lw	a5,-80(s0)
     21c:	00e7a023          	sw	a4,0(a5)
        out->seq = in->seq + 1;
     220:	fac42783          	lw	a5,-84(s0)
     224:	0047a783          	lw	a5,4(a5)
     228:	00178713          	addi	a4,a5,1
     22c:	fb042783          	lw	a5,-80(s0)
     230:	00e7a223          	sw	a4,4(a5)
        bool send = true;
     234:	00100793          	li	a5,1
     238:	faf405a3          	sb	a5,-85(s0)
        printf("(%lld, %d) [CLIENT] Received packet (*id)=%d seq=%d",
     23c:	fac42783          	lw	a5,-84(s0)
     240:	0007a703          	lw	a4,0(a5)
     244:	fac42783          	lw	a5,-84(s0)
     248:	0047a783          	lw	a5,4(a5)
     24c:	00078813          	mv	a6,a5
     250:	00070793          	mv	a5,a4
     254:	f9042703          	lw	a4,-112(s0)
     258:	f8842603          	lw	a2,-120(s0)
     25c:	f8c42683          	lw	a3,-116(s0)
     260:	e5818513          	addi	a0,gp,-424 # 20000548 <_impure_ptr+0x4>
     264:	615020ef          	jal	3078 <printf>
            __symbolic_elapsed_time, __symbolic_microstep, in->id, in->seq);
        switch (in->flags) {
     268:	fac42783          	lw	a5,-84(s0)
     26c:	0087a703          	lw	a4,8(a5)
     270:	00300793          	li	a5,3
     274:	02f71463          	bne	a4,a5,29c <_clientreaction_function_2+0xf8>
            case 3: // SYN-ACK
                printf("[CLIENT] Received SYN-ACK", __symbolic_elapsed_time, __symbolic_microstep);
     278:	f9042703          	lw	a4,-112(s0)
     27c:	f8842603          	lw	a2,-120(s0)
     280:	f8c42683          	lw	a3,-116(s0)
     284:	e8c18513          	addi	a0,gp,-372 # 2000057c <_impure_ptr+0x38>
     288:	5f1020ef          	jal	3078 <printf>
                out->flags = 2; // ACK
     28c:	fb042783          	lw	a5,-80(s0)
     290:	00200713          	li	a4,2
     294:	00e7a423          	sw	a4,8(a5)
                break;
     298:	00000013          	nop
        }
        __gt_delay_for(MSEC(randint(40, 60))); // simulate processing + connection delay
     29c:	03c00593          	li	a1,60
     2a0:	02800513          	li	a0,40
     2a4:	ea1ff0ef          	jal	144 <randint>
     2a8:	00050793          	mv	a5,a0
     2ac:	00078a13          	mv	s4,a5
     2b0:	41f7d793          	srai	a5,a5,0x1f
     2b4:	00078a93          	mv	s5,a5
     2b8:	000a0713          	mv	a4,s4
     2bc:	000a8793          	mv	a5,s5
     2c0:	01b75693          	srli	a3,a4,0x1b
     2c4:	00579d93          	slli	s11,a5,0x5
     2c8:	01b6edb3          	or	s11,a3,s11
     2cc:	00571d13          	slli	s10,a4,0x5
     2d0:	000d0713          	mv	a4,s10
     2d4:	000d8793          	mv	a5,s11
     2d8:	41470633          	sub	a2,a4,s4
     2dc:	00060593          	mv	a1,a2
     2e0:	00b735b3          	sltu	a1,a4,a1
     2e4:	415786b3          	sub	a3,a5,s5
     2e8:	40b687b3          	sub	a5,a3,a1
     2ec:	00078693          	mv	a3,a5
     2f0:	00060713          	mv	a4,a2
     2f4:	00068793          	mv	a5,a3
     2f8:	01a75693          	srli	a3,a4,0x1a
     2fc:	00679993          	slli	s3,a5,0x6
     300:	0136e9b3          	or	s3,a3,s3
     304:	00671913          	slli	s2,a4,0x6
     308:	40e90633          	sub	a2,s2,a4
     30c:	00060593          	mv	a1,a2
     310:	00b935b3          	sltu	a1,s2,a1
     314:	40f986b3          	sub	a3,s3,a5
     318:	40b687b3          	sub	a5,a3,a1
     31c:	00078693          	mv	a3,a5
     320:	00060913          	mv	s2,a2
     324:	00068993          	mv	s3,a3
     328:	01d95793          	srli	a5,s2,0x1d
     32c:	00399c93          	slli	s9,s3,0x3
     330:	0197ecb3          	or	s9,a5,s9
     334:	00391c13          	slli	s8,s2,0x3
     338:	000c0913          	mv	s2,s8
     33c:	000c8993          	mv	s3,s9
     340:	01490733          	add	a4,s2,s4
     344:	00070693          	mv	a3,a4
     348:	0126b6b3          	sltu	a3,a3,s2
     34c:	015987b3          	add	a5,s3,s5
     350:	00f686b3          	add	a3,a3,a5
     354:	00068793          	mv	a5,a3
     358:	00070913          	mv	s2,a4
     35c:	00078993          	mv	s3,a5
     360:	01a95793          	srli	a5,s2,0x1a
     364:	00699b93          	slli	s7,s3,0x6
     368:	0177ebb3          	or	s7,a5,s7
     36c:	00691b13          	slli	s6,s2,0x6
     370:	000b0913          	mv	s2,s6
     374:	000b8993          	mv	s3,s7
     378:	00090713          	mv	a4,s2
     37c:	00098793          	mv	a5,s3
     380:	00070513          	mv	a0,a4
     384:	00078593          	mv	a1,a5
     388:	d21ff0ef          	jal	a8 <__gt_delay_for>
        if (send)
     38c:	fab44783          	lbu	a5,-85(s0)
     390:	02078063          	beqz	a5,3b0 <_clientreaction_function_2+0x20c>
            __output_outp = *out;;
     394:	fb042783          	lw	a5,-80(s0)
     398:	0007a703          	lw	a4,0(a5)
     39c:	fae42a23          	sw	a4,-76(s0)
     3a0:	0047a703          	lw	a4,4(a5)
     3a4:	fae42c23          	sw	a4,-72(s0)
     3a8:	0087a783          	lw	a5,8(a5)
     3ac:	faf42e23          	sw	a5,-68(s0)
    return __output_outp;
     3b0:	f9c42783          	lw	a5,-100(s0)
     3b4:	fb442703          	lw	a4,-76(s0)
     3b8:	00e7a023          	sw	a4,0(a5)
     3bc:	fb842703          	lw	a4,-72(s0)
     3c0:	00e7a223          	sw	a4,4(a5)
     3c4:	fbc42703          	lw	a4,-68(s0)
     3c8:	00e7a423          	sw	a4,8(a5)
}
     3cc:	f9c42503          	lw	a0,-100(s0)
     3d0:	07c12083          	lw	ra,124(sp)
     3d4:	07812403          	lw	s0,120(sp)
     3d8:	07412483          	lw	s1,116(sp)
     3dc:	07012903          	lw	s2,112(sp)
     3e0:	06c12983          	lw	s3,108(sp)
     3e4:	06812a03          	lw	s4,104(sp)
     3e8:	06412a83          	lw	s5,100(sp)
     3ec:	06012b03          	lw	s6,96(sp)
     3f0:	05c12b83          	lw	s7,92(sp)
     3f4:	05812c03          	lw	s8,88(sp)
     3f8:	05412c83          	lw	s9,84(sp)
     3fc:	05012d03          	lw	s10,80(sp)
     400:	04c12d83          	lw	s11,76(sp)
     404:	08010113          	addi	sp,sp,128
     408:	00008067          	ret

0000040c <read_cycle_count>:

static inline unsigned long read_cycle_count() {
     40c:	fe010113          	addi	sp,sp,-32
     410:	00112e23          	sw	ra,28(sp)
     414:	00812c23          	sw	s0,24(sp)
     418:	02010413          	addi	s0,sp,32
    return rdcycle();
     41c:	c00027f3          	rdcycle	a5
     420:	fef42623          	sw	a5,-20(s0)
     424:	fec42783          	lw	a5,-20(s0)
}
     428:	00078513          	mv	a0,a5
     42c:	01c12083          	lw	ra,28(sp)
     430:	01812403          	lw	s0,24(sp)
     434:	02010113          	addi	sp,sp,32
     438:	00008067          	ret

0000043c <main>:
packet inp = {0};
// Pointer arguments: pass address of local variable
// period -> &period_val
// id -> &id_val
int main(int argc, char ** argv)
{
     43c:	fb010113          	addi	sp,sp,-80
     440:	04112623          	sw	ra,76(sp)
     444:	04812423          	sw	s0,72(sp)
     448:	05010413          	addi	s0,sp,80
     44c:	fca42e23          	sw	a0,-36(s0)
     450:	fcb42c23          	sw	a1,-40(s0)
  unsigned long long start;
  unsigned long long end;
  start = read_cycle_count();
     454:	fb9ff0ef          	jal	40c <read_cycle_count>
     458:	00050793          	mv	a5,a0
     45c:	fef42023          	sw	a5,-32(s0)
     460:	fe042223          	sw	zero,-28(s0)
  _clientreaction_function_2(&period_val, &id_val, __symbolic_elapsed_time, __symbolic_microstep, inp);
     464:	200027b7          	lui	a5,0x20002
     468:	1407a603          	lw	a2,320(a5) # 20002140 <__symbolic_elapsed_time>
     46c:	1447a683          	lw	a3,324(a5)
     470:	200027b7          	lui	a5,0x20002
     474:	1487a583          	lw	a1,328(a5) # 20002148 <__symbolic_microstep>
     478:	fc040513          	addi	a0,s0,-64
     47c:	6f018793          	addi	a5,gp,1776 # 20000de0 <inp>
     480:	0007a703          	lw	a4,0(a5)
     484:	fae42823          	sw	a4,-80(s0)
     488:	0047a703          	lw	a4,4(a5)
     48c:	fae42a23          	sw	a4,-76(s0)
     490:	0087a783          	lw	a5,8(a5)
     494:	faf42c23          	sw	a5,-72(s0)
     498:	fb040793          	addi	a5,s0,-80
     49c:	00078813          	mv	a6,a5
     4a0:	00058793          	mv	a5,a1
     4a4:	00068713          	mv	a4,a3
     4a8:	00060693          	mv	a3,a2
     4ac:	20002637          	lui	a2,0x20002
     4b0:	13860613          	addi	a2,a2,312 # 20002138 <id_val>
     4b4:	200025b7          	lui	a1,0x20002
     4b8:	13058593          	addi	a1,a1,304 # 20002130 <period_val>
     4bc:	ce9ff0ef          	jal	1a4 <_clientreaction_function_2>
  end = read_cycle_count();
     4c0:	f4dff0ef          	jal	40c <read_cycle_count>
     4c4:	00050793          	mv	a5,a0
     4c8:	fef42423          	sw	a5,-24(s0)
     4cc:	fe042623          	sw	zero,-20(s0)
  printf("%i\n", (uint32_t) (end - start));
     4d0:	fe842703          	lw	a4,-24(s0)
     4d4:	fe042783          	lw	a5,-32(s0)
     4d8:	40f707b3          	sub	a5,a4,a5
     4dc:	00078593          	mv	a1,a5
     4e0:	ea818513          	addi	a0,gp,-344 # 20000598 <_impure_ptr+0x54>
     4e4:	395020ef          	jal	3078 <printf>
  return 0;
     4e8:	00000793          	li	a5,0
}
     4ec:	00078513          	mv	a0,a5
     4f0:	04c12083          	lw	ra,76(sp)
     4f4:	04812403          	lw	s0,72(sp)
     4f8:	05010113          	addi	sp,sp,80
     4fc:	00008067          	ret

00000500 <_write_emulation>:
#include <string.h>

#include <flexpret/flexpret.h>
#include <flexpret/uart.h>

void _write_emulation(int fd, char character) {
     500:	fd010113          	addi	sp,sp,-48
     504:	02112623          	sw	ra,44(sp)
     508:	02812423          	sw	s0,40(sp)
     50c:	03010413          	addi	s0,sp,48
     510:	fca42e23          	sw	a0,-36(s0)
     514:	00058793          	mv	a5,a1
     518:	fcf40da3          	sb	a5,-37(s0)
    // Use these variables to buffer up four characters at a time and send them
    // together. Keep one for each thread to make it thread-safe.
    static uint32_t word[FP_THREADS] = THREAD_ARRAY_INITIALIZER(0);
    static int word_idx[FP_THREADS] = THREAD_ARRAY_INITIALIZER(0);

    int tid = read_hartid();
     51c:	50b027f3          	csrr	a5,0x50b
     520:	fef42423          	sw	a5,-24(s0)
     524:	fe842783          	lw	a5,-24(s0)
     528:	fef42623          	sw	a5,-20(s0)

    if (first_character[tid]) {
     52c:	e4818713          	addi	a4,gp,-440 # 20000538 <first_character.2>
     530:	fec42783          	lw	a5,-20(s0)
     534:	00f707b3          	add	a5,a4,a5
     538:	0007c783          	lbu	a5,0(a5)
     53c:	02078c63          	beqz	a5,574 <_write_emulation+0x74>
        // Write the additional information first, which is part of the defined
        // protocol between the CPU and emulator
        write_tohost_tid(tid, CSR_TOHOST_PRINTF);
     540:	fec42783          	lw	a5,-20(s0)
     544:	fff00593          	li	a1,-1
     548:	00078513          	mv	a0,a5
     54c:	1fc000ef          	jal	748 <write_tohost_tid>
        write_tohost_tid(tid, fd);
     550:	fec42783          	lw	a5,-20(s0)
     554:	fdc42703          	lw	a4,-36(s0)
     558:	00070593          	mv	a1,a4
     55c:	00078513          	mv	a0,a5
     560:	1e8000ef          	jal	748 <write_tohost_tid>
        first_character[tid] = false;
     564:	e4818713          	addi	a4,gp,-440 # 20000538 <first_character.2>
     568:	fec42783          	lw	a5,-20(s0)
     56c:	00f707b3          	add	a5,a4,a5
     570:	00078023          	sb	zero,0(a5)
    }

    // Buffer up the character in the word
    word[tid] |= (character << (8 * word_idx[tid]));
     574:	6fc18713          	addi	a4,gp,1788 # 20000dec <word.1>
     578:	fec42783          	lw	a5,-20(s0)
     57c:	00279793          	slli	a5,a5,0x2
     580:	00f707b3          	add	a5,a4,a5
     584:	0007a783          	lw	a5,0(a5)
     588:	fdb44683          	lbu	a3,-37(s0)
     58c:	70c18613          	addi	a2,gp,1804 # 20000dfc <word_idx.0>
     590:	fec42703          	lw	a4,-20(s0)
     594:	00271713          	slli	a4,a4,0x2
     598:	00e60733          	add	a4,a2,a4
     59c:	00072703          	lw	a4,0(a4)
     5a0:	00371713          	slli	a4,a4,0x3
     5a4:	00e69733          	sll	a4,a3,a4
     5a8:	00e7e733          	or	a4,a5,a4
     5ac:	6fc18693          	addi	a3,gp,1788 # 20000dec <word.1>
     5b0:	fec42783          	lw	a5,-20(s0)
     5b4:	00279793          	slli	a5,a5,0x2
     5b8:	00f687b3          	add	a5,a3,a5
     5bc:	00e7a023          	sw	a4,0(a5)
    
    if (word_idx[tid] == 3) {
     5c0:	70c18713          	addi	a4,gp,1804 # 20000dfc <word_idx.0>
     5c4:	fec42783          	lw	a5,-20(s0)
     5c8:	00279793          	slli	a5,a5,0x2
     5cc:	00f707b3          	add	a5,a4,a5
     5d0:	0007a703          	lw	a4,0(a5)
     5d4:	00300793          	li	a5,3
     5d8:	06f71263          	bne	a4,a5,63c <_write_emulation+0x13c>
        // Write the word
        write_tohost_tid(tid, CSR_TOHOST_PRINTF);
     5dc:	fec42783          	lw	a5,-20(s0)
     5e0:	fff00593          	li	a1,-1
     5e4:	00078513          	mv	a0,a5
     5e8:	160000ef          	jal	748 <write_tohost_tid>
        write_tohost_tid(tid, word[tid]);
     5ec:	fec42683          	lw	a3,-20(s0)
     5f0:	6fc18713          	addi	a4,gp,1788 # 20000dec <word.1>
     5f4:	fec42783          	lw	a5,-20(s0)
     5f8:	00279793          	slli	a5,a5,0x2
     5fc:	00f707b3          	add	a5,a4,a5
     600:	0007a783          	lw	a5,0(a5)
     604:	00078593          	mv	a1,a5
     608:	00068513          	mv	a0,a3
     60c:	13c000ef          	jal	748 <write_tohost_tid>
        word_idx[tid] = 0;
     610:	70c18713          	addi	a4,gp,1804 # 20000dfc <word_idx.0>
     614:	fec42783          	lw	a5,-20(s0)
     618:	00279793          	slli	a5,a5,0x2
     61c:	00f707b3          	add	a5,a4,a5
     620:	0007a023          	sw	zero,0(a5)
        word[tid] = 0;
     624:	6fc18713          	addi	a4,gp,1788 # 20000dec <word.1>
     628:	fec42783          	lw	a5,-20(s0)
     62c:	00279793          	slli	a5,a5,0x2
     630:	00f707b3          	add	a5,a4,a5
     634:	0007a023          	sw	zero,0(a5)
     638:	0300006f          	j	668 <_write_emulation+0x168>
    } else {
        word_idx[tid]++;
     63c:	70c18713          	addi	a4,gp,1804 # 20000dfc <word_idx.0>
     640:	fec42783          	lw	a5,-20(s0)
     644:	00279793          	slli	a5,a5,0x2
     648:	00f707b3          	add	a5,a4,a5
     64c:	0007a783          	lw	a5,0(a5)
     650:	00178713          	addi	a4,a5,1
     654:	70c18693          	addi	a3,gp,1804 # 20000dfc <word_idx.0>
     658:	fec42783          	lw	a5,-20(s0)
     65c:	00279793          	slli	a5,a5,0x2
     660:	00f687b3          	add	a5,a3,a5
     664:	00e7a023          	sw	a4,0(a5)
    }

    // Last character
    if (character == '\0') {
     668:	fdb44783          	lbu	a5,-37(s0)
     66c:	08079663          	bnez	a5,6f8 <_write_emulation+0x1f8>
        // If the word index is zero, then the word has already been written
        // and we do not need to do anything
        if (word_idx[tid] != 0) {
     670:	70c18713          	addi	a4,gp,1804 # 20000dfc <word_idx.0>
     674:	fec42783          	lw	a5,-20(s0)
     678:	00279793          	slli	a5,a5,0x2
     67c:	00f707b3          	add	a5,a4,a5
     680:	0007a783          	lw	a5,0(a5)
     684:	02078c63          	beqz	a5,6bc <_write_emulation+0x1bc>
            // Otherwise we need to send the word
            write_tohost_tid(tid, CSR_TOHOST_PRINTF);
     688:	fec42783          	lw	a5,-20(s0)
     68c:	fff00593          	li	a1,-1
     690:	00078513          	mv	a0,a5
     694:	0b4000ef          	jal	748 <write_tohost_tid>
            write_tohost_tid(tid, word[tid]);
     698:	fec42683          	lw	a3,-20(s0)
     69c:	6fc18713          	addi	a4,gp,1788 # 20000dec <word.1>
     6a0:	fec42783          	lw	a5,-20(s0)
     6a4:	00279793          	slli	a5,a5,0x2
     6a8:	00f707b3          	add	a5,a4,a5
     6ac:	0007a783          	lw	a5,0(a5)
     6b0:	00078593          	mv	a1,a5
     6b4:	00068513          	mv	a0,a3
     6b8:	090000ef          	jal	748 <write_tohost_tid>
        }

        // Reset for next printf
        first_character[tid] = true;
     6bc:	e4818713          	addi	a4,gp,-440 # 20000538 <first_character.2>
     6c0:	fec42783          	lw	a5,-20(s0)
     6c4:	00f707b3          	add	a5,a4,a5
     6c8:	00100713          	li	a4,1
     6cc:	00e78023          	sb	a4,0(a5)
        word_idx[tid] = 0;
     6d0:	70c18713          	addi	a4,gp,1804 # 20000dfc <word_idx.0>
     6d4:	fec42783          	lw	a5,-20(s0)
     6d8:	00279793          	slli	a5,a5,0x2
     6dc:	00f707b3          	add	a5,a4,a5
     6e0:	0007a023          	sw	zero,0(a5)
        word[tid] = 0;
     6e4:	6fc18713          	addi	a4,gp,1788 # 20000dec <word.1>
     6e8:	fec42783          	lw	a5,-20(s0)
     6ec:	00279793          	slli	a5,a5,0x2
     6f0:	00f707b3          	add	a5,a4,a5
     6f4:	0007a023          	sw	zero,0(a5)
    }
}
     6f8:	00000013          	nop
     6fc:	02c12083          	lw	ra,44(sp)
     700:	02812403          	lw	s0,40(sp)
     704:	03010113          	addi	sp,sp,48
     708:	00008067          	ret

0000070c <putchar_>:
void _write_fpga(int fd, char character) {
    UNUSED(fd);
    uart_send(character);
}

void putchar_(char character) {
     70c:	fe010113          	addi	sp,sp,-32
     710:	00112e23          	sw	ra,28(sp)
     714:	00812c23          	sw	s0,24(sp)
     718:	02010413          	addi	s0,sp,32
     71c:	00050793          	mv	a5,a0
     720:	fef407a3          	sb	a5,-17(s0)
#ifdef __EMULATOR__
    _write_emulation(1, character); // TODO: Use real file descriptors?
     724:	fef44783          	lbu	a5,-17(s0)
     728:	00078593          	mv	a1,a5
     72c:	00100513          	li	a0,1
     730:	dd1ff0ef          	jal	500 <_write_emulation>
#endif // __EMULATOR__
#ifdef __FPGA__
    _write_fpga(1, character);
#endif // __FPGA__
}
     734:	00000013          	nop
     738:	01c12083          	lw	ra,28(sp)
     73c:	01812403          	lw	s0,24(sp)
     740:	02010113          	addi	sp,sp,32
     744:	00008067          	ret

00000748 <write_tohost_tid>:
#include <flexpret/csrs.h>
#include <flexpret/uart.h>
#include <stdlib.h> // itoa
#include <string.h> // strlen

void write_tohost_tid(uint32_t tid, uint32_t val) {
     748:	fe010113          	addi	sp,sp,-32
     74c:	00112e23          	sw	ra,28(sp)
     750:	00812c23          	sw	s0,24(sp)
     754:	02010413          	addi	s0,sp,32
     758:	fea42623          	sw	a0,-20(s0)
     75c:	feb42423          	sw	a1,-24(s0)
    switch(tid) {
     760:	fec42703          	lw	a4,-20(s0)
     764:	00700793          	li	a5,7
     768:	06e7ee63          	bltu	a5,a4,7e4 <write_tohost_tid+0x9c>
     76c:	fec42783          	lw	a5,-20(s0)
     770:	00279713          	slli	a4,a5,0x2
     774:	f1418793          	addi	a5,gp,-236 # 20000604 <_impure_ptr+0xc0>
     778:	00f707b3          	add	a5,a4,a5
     77c:	0007a783          	lw	a5,0(a5)
     780:	00078067          	jr	a5
        case 0: write_csr(CSR_TOHOST(0), val); break;
     784:	fe842783          	lw	a5,-24(s0)
     788:	53079073          	csrw	0x530,a5
     78c:	0940006f          	j	820 <STACKSIZE+0x20>
        case 1: write_csr(CSR_TOHOST(1), val); break;
     790:	fe842783          	lw	a5,-24(s0)
     794:	53179073          	csrw	0x531,a5
     798:	0880006f          	j	820 <STACKSIZE+0x20>
        case 2: write_csr(CSR_TOHOST(2), val); break;
     79c:	fe842783          	lw	a5,-24(s0)
     7a0:	53279073          	csrw	0x532,a5
     7a4:	07c0006f          	j	820 <STACKSIZE+0x20>
        case 3: write_csr(CSR_TOHOST(3), val); break;
     7a8:	fe842783          	lw	a5,-24(s0)
     7ac:	53379073          	csrw	0x533,a5
     7b0:	0700006f          	j	820 <STACKSIZE+0x20>
        case 4: write_csr(CSR_TOHOST(4), val); break;
     7b4:	fe842783          	lw	a5,-24(s0)
     7b8:	53479073          	csrw	0x534,a5
     7bc:	0640006f          	j	820 <STACKSIZE+0x20>
        case 5: write_csr(CSR_TOHOST(5), val); break;
     7c0:	fe842783          	lw	a5,-24(s0)
     7c4:	53579073          	csrw	0x535,a5
     7c8:	0580006f          	j	820 <STACKSIZE+0x20>
        case 6: write_csr(CSR_TOHOST(6), val); break;
     7cc:	fe842783          	lw	a5,-24(s0)
     7d0:	53679073          	csrw	0x536,a5
     7d4:	04c0006f          	j	820 <STACKSIZE+0x20>
        case 7: write_csr(CSR_TOHOST(7), val); break;
     7d8:	fe842783          	lw	a5,-24(s0)
     7dc:	53779073          	csrw	0x537,a5
     7e0:	0400006f          	j	820 <STACKSIZE+0x20>
        default: _fp_abort("Invalid thread id: %i\n", (int)tid);
     7e4:	01100693          	li	a3,17
     7e8:	f3418613          	addi	a2,gp,-204 # 20000624 <__func__.5>
     7ec:	eac18593          	addi	a1,gp,-340 # 2000059c <_impure_ptr+0x58>
     7f0:	ecc18513          	addi	a0,gp,-308 # 200005bc <_impure_ptr+0x78>
     7f4:	085020ef          	jal	3078 <printf>
     7f8:	fec42783          	lw	a5,-20(s0)
     7fc:	00078593          	mv	a1,a5
     800:	ee818513          	addi	a0,gp,-280 # 200005d8 <_impure_ptr+0x94>
     804:	075020ef          	jal	3078 <printf>
     808:	01100513          	li	a0,17
     80c:	100000ef          	jal	90c <gpo_set_ledmask>
     810:	deadc7b7          	lui	a5,0xdeadc
     814:	eef78513          	addi	a0,a5,-273 # deadbeef <BUS_END+0x9eadbaef>
     818:	01c000ef          	jal	834 <write_tohost>
    }
}
     81c:	00000013          	nop
     820:	00000013          	nop
     824:	01c12083          	lw	ra,28(sp)
     828:	01812403          	lw	s0,24(sp)
     82c:	02010113          	addi	sp,sp,32
     830:	00008067          	ret

00000834 <write_tohost>:

void write_tohost(uint32_t val) {
     834:	fd010113          	addi	sp,sp,-48
     838:	02112623          	sw	ra,44(sp)
     83c:	02812423          	sw	s0,40(sp)
     840:	03010413          	addi	s0,sp,48
     844:	fca42e23          	sw	a0,-36(s0)
    int tid = read_hartid();
     848:	50b027f3          	csrr	a5,0x50b
     84c:	fef42423          	sw	a5,-24(s0)
     850:	fe842783          	lw	a5,-24(s0)
     854:	fef42623          	sw	a5,-20(s0)
    write_tohost_tid(tid, val);
     858:	fec42783          	lw	a5,-20(s0)
     85c:	fdc42583          	lw	a1,-36(s0)
     860:	00078513          	mv	a0,a5
     864:	ee5ff0ef          	jal	748 <write_tohost_tid>
}
     868:	00000013          	nop
     86c:	02c12083          	lw	ra,44(sp)
     870:	02812403          	lw	s0,40(sp)
     874:	03010113          	addi	sp,sp,48
     878:	00008067          	ret

0000087c <gpo_write_0>:
        case 3: write_csr(CSR_UARCH7, val); break;
        default: _fp_abort("Invalid port: %i\n", (int)port);
    }
}

void gpo_write_0(uint32_t val) { write_csr(CSR_UARCH4, val); }
     87c:	fe010113          	addi	sp,sp,-32
     880:	00112e23          	sw	ra,28(sp)
     884:	00812c23          	sw	s0,24(sp)
     888:	02010413          	addi	s0,sp,32
     88c:	fea42623          	sw	a0,-20(s0)
     890:	fec42783          	lw	a5,-20(s0)
     894:	cc479073          	csrw	0xcc4,a5
     898:	00000013          	nop
     89c:	01c12083          	lw	ra,28(sp)
     8a0:	01812403          	lw	s0,24(sp)
     8a4:	02010113          	addi	sp,sp,32
     8a8:	00008067          	ret

000008ac <gpo_write_1>:
void gpo_write_1(uint32_t val) { write_csr(CSR_UARCH5, val); }
     8ac:	fe010113          	addi	sp,sp,-32
     8b0:	00112e23          	sw	ra,28(sp)
     8b4:	00812c23          	sw	s0,24(sp)
     8b8:	02010413          	addi	s0,sp,32
     8bc:	fea42623          	sw	a0,-20(s0)
     8c0:	fec42783          	lw	a5,-20(s0)
     8c4:	cc579073          	csrw	0xcc5,a5
     8c8:	00000013          	nop
     8cc:	01c12083          	lw	ra,28(sp)
     8d0:	01812403          	lw	s0,24(sp)
     8d4:	02010113          	addi	sp,sp,32
     8d8:	00008067          	ret

000008dc <gpo_write_2>:
void gpo_write_2(uint32_t val) { write_csr(CSR_UARCH6, val); }
     8dc:	fe010113          	addi	sp,sp,-32
     8e0:	00112e23          	sw	ra,28(sp)
     8e4:	00812c23          	sw	s0,24(sp)
     8e8:	02010413          	addi	s0,sp,32
     8ec:	fea42623          	sw	a0,-20(s0)
     8f0:	fec42783          	lw	a5,-20(s0)
     8f4:	cc679073          	csrw	0xcc6,a5
     8f8:	00000013          	nop
     8fc:	01c12083          	lw	ra,28(sp)
     900:	01812403          	lw	s0,24(sp)
     904:	02010113          	addi	sp,sp,32
     908:	00008067          	ret

0000090c <gpo_set_ledmask>:
void gpo_write_3(uint32_t val) { write_csr(CSR_UARCH7, val); }

void gpo_set_ledmask(const uint8_t byte) {
     90c:	fe010113          	addi	sp,sp,-32
     910:	00112e23          	sw	ra,28(sp)
     914:	00812c23          	sw	s0,24(sp)
     918:	02010413          	addi	s0,sp,32
     91c:	00050793          	mv	a5,a0
     920:	fef407a3          	sb	a5,-17(s0)
    gpo_write_0((byte >> 0) & 0b11);
     924:	fef44783          	lbu	a5,-17(s0)
     928:	0037f793          	andi	a5,a5,3
     92c:	00078513          	mv	a0,a5
     930:	f4dff0ef          	jal	87c <gpo_write_0>
    gpo_write_1((byte >> 2) & 0b11);
     934:	fef44783          	lbu	a5,-17(s0)
     938:	0027d793          	srli	a5,a5,0x2
     93c:	0ff7f793          	zext.b	a5,a5
     940:	0037f793          	andi	a5,a5,3
     944:	00078513          	mv	a0,a5
     948:	f65ff0ef          	jal	8ac <gpo_write_1>
    gpo_write_2((byte >> 4) & 0b11);
     94c:	fef44783          	lbu	a5,-17(s0)
     950:	0047d793          	srli	a5,a5,0x4
     954:	0ff7f793          	zext.b	a5,a5
     958:	0037f793          	andi	a5,a5,3
     95c:	00078513          	mv	a0,a5
     960:	f7dff0ef          	jal	8dc <gpo_write_2>
    //gpo_write_3((byte >> 6) & 0b11);
}
     964:	00000013          	nop
     968:	01c12083          	lw	ra,28(sp)
     96c:	01812403          	lw	s0,24(sp)
     970:	02010113          	addi	sp,sp,32
     974:	00008067          	ret

00000978 <check_bounds_inclusive>:
int main(void);
void Reset_Handler(void) __attribute__((weak));

void syscalls_init(void);

static inline bool check_bounds_inclusive(const void *val, const void *lower, const void *upper) {
     978:	fe010113          	addi	sp,sp,-32
     97c:	00112e23          	sw	ra,28(sp)
     980:	00812c23          	sw	s0,24(sp)
     984:	02010413          	addi	s0,sp,32
     988:	fea42623          	sw	a0,-20(s0)
     98c:	feb42423          	sw	a1,-24(s0)
     990:	fec42223          	sw	a2,-28(s0)
    return lower <= val && val <= upper;
     994:	fe842703          	lw	a4,-24(s0)
     998:	fec42783          	lw	a5,-20(s0)
     99c:	00e7ec63          	bltu	a5,a4,9b4 <check_bounds_inclusive+0x3c>
     9a0:	fec42703          	lw	a4,-20(s0)
     9a4:	fe442783          	lw	a5,-28(s0)
     9a8:	00e7e663          	bltu	a5,a4,9b4 <check_bounds_inclusive+0x3c>
     9ac:	00100793          	li	a5,1
     9b0:	0080006f          	j	9b8 <check_bounds_inclusive+0x40>
     9b4:	00000793          	li	a5,0
     9b8:	0017f793          	andi	a5,a5,1
     9bc:	0ff7f793          	zext.b	a5,a5
}
     9c0:	00078513          	mv	a0,a5
     9c4:	01c12083          	lw	ra,28(sp)
     9c8:	01812403          	lw	s0,24(sp)
     9cc:	02010113          	addi	sp,sp,32
     9d0:	00008067          	ret

000009d4 <Reset_Handler>:
/**
 * Initialize initialized global variables, set uninitialized global variables
 * to zero, configure tinyalloc, and jump to main.
 */
fp_lock_t _lock = FP_LOCK_INITIALIZER;
void Reset_Handler() {
     9d4:	f8010113          	addi	sp,sp,-128
     9d8:	06112e23          	sw	ra,124(sp)
     9dc:	06812c23          	sw	s0,120(sp)
     9e0:	08010413          	addi	s0,sp,128
    // Get hartid
    uint32_t hartid = read_hartid();
     9e4:	50b027f3          	csrr	a5,0x50b
     9e8:	faf42423          	sw	a5,-88(s0)
     9ec:	fa842783          	lw	a5,-88(s0)
     9f0:	faf42623          	sw	a5,-84(s0)

    // Only thread 0 performs the setup,
    // the other threads busy wait until ready.
    if (hartid == 0) {
     9f4:	fac42783          	lw	a5,-84(s0)
     9f8:	24079663          	bnez	a5,c44 <Reset_Handler+0x270>
        // Copy .data section into the RAM
        uint32_t size   = &__edata - &__sdata;
     9fc:	6f018713          	addi	a4,gp,1776 # 20000de0 <inp>
     a00:	91018793          	addi	a5,gp,-1776 # 20000000 <malloc_lock>
     a04:	40f707b3          	sub	a5,a4,a5
     a08:	4027d793          	srai	a5,a5,0x2
     a0c:	faf42823          	sw	a5,-80(s0)
        uint32_t *pDst  = (uint32_t*)&__sdata; // RAM
     a10:	91018793          	addi	a5,gp,-1776 # 20000000 <malloc_lock>
     a14:	faf42a23          	sw	a5,-76(s0)
        uint32_t *pSrc  = (uint32_t*)&__etext; // ROM
     a18:	000047b7          	lui	a5,0x4
     a1c:	01478793          	addi	a5,a5,20 # 4014 <__etext>
     a20:	faf42c23          	sw	a5,-72(s0)

        for (uint32_t i = 0; i < size; i++) {
     a24:	f8042623          	sw	zero,-116(s0)
     a28:	0380006f          	j	a60 <Reset_Handler+0x8c>
            pDst[i] = pSrc[i];
     a2c:	f8c42783          	lw	a5,-116(s0)
     a30:	00279793          	slli	a5,a5,0x2
     a34:	fb842703          	lw	a4,-72(s0)
     a38:	00f70733          	add	a4,a4,a5
     a3c:	f8c42783          	lw	a5,-116(s0)
     a40:	00279793          	slli	a5,a5,0x2
     a44:	fb442683          	lw	a3,-76(s0)
     a48:	00f687b3          	add	a5,a3,a5
     a4c:	00072703          	lw	a4,0(a4)
     a50:	00e7a023          	sw	a4,0(a5)
        for (uint32_t i = 0; i < size; i++) {
     a54:	f8c42783          	lw	a5,-116(s0)
     a58:	00178793          	addi	a5,a5,1
     a5c:	f8f42623          	sw	a5,-116(s0)
     a60:	f8c42703          	lw	a4,-116(s0)
     a64:	fb042783          	lw	a5,-80(s0)
     a68:	fcf762e3          	bltu	a4,a5,a2c <Reset_Handler+0x58>
        }

        // Init. the .bss section to zero in RAM
        size = (uint32_t)&__ebss - (uint32_t)&__sbss;
     a6c:	200027b7          	lui	a5,0x20002
     a70:	18078713          	addi	a4,a5,384 # 20002180 <__ebss>
     a74:	6f018793          	addi	a5,gp,1776 # 20000de0 <inp>
     a78:	40f707b3          	sub	a5,a4,a5
     a7c:	faf42823          	sw	a5,-80(s0)
        pDst = (uint32_t*)&__sbss;
     a80:	6f018793          	addi	a5,gp,1776 # 20000de0 <inp>
     a84:	faf42a23          	sw	a5,-76(s0)
        for(uint32_t i = 0; i < size; i++) {
     a88:	f8042823          	sw	zero,-112(s0)
     a8c:	0240006f          	j	ab0 <Reset_Handler+0xdc>
            pDst[i] = 0;
     a90:	f9042783          	lw	a5,-112(s0)
     a94:	00279793          	slli	a5,a5,0x2
     a98:	fb442703          	lw	a4,-76(s0)
     a9c:	00f707b3          	add	a5,a4,a5
     aa0:	0007a023          	sw	zero,0(a5)
        for(uint32_t i = 0; i < size; i++) {
     aa4:	f9042783          	lw	a5,-112(s0)
     aa8:	00178793          	addi	a5,a5,1
     aac:	f8f42823          	sw	a5,-112(s0)
     ab0:	f9042703          	lw	a4,-112(s0)
     ab4:	fb042783          	lw	a5,-80(s0)
     ab8:	fcf76ce3          	bltu	a4,a5,a90 <Reset_Handler+0xbc>
        }

#ifndef NDEBUG
        // Perform some sanity checks on the stack and heap pointers
        const uint32_t *stack_end_calculated = (uint32_t *)
            ((uint32_t) (&__sstack) - (FP_THREADS * FP_STACKSIZE));
     abc:	200107b7          	lui	a5,0x20010
     ac0:	00078713          	mv	a4,a5
     ac4:	ffffe7b7          	lui	a5,0xffffe
     ac8:	00f707b3          	add	a5,a4,a5
        const uint32_t *stack_end_calculated = (uint32_t *)
     acc:	faf42e23          	sw	a5,-68(s0)

        fp_assert(&__estack == stack_end_calculated, 
     ad0:	fbc42703          	lw	a4,-68(s0)
     ad4:	2000e7b7          	lui	a5,0x2000e
     ad8:	00078793          	mv	a5,a5
     adc:	04f70063          	beq	a4,a5,b1c <Reset_Handler+0x148>
     ae0:	05400693          	li	a3,84
     ae4:	08018613          	addi	a2,gp,128 # 20000770 <__func__.0>
     ae8:	f4818593          	addi	a1,gp,-184 # 20000638 <__func__.5+0x14>
     aec:	f7018513          	addi	a0,gp,-144 # 20000660 <__func__.5+0x3c>
     af0:	588020ef          	jal	3078 <printf>
     af4:	fbc42603          	lw	a2,-68(s0)
     af8:	2000e7b7          	lui	a5,0x2000e
     afc:	00078593          	mv	a1,a5
     b00:	f8c18513          	addi	a0,gp,-116 # 2000067c <__func__.5+0x58>
     b04:	574020ef          	jal	3078 <printf>
     b08:	05400513          	li	a0,84
     b0c:	e01ff0ef          	jal	90c <gpo_set_ledmask>
     b10:	deadc7b7          	lui	a5,0xdeadc
     b14:	eef78513          	addi	a0,a5,-273 # deadbeef <BUS_END+0x9eadbaef>
     b18:	d1dff0ef          	jal	834 <write_tohost>
            "Stack not set up correctly: End of stack: %p, Calculated end of stack: %p\n",
            &__estack, stack_end_calculated);

        fp_assert(&__eheap == &__estack, 
     b1c:	2000e7b7          	lui	a5,0x2000e
     b20:	00078713          	mv	a4,a5
     b24:	2000e7b7          	lui	a5,0x2000e
     b28:	00078793          	mv	a5,a5
     b2c:	04f70263          	beq	a4,a5,b70 <Reset_Handler+0x19c>
     b30:	05800693          	li	a3,88
     b34:	08018613          	addi	a2,gp,128 # 20000770 <__func__.0>
     b38:	f4818593          	addi	a1,gp,-184 # 20000638 <__func__.5+0x14>
     b3c:	f7018513          	addi	a0,gp,-144 # 20000660 <__func__.5+0x3c>
     b40:	538020ef          	jal	3078 <printf>
     b44:	2000e7b7          	lui	a5,0x2000e
     b48:	00078613          	mv	a2,a5
     b4c:	2000e7b7          	lui	a5,0x2000e
     b50:	00078593          	mv	a1,a5
     b54:	fd818513          	addi	a0,gp,-40 # 200006c8 <__func__.5+0xa4>
     b58:	520020ef          	jal	3078 <printf>
     b5c:	05800513          	li	a0,88
     b60:	dadff0ef          	jal	90c <gpo_set_ledmask>
     b64:	deadc7b7          	lui	a5,0xdeadc
     b68:	eef78513          	addi	a0,a5,-273 # deadbeef <BUS_END+0x9eadbaef>
     b6c:	cc9ff0ef          	jal	834 <write_tohost>
         */
        // Signal all the other (currently HRTT) threads
        // to wake up and execute up to here,
        // by allocating the slots to them.
        slot_t slots[8];
        for (int i = 0; i < FP_THREADS; i++) {
     b70:	f8042a23          	sw	zero,-108(s0)
     b74:	0280006f          	j	b9c <Reset_Handler+0x1c8>
            slots[i] = i;
     b78:	f9442703          	lw	a4,-108(s0)
     b7c:	f9442683          	lw	a3,-108(s0)
     b80:	fd040793          	addi	a5,s0,-48
     b84:	00269693          	slli	a3,a3,0x2
     b88:	00f687b3          	add	a5,a3,a5
     b8c:	00e7a023          	sw	a4,0(a5)
        for (int i = 0; i < FP_THREADS; i++) {
     b90:	f9442783          	lw	a5,-108(s0)
     b94:	00178793          	addi	a5,a5,1
     b98:	f8f42a23          	sw	a5,-108(s0)
     b9c:	f9442703          	lw	a4,-108(s0)
     ba0:	00300793          	li	a5,3
     ba4:	fce7dae3          	bge	a5,a4,b78 <Reset_Handler+0x1a4>
        }
        // Disable slots with ID >= FP_THREADS,
        for (int j = FP_THREADS; j < SLOTS_SIZE; j++)
     ba8:	00400793          	li	a5,4
     bac:	f8f42c23          	sw	a5,-104(s0)
     bb0:	0280006f          	j	bd8 <Reset_Handler+0x204>
            slots[j] = SLOT_D;
     bb4:	f9842703          	lw	a4,-104(s0)
     bb8:	fd040793          	addi	a5,s0,-48
     bbc:	00271713          	slli	a4,a4,0x2
     bc0:	00f707b3          	add	a5,a4,a5
     bc4:	00f00713          	li	a4,15
     bc8:	00e7a023          	sw	a4,0(a5)
        for (int j = FP_THREADS; j < SLOTS_SIZE; j++)
     bcc:	f9842783          	lw	a5,-104(s0)
     bd0:	00178793          	addi	a5,a5,1
     bd4:	f8f42c23          	sw	a5,-104(s0)
     bd8:	f9842703          	lw	a4,-104(s0)
     bdc:	00700793          	li	a5,7
     be0:	fce7dae3          	bge	a5,a4,bb4 <Reset_Handler+0x1e0>
        
        // Acquire lock and allow all threads to start execute as HRTTs
        fp_hwlock_acquire();
     be4:	2d5000ef          	jal	16b8 <fp_hwlock_acquire>
        for (int i = 0; i < FP_THREADS; i++) {
     be8:	f8042e23          	sw	zero,-100(s0)
     bec:	0200006f          	j	c0c <Reset_Handler+0x238>
            tmode_set(i, TMODE_HA);
     bf0:	f9c42783          	lw	a5,-100(s0)
     bf4:	00000593          	li	a1,0
     bf8:	00078513          	mv	a0,a5
     bfc:	4bc000ef          	jal	10b8 <tmode_set>
        for (int i = 0; i < FP_THREADS; i++) {
     c00:	f9c42783          	lw	a5,-100(s0)
     c04:	00178793          	addi	a5,a5,1
     c08:	f8f42e23          	sw	a5,-100(s0)
     c0c:	f9c42703          	lw	a4,-100(s0)
     c10:	00300793          	li	a5,3
     c14:	fce7dee3          	bge	a5,a4,bf0 <Reset_Handler+0x21c>
        }
        slot_set(slots, 8);
     c18:	fd040793          	addi	a5,s0,-48
     c1c:	00800593          	li	a1,8
     c20:	00078513          	mv	a0,a5
     c24:	3c0000ef          	jal	fe4 <slot_set>
        fp_hwlock_release();
     c28:	2d1000ef          	jal	16f8 <fp_hwlock_release>

        // FIXME: Wait for a worker thread to signal
        // ready-to-sleep and put it to sleep.

        // Signal everything is ready.
        fp_hwlock_acquire();
     c2c:	28d000ef          	jal	16b8 <fp_hwlock_acquire>
        __ready__ = true;
     c30:	200027b7          	lui	a5,0x20002
     c34:	00100713          	li	a4,1
     c38:	14e78623          	sb	a4,332(a5) # 2000214c <__ready__>
        fp_hwlock_release();
     c3c:	2bd000ef          	jal	16f8 <fp_hwlock_release>
     c40:	0200006f          	j	c60 <Reset_Handler+0x28c>
    } else {
        // FIXME: Signal thread 0 to put
        // the worker thread to sleep.

        // Wait for thread 0 to finish setup.
        while (!__ready__);
     c44:	00000013          	nop
     c48:	200027b7          	lui	a5,0x20002
     c4c:	14c7c783          	lbu	a5,332(a5) # 2000214c <__ready__>
     c50:	0ff7f793          	zext.b	a5,a5
     c54:	0017c793          	xori	a5,a5,1
     c58:	0ff7f793          	zext.b	a5,a5
     c5c:	fe0796e3          	bnez	a5,c48 <Reset_Handler+0x274>
    // Check that each thread's stack pointer is within its own stack start/end
    // addresses
    register uint32_t *stack_pointer asm("sp");
    
    const uint32_t *stack_start = (uint32_t *)
        ((uint32_t) (&__sstack) - (hartid * FP_STACKSIZE));
     c60:	200107b7          	lui	a5,0x20010
     c64:	00078713          	mv	a4,a5
     c68:	fac42783          	lw	a5,-84(s0)
     c6c:	00b79793          	slli	a5,a5,0xb
     c70:	40f707b3          	sub	a5,a4,a5
    const uint32_t *stack_start = (uint32_t *)
     c74:	fcf42023          	sw	a5,-64(s0)
    
    const uint32_t *stack_end   = (uint32_t *) 
        ((uint32_t) (stack_start) - FP_STACKSIZE);
     c78:	fc042783          	lw	a5,-64(s0)
     c7c:	80078793          	addi	a5,a5,-2048 # 2000f800 <__eheap+0x1800>
    const uint32_t *stack_end   = (uint32_t *) 
     c80:	fcf42223          	sw	a5,-60(s0)

    fp_assert(check_bounds_inclusive(stack_pointer, stack_end, stack_start),
     c84:	00010793          	mv	a5,sp
     c88:	fc042603          	lw	a2,-64(s0)
     c8c:	fc442583          	lw	a1,-60(s0)
     c90:	00078513          	mv	a0,a5
     c94:	ce5ff0ef          	jal	978 <check_bounds_inclusive>
     c98:	00050793          	mv	a5,a0
     c9c:	0017c793          	xori	a5,a5,1
     ca0:	0ff7f793          	zext.b	a5,a5
     ca4:	02078e63          	beqz	a5,ce0 <Reset_Handler+0x30c>
     ca8:	0a100693          	li	a3,161
     cac:	08018613          	addi	a2,gp,128 # 20000770 <__func__.0>
     cb0:	f4818593          	addi	a1,gp,-184 # 20000638 <__func__.5+0x14>
     cb4:	f7018513          	addi	a0,gp,-144 # 20000660 <__func__.5+0x3c>
     cb8:	3c0020ef          	jal	3078 <printf>
     cbc:	00010793          	mv	a5,sp
     cc0:	00078593          	mv	a1,a5
     cc4:	01c18513          	addi	a0,gp,28 # 2000070c <__global_pointer$+0x1c>
     cc8:	3b0020ef          	jal	3078 <printf>
     ccc:	0a100513          	li	a0,161
     cd0:	c3dff0ef          	jal	90c <gpo_set_ledmask>
     cd4:	deadc7b7          	lui	a5,0xdeadc
     cd8:	eef78513          	addi	a0,a5,-273 # deadbeef <BUS_END+0x9eadbaef>
     cdc:	b59ff0ef          	jal	834 <write_tohost>
        "Stack pointer incorrectly set: %p\n", stack_pointer);

    uint32_t hwconfighash = read_csr(CSR_CONFIGHASH);
     ce0:	cd0027f3          	csrr	a5,0xcd0
     ce4:	fcf42423          	sw	a5,-56(s0)
     ce8:	fc842783          	lw	a5,-56(s0)
     cec:	fcf42623          	sw	a5,-52(s0)
    fp_assert(hwconfighash == FP_CONFIGHASH,
     cf0:	fcc42703          	lw	a4,-52(s0)
     cf4:	67cf97b7          	lui	a5,0x67cf9
     cf8:	78078793          	addi	a5,a5,1920 # 67cf9780 <BUS_END+0x27cf9380>
     cfc:	04f70063          	beq	a4,a5,d3c <Reset_Handler+0x368>
     d00:	0a500693          	li	a3,165
     d04:	08018613          	addi	a2,gp,128 # 20000770 <__func__.0>
     d08:	f4818593          	addi	a1,gp,-184 # 20000638 <__func__.5+0x14>
     d0c:	f7018513          	addi	a0,gp,-144 # 20000660 <__func__.5+0x3c>
     d10:	368020ef          	jal	3078 <printf>
     d14:	67cf97b7          	lui	a5,0x67cf9
     d18:	78078613          	addi	a2,a5,1920 # 67cf9780 <BUS_END+0x27cf9380>
     d1c:	fcc42583          	lw	a1,-52(s0)
     d20:	04018513          	addi	a0,gp,64 # 20000730 <__global_pointer$+0x40>
     d24:	354020ef          	jal	3078 <printf>
     d28:	0a500513          	li	a0,165
     d2c:	be1ff0ef          	jal	90c <gpo_set_ledmask>
     d30:	deadc7b7          	lui	a5,0xdeadc
     d34:	eef78513          	addi	a0,a5,-273 # deadbeef <BUS_END+0x9eadbaef>
     d38:	afdff0ef          	jal	834 <write_tohost>
        "Hardware and software configuration mismatch (0x%x vs. 0x%x)\n",
        (unsigned int) hwconfighash, (unsigned int) FP_CONFIGHASH);
#endif // NDEBUG

    // Setup exception handling
    setup_exceptions();
     d3c:	14d000ef          	jal	1688 <setup_exceptions>

    // Call main().
    int ret = 0;
     d40:	fa042023          	sw	zero,-96(s0)
    if (hartid == 0) {
     d44:	fac42783          	lw	a5,-84(s0)
     d48:	00079863          	bnez	a5,d58 <Reset_Handler+0x384>
        ret = main();
     d4c:	ef0ff0ef          	jal	43c <main>
     d50:	faa42023          	sw	a0,-96(s0)
     d54:	0080006f          	j	d5c <Reset_Handler+0x388>
    } else {
        worker_main();
     d58:	3f8000ef          	jal	1150 <worker_main>
    }

    // Shutdown the program.
    if (hartid == 0) {
     d5c:	fac42783          	lw	a5,-84(s0)
     d60:	06079a63          	bnez	a5,dd4 <Reset_Handler+0x400>
        /* Make sure all worker threads properly shutdown. */

        // Wait for all hardware worker threads
        // to finish their ongoing routines.
        while (num_threads_busy > 0);
     d64:	00000013          	nop
     d68:	200027b7          	lui	a5,0x20002
     d6c:	15c7a783          	lw	a5,348(a5) # 2000215c <num_threads_busy>
     d70:	fe079ce3          	bnez	a5,d68 <Reset_Handler+0x394>

        // Signal all threads besides T0 to exit.
        fp_hwlock_acquire();
     d74:	145000ef          	jal	16b8 <fp_hwlock_acquire>
        for (int i = 1; i < FP_THREADS; i++) {
     d78:	00100793          	li	a5,1
     d7c:	faf42223          	sw	a5,-92(s0)
     d80:	0280006f          	j	da8 <Reset_Handler+0x3d4>
            exit_requested[i] = true;
     d84:	200027b7          	lui	a5,0x20002
     d88:	15878713          	addi	a4,a5,344 # 20002158 <exit_requested>
     d8c:	fa442783          	lw	a5,-92(s0)
     d90:	00f707b3          	add	a5,a4,a5
     d94:	00100713          	li	a4,1
     d98:	00e78023          	sb	a4,0(a5)
        for (int i = 1; i < FP_THREADS; i++) {
     d9c:	fa442783          	lw	a5,-92(s0)
     da0:	00178793          	addi	a5,a5,1
     da4:	faf42223          	sw	a5,-92(s0)
     da8:	fa442703          	lw	a4,-92(s0)
     dac:	00300793          	li	a5,3
     db0:	fce7dae3          	bge	a5,a4,d84 <Reset_Handler+0x3b0>
            // FIXME: If the thread is sleeping,
            // wake up the thread.
        }
        fp_hwlock_release();
     db4:	145000ef          	jal	16f8 <fp_hwlock_release>

        // Wait for all hardware worker threads to exit.
        while (num_threads_exited < FP_THREADS-1);
     db8:	00000013          	nop
     dbc:	200027b7          	lui	a5,0x20002
     dc0:	1607a703          	lw	a4,352(a5) # 20002160 <num_threads_exited>
     dc4:	00200793          	li	a5,2
     dc8:	fee7fae3          	bgeu	a5,a4,dbc <Reset_Handler+0x3e8>

        // FIXME: Execute the main thread
        // clean up handlers here.

        // Exit the program.
        _exit(ret);
     dcc:	fa042503          	lw	a0,-96(s0)
     dd0:	090000ef          	jal	e60 <_exit>
    } else {
        while (1);
     dd4:	0000006f          	j	dd4 <Reset_Handler+0x400>

00000dd8 <__getreent>:
#include <reent.h>

#define INITIAL_HEAPSIZE (0x400)

struct _reent _reents[FP_THREADS];
struct _reent *__getreent(void) {
     dd8:	fe010113          	addi	sp,sp,-32
     ddc:	00112e23          	sw	ra,28(sp)
     de0:	00812c23          	sw	s0,24(sp)
     de4:	02010413          	addi	s0,sp,32
    uint32_t hartid = read_hartid();
     de8:	50b027f3          	csrr	a5,0x50b
     dec:	fef42423          	sw	a5,-24(s0)
     df0:	fe842783          	lw	a5,-24(s0)
     df4:	fef42623          	sw	a5,-20(s0)
    return &_reents[hartid];
     df8:	fec42703          	lw	a4,-20(s0)
     dfc:	00070793          	mv	a5,a4
     e00:	00279793          	slli	a5,a5,0x2
     e04:	00e787b3          	add	a5,a5,a4
     e08:	00279793          	slli	a5,a5,0x2
     e0c:	40e787b3          	sub	a5,a5,a4
     e10:	00279793          	slli	a5,a5,0x2
     e14:	20001737          	lui	a4,0x20001
     e18:	e0c70713          	addi	a4,a4,-500 # 20000e0c <_reents>
     e1c:	00e787b3          	add	a5,a5,a4
}
     e20:	00078513          	mv	a0,a5
     e24:	01c12083          	lw	ra,28(sp)
     e28:	01812403          	lw	s0,24(sp)
     e2c:	02010113          	addi	sp,sp,32
     e30:	00008067          	ret

00000e34 <__errno>:

int *__errno(void) {
     e34:	ff010113          	addi	sp,sp,-16
     e38:	00112623          	sw	ra,12(sp)
     e3c:	00812423          	sw	s0,8(sp)
     e40:	01010413          	addi	s0,sp,16
    return &_REENT->_errno;
     e44:	f95ff0ef          	jal	dd8 <__getreent>
     e48:	00050793          	mv	a5,a0
}
     e4c:	00078513          	mv	a0,a5
     e50:	00c12083          	lw	ra,12(sp)
     e54:	00812403          	lw	s0,8(sp)
     e58:	01010113          	addi	sp,sp,16
     e5c:	00008067          	ret

00000e60 <_exit>:

////////////////////////////////////////////////////////////////////////////////
// Syscall implementations
////////////////////////////////////////////////////////////////////////////////

void _exit (int code) {
     e60:	fe010113          	addi	sp,sp,-32
     e64:	00112e23          	sw	ra,28(sp)
     e68:	00812c23          	sw	s0,24(sp)
     e6c:	02010413          	addi	s0,sp,32
     e70:	fea42623          	sw	a0,-20(s0)
    if (code == 0) {
     e74:	fec42783          	lw	a5,-20(s0)
     e78:	02079663          	bnez	a5,ea4 <_exit+0x44>
        _fp_finish();
     e7c:	03200613          	li	a2,50
     e80:	09018593          	addi	a1,gp,144 # 20000780 <__func__.0+0x10>
     e84:	0b818513          	addi	a0,gp,184 # 200007a8 <__func__.0+0x38>
     e88:	1f0020ef          	jal	3078 <printf>
     e8c:	08000513          	li	a0,128
     e90:	a7dff0ef          	jal	90c <gpo_set_ledmask>
     e94:	deade7b7          	lui	a5,0xdeade
     e98:	ead78513          	addi	a0,a5,-339 # deaddead <BUS_END+0x9eaddaad>
     e9c:	999ff0ef          	jal	834 <write_tohost>
     ea0:	03c0006f          	j	edc <_exit+0x7c>
    } else {
        _fp_abort("Got exit code: %i\n", code);
     ea4:	03400693          	li	a3,52
     ea8:	10418613          	addi	a2,gp,260 # 200007f4 <__func__.1>
     eac:	09018593          	addi	a1,gp,144 # 20000780 <__func__.0+0x10>
     eb0:	0d418513          	addi	a0,gp,212 # 200007c4 <__func__.0+0x54>
     eb4:	1c4020ef          	jal	3078 <printf>
     eb8:	fec42583          	lw	a1,-20(s0)
     ebc:	0f018513          	addi	a0,gp,240 # 200007e0 <__func__.0+0x70>
     ec0:	1b8020ef          	jal	3078 <printf>
     ec4:	03400513          	li	a0,52
     ec8:	a45ff0ef          	jal	90c <gpo_set_ledmask>
     ecc:	deadc7b7          	lui	a5,0xdeadc
     ed0:	eef78513          	addi	a0,a5,-273 # deadbeef <BUS_END+0x9eadbaef>
     ed4:	961ff0ef          	jal	834 <write_tohost>
    }
    while(1) {}
     ed8:	00000013          	nop
     edc:	00000013          	nop
     ee0:	ffdff06f          	j	edc <_exit+0x7c>

00000ee4 <_sbrk>:
    return -1;
}

// Based on the implementation found here: https://sourceware.org/git/gitweb.cgi?p=newlib-cygwin.git;a=blob;f=libgloss/aarch64/syscalls.c
// with some modifications
void *_sbrk(int incr) {
     ee4:	fd010113          	addi	sp,sp,-48
     ee8:	02112623          	sw	ra,44(sp)
     eec:	02812423          	sw	s0,40(sp)
     ef0:	03010413          	addi	s0,sp,48
     ef4:	fca42e23          	sw	a0,-36(s0)
    extern char __sheap; // Set by linker; start of heap space
    extern char __eheap; // Set by linker; max size of the heap (where stack begins)
    static char * heap_end;
    char *        prev_heap_end;

    if (heap_end == 0) {
     ef8:	200027b7          	lui	a5,0x20002
     efc:	1507a783          	lw	a5,336(a5) # 20002150 <heap_end.0>
     f00:	00079a63          	bnez	a5,f14 <_sbrk+0x30>
        heap_end = &__sheap;
     f04:	200027b7          	lui	a5,0x20002
     f08:	20002737          	lui	a4,0x20002
     f0c:	18070713          	addi	a4,a4,384 # 20002180 <__ebss>
     f10:	14e7a823          	sw	a4,336(a5) # 20002150 <heap_end.0>
    }

    prev_heap_end = heap_end;
     f14:	200027b7          	lui	a5,0x20002
     f18:	1507a783          	lw	a5,336(a5) # 20002150 <heap_end.0>
     f1c:	fef42623          	sw	a5,-20(s0)

    if ((heap_end + incr) > &__eheap) {
     f20:	200027b7          	lui	a5,0x20002
     f24:	1507a703          	lw	a4,336(a5) # 20002150 <heap_end.0>
     f28:	fdc42783          	lw	a5,-36(s0)
     f2c:	00f70733          	add	a4,a4,a5
     f30:	2000e7b7          	lui	a5,0x2000e
     f34:	00078793          	mv	a5,a5
     f38:	00e7fe63          	bgeu	a5,a4,f54 <_sbrk+0x70>
        errno = ENOMEM;
     f3c:	ef9ff0ef          	jal	e34 <__errno>
     f40:	00050713          	mv	a4,a0
     f44:	00c00793          	li	a5,12
     f48:	00f72023          	sw	a5,0(a4)
        return (void *) -1;
     f4c:	fff00793          	li	a5,-1
     f50:	0200006f          	j	f70 <_sbrk+0x8c>
    }

   heap_end += incr;
     f54:	200027b7          	lui	a5,0x20002
     f58:	1507a703          	lw	a4,336(a5) # 20002150 <heap_end.0>
     f5c:	fdc42783          	lw	a5,-36(s0)
     f60:	00f70733          	add	a4,a4,a5
     f64:	200027b7          	lui	a5,0x20002
     f68:	14e7a823          	sw	a4,336(a5) # 20002150 <heap_end.0>
   return (void *) prev_heap_end;
     f6c:	fec42783          	lw	a5,-20(s0)
}
     f70:	00078513          	mv	a0,a5
     f74:	02c12083          	lw	ra,44(sp)
     f78:	02812403          	lw	s0,40(sp)
     f7c:	03010113          	addi	sp,sp,48
     f80:	00008067          	ret

00000f84 <__malloc_lock>:

static fp_lock_t malloc_lock = FP_LOCK_INITIALIZER;

FP_TEST_OVERRIDE
void __malloc_lock(struct _reent *r)
{
     f84:	fe010113          	addi	sp,sp,-32
     f88:	00112e23          	sw	ra,28(sp)
     f8c:	00812c23          	sw	s0,24(sp)
     f90:	02010413          	addi	s0,sp,32
     f94:	fea42623          	sw	a0,-20(s0)
    UNUSED(r);

    fp_lock_acquire(&malloc_lock);
     f98:	91018513          	addi	a0,gp,-1776 # 20000000 <malloc_lock>
     f9c:	07d000ef          	jal	1818 <fp_lock_acquire>
}
     fa0:	00000013          	nop
     fa4:	01c12083          	lw	ra,28(sp)
     fa8:	01812403          	lw	s0,24(sp)
     fac:	02010113          	addi	sp,sp,32
     fb0:	00008067          	ret

00000fb4 <__malloc_unlock>:

FP_TEST_OVERRIDE
void __malloc_unlock(struct _reent *r)
{
     fb4:	fe010113          	addi	sp,sp,-32
     fb8:	00112e23          	sw	ra,28(sp)
     fbc:	00812c23          	sw	s0,24(sp)
     fc0:	02010413          	addi	s0,sp,32
     fc4:	fea42623          	sw	a0,-20(s0)
    UNUSED(r);

    fp_lock_release(&malloc_lock);
     fc8:	91018513          	addi	a0,gp,-1776 # 20000000 <malloc_lock>
     fcc:	08d000ef          	jal	1858 <fp_lock_release>
}
     fd0:	00000013          	nop
     fd4:	01c12083          	lw	ra,28(sp)
     fd8:	01812403          	lw	s0,24(sp)
     fdc:	02010113          	addi	sp,sp,32
     fe0:	00008067          	ret

00000fe4 <slot_set>:
 * 
 * @param slots An array of slot values
 * @param length The length of the array
 * @return int If success, return 0, otherwise an error code.
 */
int slot_set(slot_t slots[], uint32_t length) {
     fe4:	fd010113          	addi	sp,sp,-48
     fe8:	02112623          	sw	ra,44(sp)
     fec:	02812423          	sw	s0,40(sp)
     ff0:	03010413          	addi	s0,sp,48
     ff4:	fca42e23          	sw	a0,-36(s0)
     ff8:	fcb42c23          	sw	a1,-40(s0)
    if (length > 8) {
     ffc:	fd842703          	lw	a4,-40(s0)
    1000:	00800793          	li	a5,8
    1004:	04e7f263          	bgeu	a5,a4,1048 <slot_set+0x64>
        fp_assert(false, "No more than 8 slots supported: %i given\n", (int) length);
    1008:	01b00693          	li	a3,27
    100c:	1d418613          	addi	a2,gp,468 # 200008c4 <__func__.2>
    1010:	10c18593          	addi	a1,gp,268 # 200007fc <__func__.1+0x8>
    1014:	13018513          	addi	a0,gp,304 # 20000820 <__func__.1+0x2c>
    1018:	060020ef          	jal	3078 <printf>
    101c:	fd842783          	lw	a5,-40(s0)
    1020:	00078593          	mv	a1,a5
    1024:	14c18513          	addi	a0,gp,332 # 2000083c <__func__.1+0x48>
    1028:	050020ef          	jal	3078 <printf>
    102c:	01b00513          	li	a0,27
    1030:	8ddff0ef          	jal	90c <gpo_set_ledmask>
    1034:	deadc7b7          	lui	a5,0xdeadc
    1038:	eef78513          	addi	a0,a5,-273 # deadbeef <BUS_END+0x9eadbaef>
    103c:	ff8ff0ef          	jal	834 <write_tohost>
        return 1;
    1040:	00100793          	li	a5,1
    1044:	0600006f          	j	10a4 <slot_set+0xc0>
    }
    uint32_t val = 0;
    1048:	fe042423          	sw	zero,-24(s0)
    for (uint32_t i = 0; i < length; i++) {
    104c:	fe042623          	sw	zero,-20(s0)
    1050:	03c0006f          	j	108c <slot_set+0xa8>
        val |= slots[i] << (i * 4);
    1054:	fec42783          	lw	a5,-20(s0)
    1058:	00279793          	slli	a5,a5,0x2
    105c:	fdc42703          	lw	a4,-36(s0)
    1060:	00f707b3          	add	a5,a4,a5
    1064:	0007a703          	lw	a4,0(a5)
    1068:	fec42783          	lw	a5,-20(s0)
    106c:	00279793          	slli	a5,a5,0x2
    1070:	00f717b3          	sll	a5,a4,a5
    1074:	fe842703          	lw	a4,-24(s0)
    1078:	00f767b3          	or	a5,a4,a5
    107c:	fef42423          	sw	a5,-24(s0)
    for (uint32_t i = 0; i < length; i++) {
    1080:	fec42783          	lw	a5,-20(s0)
    1084:	00178793          	addi	a5,a5,1
    1088:	fef42623          	sw	a5,-20(s0)
    108c:	fec42703          	lw	a4,-20(s0)
    1090:	fd842783          	lw	a5,-40(s0)
    1094:	fcf760e3          	bltu	a4,a5,1054 <slot_set+0x70>
    }
    write_csr(CSR_SLOTS, val);
    1098:	fe842783          	lw	a5,-24(s0)
    109c:	50379073          	csrw	0x503,a5
    return 0;
    10a0:	00000793          	li	a5,0
}
    10a4:	00078513          	mv	a0,a5
    10a8:	02c12083          	lw	ra,44(sp)
    10ac:	02812403          	lw	s0,40(sp)
    10b0:	03010113          	addi	sp,sp,48
    10b4:	00008067          	ret

000010b8 <tmode_set>:
 * 
 * @param hartid The hardware thread ID
 * @param val The thread mode to be set
 * @return int If success, return 0, otherwise an error code.
 */
int tmode_set(uint32_t hartid, tmode_t val) {
    10b8:	fd010113          	addi	sp,sp,-48
    10bc:	02112623          	sw	ra,44(sp)
    10c0:	02812423          	sw	s0,40(sp)
    10c4:	03010413          	addi	s0,sp,48
    10c8:	fca42e23          	sw	a0,-36(s0)
    10cc:	fcb42c23          	sw	a1,-40(s0)
    if (hartid > FP_THREADS) {
    10d0:	fdc42703          	lw	a4,-36(s0)
    10d4:	00400793          	li	a5,4
    10d8:	00e7f663          	bgeu	a5,a4,10e4 <tmode_set+0x2c>
        // FIXME: Panic.
        return 1;
    10dc:	00100793          	li	a5,1
    10e0:	05c0006f          	j	113c <tmode_set+0x84>
    }
    uint32_t mask = 0xf << (hartid * 2);
    10e4:	fdc42783          	lw	a5,-36(s0)
    10e8:	00179793          	slli	a5,a5,0x1
    10ec:	00f00713          	li	a4,15
    10f0:	00f717b3          	sll	a5,a4,a5
    10f4:	fef42023          	sw	a5,-32(s0)
    uint32_t val_prev = read_csr(CSR_TMODES);
    10f8:	504027f3          	csrr	a5,0x504
    10fc:	fef42223          	sw	a5,-28(s0)
    1100:	fe442783          	lw	a5,-28(s0)
    1104:	fef42423          	sw	a5,-24(s0)
    uint32_t val_new = (val_prev & ~mask) | (val << (hartid * 2));
    1108:	fe042783          	lw	a5,-32(s0)
    110c:	fff7c713          	not	a4,a5
    1110:	fe842783          	lw	a5,-24(s0)
    1114:	00f77733          	and	a4,a4,a5
    1118:	fdc42783          	lw	a5,-36(s0)
    111c:	00179793          	slli	a5,a5,0x1
    1120:	fd842683          	lw	a3,-40(s0)
    1124:	00f697b3          	sll	a5,a3,a5
    1128:	00f767b3          	or	a5,a4,a5
    112c:	fef42623          	sw	a5,-20(s0)
    write_csr(CSR_TMODES, val_new); // Each slot is 4-bit wide.
    1130:	fec42783          	lw	a5,-20(s0)
    1134:	50479073          	csrw	0x504,a5
    return 0;
    1138:	00000793          	li	a5,0
}
    113c:	00078513          	mv	a0,a5
    1140:	02c12083          	lw	ra,44(sp)
    1144:	02812403          	lw	s0,40(sp)
    1148:	03010113          	addi	sp,sp,48
    114c:	00008067          	ret

00001150 <worker_main>:
}

/**
 * Main function for a worker thread (hardware threads 1-7).
 */
void worker_main() {
    1150:	fe010113          	addi	sp,sp,-32
    1154:	00112e23          	sw	ra,28(sp)
    1158:	00812c23          	sw	s0,24(sp)
    115c:	02010413          	addi	s0,sp,32
    uint32_t hartid = read_hartid();
    1160:	50b027f3          	csrr	a5,0x50b
    1164:	fef42223          	sw	a5,-28(s0)
    1168:	fe442783          	lw	a5,-28(s0)
    116c:	fef42423          	sw	a5,-24(s0)

    // Save the environment buffer
    // for potential fp_thread_cancel calls.
    // The execution will jump here
    // if a cancellation request is handled.
    int val = setjmp((long long int *) envs[hartid]);
    1170:	fe842703          	lw	a4,-24(s0)
    1174:	00070793          	mv	a5,a4
    1178:	00279793          	slli	a5,a5,0x2
    117c:	00e787b3          	add	a5,a5,a4
    1180:	00279793          	slli	a5,a5,0x2
    1184:	40e787b3          	sub	a5,a5,a4
    1188:	00479793          	slli	a5,a5,0x4
    118c:	20001737          	lui	a4,0x20001
    1190:	f6070713          	addi	a4,a4,-160 # 20000f60 <envs>
    1194:	00e787b3          	add	a5,a5,a4
    1198:	00078513          	mv	a0,a5
    119c:	129020ef          	jal	3ac4 <setjmp>
    11a0:	00050793          	mv	a5,a0
    11a4:	fef42623          	sw	a5,-20(s0)
    // Check if the thread returns from longjmp.
    // If so, mark the thread as not in use.
    if (val == 1) {
    11a8:	fec42703          	lw	a4,-20(s0)
    11ac:	00100793          	li	a5,1
    11b0:	02f71c63          	bne	a4,a5,11e8 <worker_main+0x98>
        fp_hwlock_acquire();
    11b4:	504000ef          	jal	16b8 <fp_hwlock_acquire>
        num_threads_busy -= 1;
    11b8:	200027b7          	lui	a5,0x20002
    11bc:	15c7a783          	lw	a5,348(a5) # 2000215c <num_threads_busy>
    11c0:	fff78713          	addi	a4,a5,-1
    11c4:	200027b7          	lui	a5,0x20002
    11c8:	14e7ae23          	sw	a4,348(a5) # 2000215c <num_threads_busy>
        in_use[hartid] = false;
    11cc:	200027b7          	lui	a5,0x20002
    11d0:	15478713          	addi	a4,a5,340 # 20002154 <in_use>
    11d4:	fe842783          	lw	a5,-24(s0)
    11d8:	00f707b3          	add	a5,a4,a5
    11dc:	00078023          	sb	zero,0(a5)
        fp_hwlock_release();
    11e0:	518000ef          	jal	16f8 <fp_hwlock_release>
    11e4:	0c40006f          	j	12a8 <worker_main+0x158>
    }
    else if (val != 0) {
    11e8:	fec42783          	lw	a5,-20(s0)
    11ec:	0a078e63          	beqz	a5,12a8 <worker_main+0x158>
        fp_assert(false, "Reached unreachable code");
    11f0:	18400693          	li	a3,388
    11f4:	1e018613          	addi	a2,gp,480 # 200008d0 <__func__.0>
    11f8:	10c18593          	addi	a1,gp,268 # 200007fc <__func__.1+0x8>
    11fc:	13018513          	addi	a0,gp,304 # 20000820 <__func__.1+0x2c>
    1200:	679010ef          	jal	3078 <printf>
    1204:	1b818513          	addi	a0,gp,440 # 200008a8 <__func__.1+0xb4>
    1208:	671010ef          	jal	3078 <printf>
    120c:	08500513          	li	a0,133
    1210:	efcff0ef          	jal	90c <gpo_set_ledmask>
    1214:	deadc7b7          	lui	a5,0xdeadc
    1218:	eef78513          	addi	a0,a5,-273 # deadbeef <BUS_END+0x9eadbaef>
    121c:	e18ff0ef          	jal	834 <write_tohost>
    }

    while(!exit_requested[hartid]) {
    1220:	0880006f          	j	12a8 <worker_main+0x158>
        // the lock will not be freed.
        // So for now it's the best if
        // thread 0 does it. Maybe
        // the hardware should change.

        if (in_use[hartid]) {            
    1224:	200027b7          	lui	a5,0x20002
    1228:	15478713          	addi	a4,a5,340 # 20002154 <in_use>
    122c:	fe842783          	lw	a5,-24(s0)
    1230:	00f707b3          	add	a5,a4,a5
    1234:	0007c783          	lbu	a5,0(a5)
    1238:	0ff7f793          	zext.b	a5,a5
    123c:	06078663          	beqz	a5,12a8 <worker_main+0x158>
            // Execute the routine with the argument passed in.
            (*routines[hartid])(args[hartid]);
    1240:	200017b7          	lui	a5,0x20001
    1244:	f3c78713          	addi	a4,a5,-196 # 20000f3c <routines>
    1248:	fe842783          	lw	a5,-24(s0)
    124c:	00279793          	slli	a5,a5,0x2
    1250:	00f707b3          	add	a5,a4,a5
    1254:	0007a783          	lw	a5,0(a5)
    1258:	20001737          	lui	a4,0x20001
    125c:	f4c70693          	addi	a3,a4,-180 # 20000f4c <args>
    1260:	fe842703          	lw	a4,-24(s0)
    1264:	00271713          	slli	a4,a4,0x2
    1268:	00e68733          	add	a4,a3,a4
    126c:	00072703          	lw	a4,0(a4)
    1270:	00070513          	mv	a0,a4
    1274:	000780e7          	jalr	a5

            // Mark the thread as available again.
            fp_hwlock_acquire();
    1278:	440000ef          	jal	16b8 <fp_hwlock_acquire>
            num_threads_busy -= 1;
    127c:	200027b7          	lui	a5,0x20002
    1280:	15c7a783          	lw	a5,348(a5) # 2000215c <num_threads_busy>
    1284:	fff78713          	addi	a4,a5,-1
    1288:	200027b7          	lui	a5,0x20002
    128c:	14e7ae23          	sw	a4,348(a5) # 2000215c <num_threads_busy>
            in_use[hartid] = false;
    1290:	200027b7          	lui	a5,0x20002
    1294:	15478713          	addi	a4,a5,340 # 20002154 <in_use>
    1298:	fe842783          	lw	a5,-24(s0)
    129c:	00f707b3          	add	a5,a4,a5
    12a0:	00078023          	sb	zero,0(a5)
            fp_hwlock_release();
    12a4:	454000ef          	jal	16f8 <fp_hwlock_release>
    while(!exit_requested[hartid]) {
    12a8:	200027b7          	lui	a5,0x20002
    12ac:	15878713          	addi	a4,a5,344 # 20002158 <exit_requested>
    12b0:	fe842783          	lw	a5,-24(s0)
    12b4:	00f707b3          	add	a5,a4,a5
    12b8:	0007c783          	lbu	a5,0(a5)
    12bc:	0ff7f793          	zext.b	a5,a5
    12c0:	0017c793          	xori	a5,a5,1
    12c4:	0ff7f793          	zext.b	a5,a5
    12c8:	f4079ee3          	bnez	a5,1224 <worker_main+0xd4>
    }

    // FIXME: Execute clean up handlers here.

    // Increment the counter of exited threads.
    fp_hwlock_acquire();
    12cc:	3ec000ef          	jal	16b8 <fp_hwlock_acquire>
    num_threads_exited += 1;
    12d0:	200027b7          	lui	a5,0x20002
    12d4:	1607a783          	lw	a5,352(a5) # 20002160 <num_threads_exited>
    12d8:	00178713          	addi	a4,a5,1
    12dc:	200027b7          	lui	a5,0x20002
    12e0:	16e7a023          	sw	a4,352(a5) # 20002160 <num_threads_exited>
    fp_hwlock_release();
    12e4:	414000ef          	jal	16f8 <fp_hwlock_release>

    return;
    12e8:	00000013          	nop
    12ec:	01c12083          	lw	ra,28(sp)
    12f0:	01812403          	lw	s0,24(sp)
    12f4:	02010113          	addi	sp,sp,32
    12f8:	00008067          	ret

000012fc <register_exception_handler>:
    register uint32_t *stack_ptr = rdstackptr();
    _fp_abort("Stack check failed: link register (%p), stack ptr (%p)\n", linkreg, stack_ptr);
}
#endif // NDEBUG

static void register_exception_handler(void (*isr)(void)) {
    12fc:	fe010113          	addi	sp,sp,-32
    1300:	00112e23          	sw	ra,28(sp)
    1304:	00812c23          	sw	s0,24(sp)
    1308:	02010413          	addi	s0,sp,32
    130c:	fea42623          	sw	a0,-20(s0)
    write_csr(CSR_EVEC, (uint32_t) isr);
    1310:	fec42783          	lw	a5,-20(s0)
    1314:	50879073          	csrw	0x508,a5
}
    1318:	00000013          	nop
    131c:	01c12083          	lw	ra,28(sp)
    1320:	01812403          	lw	s0,24(sp)
    1324:	02010113          	addi	sp,sp,32
    1328:	00008067          	ret

0000132c <exception_to_str>:

#ifndef NDEBUG
static const char *exception_to_str(const uint32_t cause) {
    132c:	fe010113          	addi	sp,sp,-32
    1330:	00112e23          	sw	ra,28(sp)
    1334:	00812c23          	sw	s0,24(sp)
    1338:	02010413          	addi	s0,sp,32
    133c:	fea42623          	sw	a0,-20(s0)
    switch (cause)
    1340:	fec42703          	lw	a4,-20(s0)
    1344:	800007b7          	lui	a5,0x80000
    1348:	00e78793          	addi	a5,a5,14 # 8000000e <BUS_END+0x3ffffc0e>
    134c:	10f70463          	beq	a4,a5,1454 <exception_to_str+0x128>
    1350:	fec42703          	lw	a4,-20(s0)
    1354:	800007b7          	lui	a5,0x80000
    1358:	00e78793          	addi	a5,a5,14 # 8000000e <BUS_END+0x3ffffc0e>
    135c:	10e7e063          	bltu	a5,a4,145c <exception_to_str+0x130>
    1360:	fec42703          	lw	a4,-20(s0)
    1364:	01700793          	li	a5,23
    1368:	02e7e463          	bltu	a5,a4,1390 <exception_to_str+0x64>
    136c:	fec42703          	lw	a4,-20(s0)
    1370:	01700793          	li	a5,23
    1374:	0ee7e463          	bltu	a5,a4,145c <exception_to_str+0x130>
    1378:	fec42783          	lw	a5,-20(s0)
    137c:	00279713          	slli	a4,a5,0x2
    1380:	4b818793          	addi	a5,gp,1208 # 20000ba8 <__func__.0+0x2d8>
    1384:	00f707b3          	add	a5,a4,a5
    1388:	0007a783          	lw	a5,0(a5)
    138c:	00078067          	jr	a5
    1390:	fec42703          	lw	a4,-20(s0)
    1394:	800007b7          	lui	a5,0x80000
    1398:	00d78793          	addi	a5,a5,13 # 8000000d <BUS_END+0x3ffffc0d>
    139c:	0af70863          	beq	a4,a5,144c <exception_to_str+0x120>
    13a0:	0bc0006f          	j	145c <exception_to_str+0x130>
    {
    case EXC_CAUSE_MISALIGNED_FETCH: return "Misaligned fetch";
    13a4:	26818793          	addi	a5,gp,616 # 20000958 <__func__.0+0x88>
    13a8:	0b80006f          	j	1460 <exception_to_str+0x134>
    case EXC_CAUSE_FAULT_FETCH: return "Fetch fault";
    13ac:	27c18793          	addi	a5,gp,636 # 2000096c <__func__.0+0x9c>
    13b0:	0b00006f          	j	1460 <exception_to_str+0x134>
    case EXC_CAUSE_ILLEGAL_INSTRUCTION: return "Illegal instruction";
    13b4:	28818793          	addi	a5,gp,648 # 20000978 <__func__.0+0xa8>
    13b8:	0a80006f          	j	1460 <exception_to_str+0x134>
    case EXC_CAUSE_PRIVILEGED_INSTRUCTION: return "Privileged instruction";
    13bc:	29c18793          	addi	a5,gp,668 # 2000098c <__func__.0+0xbc>
    13c0:	0a00006f          	j	1460 <exception_to_str+0x134>
    case EXC_CAUSE_FP_DISABLED: return "Floating point unit disabled";
    13c4:	2b418793          	addi	a5,gp,692 # 200009a4 <__func__.0+0xd4>
    13c8:	0980006f          	j	1460 <exception_to_str+0x134>
    case EXC_CAUSE_SYSCALL: return "System call";
    13cc:	2d418793          	addi	a5,gp,724 # 200009c4 <__func__.0+0xf4>
    13d0:	0900006f          	j	1460 <exception_to_str+0x134>
    case EXC_CAUSE_BREAKPOINT: return "Break point";
    13d4:	2e018793          	addi	a5,gp,736 # 200009d0 <__func__.0+0x100>
    13d8:	0880006f          	j	1460 <exception_to_str+0x134>
    case EXC_CAUSE_MISALIGNED_LOAD: return "Misaligned address on load";
    13dc:	2ec18793          	addi	a5,gp,748 # 200009dc <__func__.0+0x10c>
    13e0:	0800006f          	j	1460 <exception_to_str+0x134>
    case EXC_CAUSE_MISALIGNED_STORE: return "Misaligned address on store";
    13e4:	30818793          	addi	a5,gp,776 # 200009f8 <__func__.0+0x128>
    13e8:	0780006f          	j	1460 <exception_to_str+0x134>
    case EXC_CAUSE_FAULT_LOAD: return "Load fault";
    13ec:	32418793          	addi	a5,gp,804 # 20000a14 <__func__.0+0x144>
    13f0:	0700006f          	j	1460 <exception_to_str+0x134>
    case EXC_CAUSE_FAULT_STORE: return "Store fault";
    13f4:	33018793          	addi	a5,gp,816 # 20000a20 <__func__.0+0x150>
    13f8:	0680006f          	j	1460 <exception_to_str+0x134>
    case EXC_CAUSE_ACCELERATOR_DISABLED: return "Accelerator disabled";
    13fc:	33c18793          	addi	a5,gp,828 # 20000a2c <__func__.0+0x15c>
    1400:	0600006f          	j	1460 <exception_to_str+0x134>
    case EXC_CAUSE_EXCEPTION_EXPIRE: return "Exception expire";
    1404:	35418793          	addi	a5,gp,852 # 20000a44 <__func__.0+0x174>
    1408:	0580006f          	j	1460 <exception_to_str+0x134>
    case EXE_CAUSE_EXT_INTERRUPT0: return "External interrupt 0";
    140c:	36818793          	addi	a5,gp,872 # 20000a58 <__func__.0+0x188>
    1410:	0500006f          	j	1460 <exception_to_str+0x134>
    case EXE_CAUSE_EXT_INTERRUPT1: return "External interrupt 1";
    1414:	38018793          	addi	a5,gp,896 # 20000a70 <__func__.0+0x1a0>
    1418:	0480006f          	j	1460 <exception_to_str+0x134>
    case EXE_CAUSE_EXT_INTERRUPT2: return "External interrupt 2";
    141c:	39818793          	addi	a5,gp,920 # 20000a88 <__func__.0+0x1b8>
    1420:	0400006f          	j	1460 <exception_to_str+0x134>
    case EXE_CAUSE_EXT_INTERRUPT3: return "External interrupt 3";
    1424:	3b018793          	addi	a5,gp,944 # 20000aa0 <__func__.0+0x1d0>
    1428:	0380006f          	j	1460 <exception_to_str+0x134>
    case EXE_CAUSE_EXT_INTERRUPT4: return "External interrupt 4";
    142c:	3c818793          	addi	a5,gp,968 # 20000ab8 <__func__.0+0x1e8>
    1430:	0300006f          	j	1460 <exception_to_str+0x134>
    case EXE_CAUSE_EXT_INTERRUPT5: return "External interrupt 5";
    1434:	3e018793          	addi	a5,gp,992 # 20000ad0 <__func__.0+0x200>
    1438:	0280006f          	j	1460 <exception_to_str+0x134>
    case EXE_CAUSE_EXT_INTERRUPT6: return "External interrupt 6";
    143c:	3f818793          	addi	a5,gp,1016 # 20000ae8 <__func__.0+0x218>
    1440:	0200006f          	j	1460 <exception_to_str+0x134>
    case EXE_CAUSE_TIMER_INTERRUPT: return "Timer interrupt";
    1444:	41018793          	addi	a5,gp,1040 # 20000b00 <__func__.0+0x230>
    1448:	0180006f          	j	1460 <exception_to_str+0x134>
    case EXC_CAUSE_INTERRUPT_EXPIRE: return "Interrupt expire";
    144c:	42018793          	addi	a5,gp,1056 # 20000b10 <__func__.0+0x240>
    1450:	0100006f          	j	1460 <exception_to_str+0x134>
    case EXC_CAUSE_EXTERNAL_INT: return "External interrupt";
    1454:	43418793          	addi	a5,gp,1076 # 20000b24 <__func__.0+0x254>
    1458:	0080006f          	j	1460 <exception_to_str+0x134>
    default: return "Unknown exception code";
    145c:	44818793          	addi	a5,gp,1096 # 20000b38 <__func__.0+0x268>
    }
}
    1460:	00078513          	mv	a0,a5
    1464:	01c12083          	lw	ra,28(sp)
    1468:	01812403          	lw	s0,24(sp)
    146c:	02010113          	addi	sp,sp,32
    1470:	00008067          	ret

00001474 <fp_exception_handler>:
#endif // NDEBUG

void fp_exception_handler(void) {
    1474:	fe010113          	addi	sp,sp,-32
    1478:	00112e23          	sw	ra,28(sp)
    147c:	00812c23          	sw	s0,24(sp)
    1480:	00912a23          	sw	s1,20(sp)
    1484:	02010413          	addi	s0,sp,32
    uint32_t cause = read_csr(CSR_CAUSE);
    1488:	509027f3          	csrr	a5,0x509
    148c:	fef42023          	sw	a5,-32(s0)
    1490:	fe042783          	lw	a5,-32(s0)
    1494:	fef42223          	sw	a5,-28(s0)
    uint32_t hartid = read_hartid();
    1498:	50b027f3          	csrr	a5,0x50b
    149c:	fef42423          	sw	a5,-24(s0)
    14a0:	fe842783          	lw	a5,-24(s0)
    14a4:	fef42623          	sw	a5,-20(s0)

    if (cause == EXC_CAUSE_EXTERNAL_INT) {  
    14a8:	fe442703          	lw	a4,-28(s0)
    14ac:	800007b7          	lui	a5,0x80000
    14b0:	00e78793          	addi	a5,a5,14 # 8000000e <BUS_END+0x3ffffc0e>
    14b4:	04f71063          	bne	a4,a5,14f4 <fp_exception_handler+0x80>
        if(ext_int_handler[hartid]) ext_int_handler[hartid]();
    14b8:	200017b7          	lui	a5,0x20001
    14bc:	42078713          	addi	a4,a5,1056 # 20001420 <ext_int_handler>
    14c0:	fec42783          	lw	a5,-20(s0)
    14c4:	00279793          	slli	a5,a5,0x2
    14c8:	00f707b3          	add	a5,a4,a5
    14cc:	0007a783          	lw	a5,0(a5)
    14d0:	10078063          	beqz	a5,15d0 <fp_exception_handler+0x15c>
    14d4:	200017b7          	lui	a5,0x20001
    14d8:	42078713          	addi	a4,a5,1056 # 20001420 <ext_int_handler>
    14dc:	fec42783          	lw	a5,-20(s0)
    14e0:	00279793          	slli	a5,a5,0x2
    14e4:	00f707b3          	add	a5,a4,a5
    14e8:	0007a783          	lw	a5,0(a5)
    14ec:	000780e7          	jalr	a5
    14f0:	0e00006f          	j	15d0 <fp_exception_handler+0x15c>
    } else if (cause == EXC_CAUSE_INTERRUPT_EXPIRE) {
    14f4:	fe442703          	lw	a4,-28(s0)
    14f8:	800007b7          	lui	a5,0x80000
    14fc:	00d78793          	addi	a5,a5,13 # 8000000d <BUS_END+0x3ffffc0d>
    1500:	04f71063          	bne	a4,a5,1540 <fp_exception_handler+0xcc>
        if(ie_int_handler[hartid]) ie_int_handler[hartid]();
    1504:	200017b7          	lui	a5,0x20001
    1508:	43078713          	addi	a4,a5,1072 # 20001430 <ie_int_handler>
    150c:	fec42783          	lw	a5,-20(s0)
    1510:	00279793          	slli	a5,a5,0x2
    1514:	00f707b3          	add	a5,a4,a5
    1518:	0007a783          	lw	a5,0(a5)
    151c:	0a078a63          	beqz	a5,15d0 <fp_exception_handler+0x15c>
    1520:	200017b7          	lui	a5,0x20001
    1524:	43078713          	addi	a4,a5,1072 # 20001430 <ie_int_handler>
    1528:	fec42783          	lw	a5,-20(s0)
    152c:	00279793          	slli	a5,a5,0x2
    1530:	00f707b3          	add	a5,a4,a5
    1534:	0007a783          	lw	a5,0(a5)
    1538:	000780e7          	jalr	a5
    153c:	0940006f          	j	15d0 <fp_exception_handler+0x15c>
    } else if (cause == EXC_CAUSE_EXCEPTION_EXPIRE) {
    1540:	fe442703          	lw	a4,-28(s0)
    1544:	00d00793          	li	a5,13
    1548:	04f71063          	bne	a4,a5,1588 <fp_exception_handler+0x114>
        if(ee_int_handler[hartid]) ee_int_handler[hartid]();
    154c:	200017b7          	lui	a5,0x20001
    1550:	44078713          	addi	a4,a5,1088 # 20001440 <ee_int_handler>
    1554:	fec42783          	lw	a5,-20(s0)
    1558:	00279793          	slli	a5,a5,0x2
    155c:	00f707b3          	add	a5,a4,a5
    1560:	0007a783          	lw	a5,0(a5)
    1564:	06078663          	beqz	a5,15d0 <fp_exception_handler+0x15c>
    1568:	200017b7          	lui	a5,0x20001
    156c:	44078713          	addi	a4,a5,1088 # 20001440 <ee_int_handler>
    1570:	fec42783          	lw	a5,-20(s0)
    1574:	00279793          	slli	a5,a5,0x2
    1578:	00f707b3          	add	a5,a4,a5
    157c:	0007a783          	lw	a5,0(a5)
    1580:	000780e7          	jalr	a5
    1584:	04c0006f          	j	15d0 <fp_exception_handler+0x15c>
    } else {
        fp_assert(false, "Exception not handled: %i, %s\n", (int) cause, exception_to_str(cause));
    1588:	06b00693          	li	a3,107
    158c:	51818613          	addi	a2,gp,1304 # 20000c08 <__func__.1>
    1590:	1ec18593          	addi	a1,gp,492 # 200008dc <__func__.0+0xc>
    1594:	21418513          	addi	a0,gp,532 # 20000904 <__func__.0+0x34>
    1598:	2e1010ef          	jal	3078 <printf>
    159c:	fe442483          	lw	s1,-28(s0)
    15a0:	fe442503          	lw	a0,-28(s0)
    15a4:	d89ff0ef          	jal	132c <exception_to_str>
    15a8:	00050793          	mv	a5,a0
    15ac:	00078613          	mv	a2,a5
    15b0:	00048593          	mv	a1,s1
    15b4:	46018513          	addi	a0,gp,1120 # 20000b50 <__func__.0+0x280>
    15b8:	2c1010ef          	jal	3078 <printf>
    15bc:	06b00513          	li	a0,107
    15c0:	b4cff0ef          	jal	90c <gpo_set_ledmask>
    15c4:	deadc7b7          	lui	a5,0xdeadc
    15c8:	eef78513          	addi	a0,a5,-273 # deadbeef <BUS_END+0x9eadbaef>
    15cc:	a68ff0ef          	jal	834 <write_tohost>
    }

    if (__ie_jmp_buf_active[hartid] && cause == EXC_CAUSE_INTERRUPT_EXPIRE) {
    15d0:	200027b7          	lui	a5,0x20002
    15d4:	16478713          	addi	a4,a5,356 # 20002164 <__ie_jmp_buf_active>
    15d8:	fec42783          	lw	a5,-20(s0)
    15dc:	00f707b3          	add	a5,a4,a5
    15e0:	0007c783          	lbu	a5,0(a5)
    15e4:	04078463          	beqz	a5,162c <fp_exception_handler+0x1b8>
    15e8:	fe442703          	lw	a4,-28(s0)
    15ec:	800007b7          	lui	a5,0x80000
    15f0:	00d78793          	addi	a5,a5,13 # 8000000d <BUS_END+0x3ffffc0d>
    15f4:	02f71c63          	bne	a4,a5,162c <fp_exception_handler+0x1b8>
        * 
        * In this case we jump back to the initial `setjmp` call in the 
        * `fp_int_on_expire`, which ultimately runs `goto cleanup`.
        *
        */
        longjmp(__ie_jmp_buf[hartid], 1);
    15f8:	fec42703          	lw	a4,-20(s0)
    15fc:	00070793          	mv	a5,a4
    1600:	00279793          	slli	a5,a5,0x2
    1604:	00e787b3          	add	a5,a5,a4
    1608:	00279793          	slli	a5,a5,0x2
    160c:	40e787b3          	sub	a5,a5,a4
    1610:	00479793          	slli	a5,a5,0x4
    1614:	20001737          	lui	a4,0x20001
    1618:	65070713          	addi	a4,a4,1616 # 20001650 <__ie_jmp_buf>
    161c:	00e787b3          	add	a5,a5,a4
    1620:	00100593          	li	a1,1
    1624:	00078513          	mv	a0,a5
    1628:	4dc020ef          	jal	3b04 <longjmp>
    } else if (__ee_jmp_buf_active[hartid] && cause == EXC_CAUSE_EXCEPTION_EXPIRE) {
    162c:	200027b7          	lui	a5,0x20002
    1630:	16878713          	addi	a4,a5,360 # 20002168 <__ee_jmp_buf_active>
    1634:	fec42783          	lw	a5,-20(s0)
    1638:	00f707b3          	add	a5,a4,a5
    163c:	0007c783          	lbu	a5,0(a5)
    1640:	04078263          	beqz	a5,1684 <fp_exception_handler+0x210>
    1644:	fe442703          	lw	a4,-28(s0)
    1648:	00d00793          	li	a5,13
    164c:	02f71c63          	bne	a4,a5,1684 <fp_exception_handler+0x210>
        // Same as above, but for exceptions
        longjmp(__ee_jmp_buf[hartid], 1);
    1650:	fec42703          	lw	a4,-20(s0)
    1654:	00070793          	mv	a5,a4
    1658:	00279793          	slli	a5,a5,0x2
    165c:	00e787b3          	add	a5,a5,a4
    1660:	00279793          	slli	a5,a5,0x2
    1664:	40e787b3          	sub	a5,a5,a4
    1668:	00479793          	slli	a5,a5,0x4
    166c:	20002737          	lui	a4,0x20002
    1670:	b1070713          	addi	a4,a4,-1264 # 20001b10 <__ee_jmp_buf>
    1674:	00e787b3          	add	a5,a5,a4
    1678:	00100593          	li	a1,1
    167c:	00078513          	mv	a0,a5
    1680:	484020ef          	jal	3b04 <longjmp>
    } else {
        // Call the function to load the thread's context
        // In ctx_switch.S
        thread_ctx_switch_load();
    1684:	388000ef          	jal	1a0c <thread_ctx_switch_load>

00001688 <setup_exceptions>:
    }
}

void setup_exceptions() {
    1688:	ff010113          	addi	sp,sp,-16
    168c:	00112623          	sw	ra,12(sp)
    1690:	00812423          	sw	s0,8(sp)
    1694:	01010413          	addi	s0,sp,16
    // Register the function to call on exceptions; this function stores the
    // thread's context and calls the fp_exception_handler function afterwards
    register_exception_handler(thread_ctx_switch_store);
    1698:	000027b7          	lui	a5,0x2
    169c:	96878513          	addi	a0,a5,-1688 # 1968 <thread_ctx_switch_store>
    16a0:	c5dff0ef          	jal	12fc <register_exception_handler>
}
    16a4:	00000013          	nop
    16a8:	00c12083          	lw	ra,12(sp)
    16ac:	00812403          	lw	s0,8(sp)
    16b0:	01010113          	addi	sp,sp,16
    16b4:	00008067          	ret

000016b8 <fp_hwlock_acquire>:
#include <flexpret/flexpret.h>

/**
 * Acquire a hardware lock.
 */
void fp_hwlock_acquire(void) {
    16b8:	fe010113          	addi	sp,sp,-32
    16bc:	00112e23          	sw	ra,28(sp)
    16c0:	00812c23          	sw	s0,24(sp)
    16c4:	02010413          	addi	s0,sp,32
    while(swap_csr(CSR_HWLOCK, 1) == 0);
    16c8:	00000013          	nop
    16cc:	00100793          	li	a5,1
    16d0:	520797f3          	csrrw	a5,0x520,a5
    16d4:	fef42623          	sw	a5,-20(s0)
    16d8:	fec42783          	lw	a5,-20(s0)
    16dc:	fe0788e3          	beqz	a5,16cc <fp_hwlock_acquire+0x14>
}
    16e0:	00000013          	nop
    16e4:	00000013          	nop
    16e8:	01c12083          	lw	ra,28(sp)
    16ec:	01812403          	lw	s0,24(sp)
    16f0:	02010113          	addi	sp,sp,32
    16f4:	00008067          	ret

000016f8 <fp_hwlock_release>:

/**
 * Release a hardware lock.
 */
void fp_hwlock_release(void) {
    16f8:	fe010113          	addi	sp,sp,-32
    16fc:	00112e23          	sw	ra,28(sp)
    1700:	00812c23          	sw	s0,24(sp)
    1704:	02010413          	addi	s0,sp,32
    if (swap_csr(CSR_HWLOCK, 0) != 1) {
    1708:	00000793          	li	a5,0
    170c:	520797f3          	csrrw	a5,0x520,a5
    1710:	fef42623          	sw	a5,-20(s0)
    1714:	fec42703          	lw	a4,-20(s0)
    1718:	00100793          	li	a5,1
    171c:	02f70a63          	beq	a4,a5,1750 <fp_hwlock_release+0x58>
        fp_assert(false, "Attempt to unlock hwlock but it was not locked");
    1720:	00f00693          	li	a3,15
    1724:	62418613          	addi	a2,gp,1572 # 20000d14 <__func__.1>
    1728:	53018593          	addi	a1,gp,1328 # 20000c20 <__func__.1+0x18>
    172c:	55418513          	addi	a0,gp,1364 # 20000c44 <__func__.1+0x3c>
    1730:	149010ef          	jal	3078 <printf>
    1734:	57018513          	addi	a0,gp,1392 # 20000c60 <__func__.1+0x58>
    1738:	141010ef          	jal	3078 <printf>
    173c:	00f00513          	li	a0,15
    1740:	9ccff0ef          	jal	90c <gpo_set_ledmask>
    1744:	deadc7b7          	lui	a5,0xdeadc
    1748:	eef78513          	addi	a0,a5,-273 # deadbeef <BUS_END+0x9eadbaef>
    174c:	8e8ff0ef          	jal	834 <write_tohost>
    }
}
    1750:	00000013          	nop
    1754:	01c12083          	lw	ra,28(sp)
    1758:	01812403          	lw	s0,24(sp)
    175c:	02010113          	addi	sp,sp,32
    1760:	00008067          	ret

00001764 <do_acquire>:

static int do_acquire(fp_lock_t* lock) {
    1764:	fd010113          	addi	sp,sp,-48
    1768:	02112623          	sw	ra,44(sp)
    176c:	02812423          	sw	s0,40(sp)
    1770:	03010413          	addi	s0,sp,48
    1774:	fca42e23          	sw	a0,-36(s0)
    // TODO: Poll on lock->locked instead of hwlock
    fp_hwlock_acquire();
    1778:	f41ff0ef          	jal	16b8 <fp_hwlock_acquire>
    if (lock->owner == read_hartid()) {
    177c:	fdc42783          	lw	a5,-36(s0)
    1780:	0047a783          	lw	a5,4(a5)
    1784:	50b02773          	csrr	a4,0x50b
    1788:	fee42423          	sw	a4,-24(s0)
    178c:	fe842703          	lw	a4,-24(s0)
    1790:	02e79263          	bne	a5,a4,17b4 <do_acquire+0x50>
        lock->count++;
    1794:	fdc42783          	lw	a5,-36(s0)
    1798:	0087a783          	lw	a5,8(a5)
    179c:	00178713          	addi	a4,a5,1
    17a0:	fdc42783          	lw	a5,-36(s0)
    17a4:	00e7a423          	sw	a4,8(a5)
        fp_hwlock_release();
    17a8:	f51ff0ef          	jal	16f8 <fp_hwlock_release>
        return 0;
    17ac:	00000793          	li	a5,0
    17b0:	0540006f          	j	1804 <do_acquire+0xa0>
    } else if (lock->locked) {
    17b4:	fdc42783          	lw	a5,-36(s0)
    17b8:	0007c783          	lbu	a5,0(a5)
    17bc:	00078863          	beqz	a5,17cc <do_acquire+0x68>
        //printf("warn: attempt acquire locked lock\n");
        fp_hwlock_release();
    17c0:	f39ff0ef          	jal	16f8 <fp_hwlock_release>
        return 1;
    17c4:	00100793          	li	a5,1
    17c8:	03c0006f          	j	1804 <do_acquire+0xa0>
    } else {
        lock->locked = true;
    17cc:	fdc42783          	lw	a5,-36(s0)
    17d0:	00100713          	li	a4,1
    17d4:	00e78023          	sb	a4,0(a5)
        lock->owner  = read_hartid();
    17d8:	50b027f3          	csrr	a5,0x50b
    17dc:	fef42623          	sw	a5,-20(s0)
    17e0:	fec42783          	lw	a5,-20(s0)
    17e4:	00078713          	mv	a4,a5
    17e8:	fdc42783          	lw	a5,-36(s0)
    17ec:	00e7a223          	sw	a4,4(a5)
        lock->count = 1;
    17f0:	fdc42783          	lw	a5,-36(s0)
    17f4:	00100713          	li	a4,1
    17f8:	00e7a423          	sw	a4,8(a5)
        fp_hwlock_release();
    17fc:	efdff0ef          	jal	16f8 <fp_hwlock_release>
        return 0;
    1800:	00000793          	li	a5,0
    }
}
    1804:	00078513          	mv	a0,a5
    1808:	02c12083          	lw	ra,44(sp)
    180c:	02812403          	lw	s0,40(sp)
    1810:	03010113          	addi	sp,sp,48
    1814:	00008067          	ret

00001818 <fp_lock_acquire>:

void fp_lock_acquire(fp_lock_t* lock) {
    1818:	fe010113          	addi	sp,sp,-32
    181c:	00112e23          	sw	ra,28(sp)
    1820:	00812c23          	sw	s0,24(sp)
    1824:	02010413          	addi	s0,sp,32
    1828:	fea42623          	sw	a0,-20(s0)
    // Spin lock
    while(do_acquire(lock));
    182c:	00000013          	nop
    1830:	fec42503          	lw	a0,-20(s0)
    1834:	f31ff0ef          	jal	1764 <do_acquire>
    1838:	00050793          	mv	a5,a0
    183c:	fe079ae3          	bnez	a5,1830 <fp_lock_acquire+0x18>
}
    1840:	00000013          	nop
    1844:	00000013          	nop
    1848:	01c12083          	lw	ra,28(sp)
    184c:	01812403          	lw	s0,24(sp)
    1850:	02010113          	addi	sp,sp,32
    1854:	00008067          	ret

00001858 <fp_lock_release>:

void fp_lock_release(fp_lock_t* lock) {
    1858:	fd010113          	addi	sp,sp,-48
    185c:	02112623          	sw	ra,44(sp)
    1860:	02812423          	sw	s0,40(sp)
    1864:	03010413          	addi	s0,sp,48
    1868:	fca42e23          	sw	a0,-36(s0)
    fp_hwlock_acquire();
    186c:	e4dff0ef          	jal	16b8 <fp_hwlock_acquire>
    fp_assert(read_hartid() == lock->owner, 
    1870:	50b027f3          	csrr	a5,0x50b
    1874:	fef42423          	sw	a5,-24(s0)
    1878:	fe842783          	lw	a5,-24(s0)
    187c:	fdc42703          	lw	a4,-36(s0)
    1880:	00472703          	lw	a4,4(a4)
    1884:	04e78863          	beq	a5,a4,18d4 <fp_lock_release+0x7c>
    1888:	02e00693          	li	a3,46
    188c:	63818613          	addi	a2,gp,1592 # 20000d28 <__func__.0>
    1890:	53018593          	addi	a1,gp,1328 # 20000c20 <__func__.1+0x18>
    1894:	55418513          	addi	a0,gp,1364 # 20000c44 <__func__.1+0x3c>
    1898:	7e0010ef          	jal	3078 <printf>
    189c:	50b027f3          	csrr	a5,0x50b
    18a0:	fef42623          	sw	a5,-20(s0)
    18a4:	fec42703          	lw	a4,-20(s0)
    18a8:	fdc42783          	lw	a5,-36(s0)
    18ac:	0047a783          	lw	a5,4(a5)
    18b0:	00078613          	mv	a2,a5
    18b4:	00070593          	mv	a1,a4
    18b8:	5a018513          	addi	a0,gp,1440 # 20000c90 <__func__.1+0x88>
    18bc:	7bc010ef          	jal	3078 <printf>
    18c0:	02e00513          	li	a0,46
    18c4:	848ff0ef          	jal	90c <gpo_set_ledmask>
    18c8:	deadc7b7          	lui	a5,0xdeadc
    18cc:	eef78513          	addi	a0,a5,-273 # deadbeef <BUS_END+0x9eadbaef>
    18d0:	f65fe0ef          	jal	834 <write_tohost>
        "Attempt to release lock not owned by thread. thread id: %i, lock->owner: %i\n", 
        (int) read_hartid(), (int) lock->owner);
    fp_assert(lock->count > 0, 
    18d4:	fdc42783          	lw	a5,-36(s0)
    18d8:	0087a783          	lw	a5,8(a5)
    18dc:	04079063          	bnez	a5,191c <fp_lock_release+0xc4>
    18e0:	03100693          	li	a3,49
    18e4:	63818613          	addi	a2,gp,1592 # 20000d28 <__func__.0>
    18e8:	53018593          	addi	a1,gp,1328 # 20000c20 <__func__.1+0x18>
    18ec:	55418513          	addi	a0,gp,1364 # 20000c44 <__func__.1+0x3c>
    18f0:	788010ef          	jal	3078 <printf>
    18f4:	fdc42783          	lw	a5,-36(s0)
    18f8:	0087a783          	lw	a5,8(a5)
    18fc:	00078593          	mv	a1,a5
    1900:	5f018513          	addi	a0,gp,1520 # 20000ce0 <__func__.1+0xd8>
    1904:	774010ef          	jal	3078 <printf>
    1908:	03100513          	li	a0,49
    190c:	800ff0ef          	jal	90c <gpo_set_ledmask>
    1910:	deadc7b7          	lui	a5,0xdeadc
    1914:	eef78513          	addi	a0,a5,-273 # deadbeef <BUS_END+0x9eadbaef>
    1918:	f1dfe0ef          	jal	834 <write_tohost>
        "Attempt to relase lock with count <= 0: count: %i\n", (int) lock->count);
    if (--lock->count == 0) {
    191c:	fdc42783          	lw	a5,-36(s0)
    1920:	0087a783          	lw	a5,8(a5)
    1924:	fff78713          	addi	a4,a5,-1
    1928:	fdc42783          	lw	a5,-36(s0)
    192c:	00e7a423          	sw	a4,8(a5)
    1930:	fdc42783          	lw	a5,-36(s0)
    1934:	0087a783          	lw	a5,8(a5)
    1938:	00079c63          	bnez	a5,1950 <fp_lock_release+0xf8>
        lock->locked = false;
    193c:	fdc42783          	lw	a5,-36(s0)
    1940:	00078023          	sb	zero,0(a5)
        lock->owner  = UINT32_MAX;
    1944:	fdc42783          	lw	a5,-36(s0)
    1948:	fff00713          	li	a4,-1
    194c:	00e7a223          	sw	a4,4(a5)
    }
    fp_hwlock_release();
    1950:	da9ff0ef          	jal	16f8 <fp_hwlock_release>
}
    1954:	00000013          	nop
    1958:	02c12083          	lw	ra,44(sp)
    195c:	02812403          	lw	s0,40(sp)
    1960:	03010113          	addi	sp,sp,48
    1964:	00008067          	ret

00001968 <thread_ctx_switch_store>:
    add a0, a0, a1
.endm

thread_ctx_switch_store:
    // Disable interrupts
    csrci CSR_STATUS, 0x10
    1968:	50a87073          	csrci	0x50a,16

    // Push a0, a1 to stack
    addi sp, sp, -32
    196c:	fe010113          	addi	sp,sp,-32
    sw a0, 28(sp)
    1970:	00a12e23          	sw	a0,28(sp)
    sw a1, 24(sp)
    1974:	00b12c23          	sw	a1,24(sp)

    getContexts
    1978:	20000517          	auipc	a0,0x20000
    197c:	ad850513          	addi	a0,a0,-1320 # 20001450 <contexts>
    1980:	50b025f3          	csrr	a1,0x50b
    1984:	00759593          	slli	a1,a1,0x7
    1988:	00b50533          	add	a0,a0,a1

    // Store all registers
    // x0 is hard-wired to zero so no reason to store it
    sw x1,  ( 0 * 4)(a0)
    198c:	00152023          	sw	ra,0(a0)
    sw x2,  ( 1 * 4)(a0)
    1990:	00252223          	sw	sp,4(a0)
    sw x3,  ( 2 * 4)(a0)
    1994:	00352423          	sw	gp,8(a0)
    sw x4,  ( 3 * 4)(a0)
    1998:	00452623          	sw	tp,12(a0)
    sw x5,  ( 4 * 4)(a0)
    199c:	00552823          	sw	t0,16(a0)
    sw x6,  ( 5 * 4)(a0)
    19a0:	00652a23          	sw	t1,20(a0)
    sw x7,  ( 6 * 4)(a0)
    19a4:	00752c23          	sw	t2,24(a0)
    sw x8,  ( 7 * 4)(a0)
    19a8:	00852e23          	sw	s0,28(a0)
    sw x9,  ( 8 * 4)(a0)
    19ac:	02952023          	sw	s1,32(a0)
    sw x10, ( 9 * 4)(a0)
    19b0:	02a52223          	sw	a0,36(a0)
    sw x11, (10 * 4)(a0)
    19b4:	02b52423          	sw	a1,40(a0)
    sw x12, (11 * 4)(a0)
    19b8:	02c52623          	sw	a2,44(a0)
    sw x13, (12 * 4)(a0)
    19bc:	02d52823          	sw	a3,48(a0)
    sw x14, (13 * 4)(a0)
    19c0:	02e52a23          	sw	a4,52(a0)
    sw x15, (14 * 4)(a0)
    19c4:	02f52c23          	sw	a5,56(a0)
    sw x16, (15 * 4)(a0)
    19c8:	03052e23          	sw	a6,60(a0)
    sw x17, (16 * 4)(a0)
    19cc:	05152023          	sw	a7,64(a0)
    sw x18, (17 * 4)(a0)
    19d0:	05252223          	sw	s2,68(a0)
    sw x19, (18 * 4)(a0)
    19d4:	05352423          	sw	s3,72(a0)
    sw x20, (19 * 4)(a0)
    19d8:	05452623          	sw	s4,76(a0)
    sw x21, (20 * 4)(a0)
    19dc:	05552823          	sw	s5,80(a0)
    sw x22, (21 * 4)(a0)
    19e0:	05652a23          	sw	s6,84(a0)
    sw x23, (22 * 4)(a0)
    19e4:	05752c23          	sw	s7,88(a0)
    sw x24, (23 * 4)(a0)
    19e8:	05852e23          	sw	s8,92(a0)
    sw x25, (24 * 4)(a0)
    19ec:	07952023          	sw	s9,96(a0)
    sw x26, (25 * 4)(a0)
    19f0:	07a52223          	sw	s10,100(a0)
    sw x27, (26 * 4)(a0)
    19f4:	07b52423          	sw	s11,104(a0)
    sw x28, (27 * 4)(a0)
    19f8:	07c52623          	sw	t3,108(a0)
    sw x29, (28 * 4)(a0)
    19fc:	07d52823          	sw	t4,112(a0)
    sw x30, (29 * 4)(a0)
    1a00:	07e52a23          	sw	t5,116(a0)
    sw x31, (30 * 4)(a0)
    1a04:	07f52c23          	sw	t6,120(a0)

    j fp_exception_handler
    1a08:	a6dff06f          	j	1474 <fp_exception_handler>

00001a0c <thread_ctx_switch_load>:

.globl thread_ctx_switch_load
.type thread_ctx_switch_load,@function

thread_ctx_switch_load:
    getContexts
    1a0c:	20000517          	auipc	a0,0x20000
    1a10:	a4450513          	addi	a0,a0,-1468 # 20001450 <contexts>
    1a14:	50b025f3          	csrr	a1,0x50b
    1a18:	00759593          	slli	a1,a1,0x7
    1a1c:	00b50533          	add	a0,a0,a1

    // Load all registers except the a0 itself
    // x0 is hard-wired to zero so no reason to store it
    lw x1,  ( 0 * 4)(a0)
    1a20:	00052083          	lw	ra,0(a0)
    lw x2,  ( 1 * 4)(a0)
    1a24:	00452103          	lw	sp,4(a0)
    lw x3,  ( 2 * 4)(a0)
    1a28:	00852183          	lw	gp,8(a0)
    lw x4,  ( 3 * 4)(a0)
    1a2c:	00c52203          	lw	tp,12(a0)
    lw x5,  ( 4 * 4)(a0)
    1a30:	01052283          	lw	t0,16(a0)
    lw x6,  ( 5 * 4)(a0)
    1a34:	01452303          	lw	t1,20(a0)
    lw x7,  ( 6 * 4)(a0)
    1a38:	01852383          	lw	t2,24(a0)
    lw x8,  ( 7 * 4)(a0)
    1a3c:	01c52403          	lw	s0,28(a0)
    lw x9,  ( 8 * 4)(a0)
    1a40:	02052483          	lw	s1,32(a0)
    // Skip x10 = a0 since it is on the stack
    // Skip x11 = a1 since it is on the stack
    lw x12, (11 * 4)(a0)
    1a44:	02c52603          	lw	a2,44(a0)
    lw x13, (12 * 4)(a0)
    1a48:	03052683          	lw	a3,48(a0)
    lw x14, (13 * 4)(a0)
    1a4c:	03452703          	lw	a4,52(a0)
    lw x15, (14 * 4)(a0)
    1a50:	03852783          	lw	a5,56(a0)
    lw x16, (15 * 4)(a0)
    1a54:	03c52803          	lw	a6,60(a0)
    lw x17, (16 * 4)(a0)
    1a58:	04052883          	lw	a7,64(a0)
    lw x18, (17 * 4)(a0)
    1a5c:	04452903          	lw	s2,68(a0)
    lw x19, (18 * 4)(a0)
    1a60:	04852983          	lw	s3,72(a0)
    lw x20, (19 * 4)(a0)
    1a64:	04c52a03          	lw	s4,76(a0)
    lw x21, (20 * 4)(a0)
    1a68:	05052a83          	lw	s5,80(a0)
    lw x22, (21 * 4)(a0)
    1a6c:	05452b03          	lw	s6,84(a0)
    lw x23, (22 * 4)(a0)
    1a70:	05852b83          	lw	s7,88(a0)
    lw x24, (23 * 4)(a0)
    1a74:	05c52c03          	lw	s8,92(a0)
    lw x25, (24 * 4)(a0)
    1a78:	06052c83          	lw	s9,96(a0)
    lw x26, (25 * 4)(a0)
    1a7c:	06452d03          	lw	s10,100(a0)
    lw x27, (26 * 4)(a0)
    1a80:	06852d83          	lw	s11,104(a0)
    lw x28, (27 * 4)(a0)
    1a84:	06c52e03          	lw	t3,108(a0)
    lw x29, (28 * 4)(a0)
    1a88:	07052e83          	lw	t4,112(a0)
    lw x30, (29 * 4)(a0)
    1a8c:	07452f03          	lw	t5,116(a0)
    lw x31, (30 * 4)(a0)
    1a90:	07852f83          	lw	t6,120(a0)
    
    // Load a0, a1 from stack
    lw a0, 28(sp)
    1a94:	01c12503          	lw	a0,28(sp)
    lw a1, 24(sp)
    1a98:	01812583          	lw	a1,24(sp)
    addi sp, sp, 32
    1a9c:	02010113          	addi	sp,sp,32

    // Clear interrupt pending bit
    csrci CSR_STATUS, 0x08
    1aa0:	50a47073          	csrci	0x50a,8

    // Write the register and set the interrupt bit again
    csrwi CSR_STATUS, 0x10
    1aa4:	50a85073          	csrwi	0x50a,16

    // Will jump to the address found in MEPC = Machine (mode) exception PC
    mret
    1aa8:	30200073          	mret

00001aac <putchar_via_gadget>:
// Note: This function currently assumes it is not passed a '\0' c,
// or alternatively, that '\0' can be passed to the function in the output
// gadget. The former assumption holds within the printf library. It also
// assumes that the output gadget has been properly initialized.
static inline void putchar_via_gadget(output_gadget_t* gadget, char c)
{
    1aac:	fd010113          	addi	sp,sp,-48
    1ab0:	02112623          	sw	ra,44(sp)
    1ab4:	02812423          	sw	s0,40(sp)
    1ab8:	03010413          	addi	s0,sp,48
    1abc:	fca42e23          	sw	a0,-36(s0)
    1ac0:	00058793          	mv	a5,a1
    1ac4:	fcf40da3          	sb	a5,-37(s0)
  printf_size_t write_pos = gadget->pos++;
    1ac8:	fdc42783          	lw	a5,-36(s0)
    1acc:	00c7a783          	lw	a5,12(a5)
    1ad0:	00178693          	addi	a3,a5,1
    1ad4:	fdc42703          	lw	a4,-36(s0)
    1ad8:	00d72623          	sw	a3,12(a4)
    1adc:	fef42623          	sw	a5,-20(s0)
    // We're _always_ increasing pos, so as to count how may characters
    // _would_ have been written if not for the max_chars limitation
  if (write_pos >= gadget->max_chars) {
    1ae0:	fdc42783          	lw	a5,-36(s0)
    1ae4:	0107a783          	lw	a5,16(a5)
    1ae8:	fec42703          	lw	a4,-20(s0)
    1aec:	04f77863          	bgeu	a4,a5,1b3c <putchar_via_gadget+0x90>
    return;
  }
  if (gadget->function != NULL) {
    1af0:	fdc42783          	lw	a5,-36(s0)
    1af4:	0007a783          	lw	a5,0(a5)
    1af8:	02078463          	beqz	a5,1b20 <putchar_via_gadget+0x74>
    // No check for c == '\0' .
    gadget->function(c, gadget->extra_function_arg);
    1afc:	fdc42783          	lw	a5,-36(s0)
    1b00:	0007a783          	lw	a5,0(a5)
    1b04:	fdc42703          	lw	a4,-36(s0)
    1b08:	00472683          	lw	a3,4(a4)
    1b0c:	fdb44703          	lbu	a4,-37(s0)
    1b10:	00068593          	mv	a1,a3
    1b14:	00070513          	mv	a0,a4
    1b18:	000780e7          	jalr	a5
    1b1c:	0240006f          	j	1b40 <putchar_via_gadget+0x94>
  }
  else {
    // it must be the case that gadget->buffer != NULL , due to the constraint
    // on output_gadget_t ; and note we're relying on write_pos being non-negative.
    gadget->buffer[write_pos] = c;
    1b20:	fdc42783          	lw	a5,-36(s0)
    1b24:	0087a703          	lw	a4,8(a5)
    1b28:	fec42783          	lw	a5,-20(s0)
    1b2c:	00f707b3          	add	a5,a4,a5
    1b30:	fdb44703          	lbu	a4,-37(s0)
    1b34:	00e78023          	sb	a4,0(a5)
    1b38:	0080006f          	j	1b40 <putchar_via_gadget+0x94>
    return;
    1b3c:	00000013          	nop
  }
}
    1b40:	02c12083          	lw	ra,44(sp)
    1b44:	02812403          	lw	s0,40(sp)
    1b48:	03010113          	addi	sp,sp,48
    1b4c:	00008067          	ret

00001b50 <append_termination_with_gadget>:

// Possibly-write the string-terminating '\0' character
static inline void append_termination_with_gadget(output_gadget_t* gadget)
{
    1b50:	fd010113          	addi	sp,sp,-48
    1b54:	02112623          	sw	ra,44(sp)
    1b58:	02812423          	sw	s0,40(sp)
    1b5c:	03010413          	addi	s0,sp,48
    1b60:	fca42e23          	sw	a0,-36(s0)
  if (gadget->function != NULL || gadget->max_chars == 0) {
    1b64:	fdc42783          	lw	a5,-36(s0)
    1b68:	0007a783          	lw	a5,0(a5)
    1b6c:	06079263          	bnez	a5,1bd0 <append_termination_with_gadget+0x80>
    1b70:	fdc42783          	lw	a5,-36(s0)
    1b74:	0107a783          	lw	a5,16(a5)
    1b78:	04078c63          	beqz	a5,1bd0 <append_termination_with_gadget+0x80>
    return;
  }
  if (gadget->buffer == NULL) {
    1b7c:	fdc42783          	lw	a5,-36(s0)
    1b80:	0087a783          	lw	a5,8(a5)
    1b84:	04078a63          	beqz	a5,1bd8 <append_termination_with_gadget+0x88>
    return;
  }
  printf_size_t null_char_pos = gadget->pos < gadget->max_chars ? gadget->pos : gadget->max_chars - 1;
    1b88:	fdc42783          	lw	a5,-36(s0)
    1b8c:	00c7a703          	lw	a4,12(a5)
    1b90:	fdc42783          	lw	a5,-36(s0)
    1b94:	0107a783          	lw	a5,16(a5)
    1b98:	00f77863          	bgeu	a4,a5,1ba8 <append_termination_with_gadget+0x58>
    1b9c:	fdc42783          	lw	a5,-36(s0)
    1ba0:	00c7a783          	lw	a5,12(a5)
    1ba4:	0100006f          	j	1bb4 <append_termination_with_gadget+0x64>
    1ba8:	fdc42783          	lw	a5,-36(s0)
    1bac:	0107a783          	lw	a5,16(a5)
    1bb0:	fff78793          	addi	a5,a5,-1
    1bb4:	fef42623          	sw	a5,-20(s0)
  gadget->buffer[null_char_pos] = '\0';
    1bb8:	fdc42783          	lw	a5,-36(s0)
    1bbc:	0087a703          	lw	a4,8(a5)
    1bc0:	fec42783          	lw	a5,-20(s0)
    1bc4:	00f707b3          	add	a5,a4,a5
    1bc8:	00078023          	sb	zero,0(a5)
    1bcc:	0100006f          	j	1bdc <append_termination_with_gadget+0x8c>
    return;
    1bd0:	00000013          	nop
    1bd4:	0080006f          	j	1bdc <append_termination_with_gadget+0x8c>
    return;
    1bd8:	00000013          	nop
}
    1bdc:	02c12083          	lw	ra,44(sp)
    1be0:	02812403          	lw	s0,40(sp)
    1be4:	03010113          	addi	sp,sp,48
    1be8:	00008067          	ret

00001bec <putchar_wrapper>:

// We can't use putchar_ as is, since our output gadget
// only takes pointers to functions with an extra argument
static inline void putchar_wrapper(char c, void* unused)
{
    1bec:	fe010113          	addi	sp,sp,-32
    1bf0:	00112e23          	sw	ra,28(sp)
    1bf4:	00812c23          	sw	s0,24(sp)
    1bf8:	02010413          	addi	s0,sp,32
    1bfc:	00050793          	mv	a5,a0
    1c00:	feb42423          	sw	a1,-24(s0)
    1c04:	fef407a3          	sb	a5,-17(s0)
  (void) unused;
  putchar_(c);
    1c08:	fef44783          	lbu	a5,-17(s0)
    1c0c:	00078513          	mv	a0,a5
    1c10:	afdfe0ef          	jal	70c <putchar_>
}
    1c14:	00000013          	nop
    1c18:	01c12083          	lw	ra,28(sp)
    1c1c:	01812403          	lw	s0,24(sp)
    1c20:	02010113          	addi	sp,sp,32
    1c24:	00008067          	ret

00001c28 <discarding_gadget>:

static inline output_gadget_t discarding_gadget(void)
{
    1c28:	fc010113          	addi	sp,sp,-64
    1c2c:	02112e23          	sw	ra,60(sp)
    1c30:	02812c23          	sw	s0,56(sp)
    1c34:	04010413          	addi	s0,sp,64
    1c38:	fca42623          	sw	a0,-52(s0)
  output_gadget_t gadget;
  gadget.function = NULL;
    1c3c:	fc042e23          	sw	zero,-36(s0)
  gadget.extra_function_arg = NULL;
    1c40:	fe042023          	sw	zero,-32(s0)
  gadget.buffer = NULL;
    1c44:	fe042223          	sw	zero,-28(s0)
  gadget.pos = 0;
    1c48:	fe042423          	sw	zero,-24(s0)
  gadget.max_chars = 0;
    1c4c:	fe042623          	sw	zero,-20(s0)
  return gadget;
    1c50:	fcc42783          	lw	a5,-52(s0)
    1c54:	fdc42503          	lw	a0,-36(s0)
    1c58:	fe042583          	lw	a1,-32(s0)
    1c5c:	fe442603          	lw	a2,-28(s0)
    1c60:	fe842683          	lw	a3,-24(s0)
    1c64:	fec42703          	lw	a4,-20(s0)
    1c68:	00a7a023          	sw	a0,0(a5)
    1c6c:	00b7a223          	sw	a1,4(a5)
    1c70:	00c7a423          	sw	a2,8(a5)
    1c74:	00d7a623          	sw	a3,12(a5)
    1c78:	00e7a823          	sw	a4,16(a5)
}
    1c7c:	fcc42503          	lw	a0,-52(s0)
    1c80:	03c12083          	lw	ra,60(sp)
    1c84:	03812403          	lw	s0,56(sp)
    1c88:	04010113          	addi	sp,sp,64
    1c8c:	00008067          	ret

00001c90 <function_gadget>:
  }
  return result;
}

static inline output_gadget_t function_gadget(void (*function)(char, void*), void* extra_arg)
{
    1c90:	fc010113          	addi	sp,sp,-64
    1c94:	02112e23          	sw	ra,60(sp)
    1c98:	02812c23          	sw	s0,56(sp)
    1c9c:	04010413          	addi	s0,sp,64
    1ca0:	fca42623          	sw	a0,-52(s0)
    1ca4:	fcb42423          	sw	a1,-56(s0)
    1ca8:	fcc42223          	sw	a2,-60(s0)
  output_gadget_t result = discarding_gadget();
    1cac:	fdc40793          	addi	a5,s0,-36
    1cb0:	00078513          	mv	a0,a5
    1cb4:	f75ff0ef          	jal	1c28 <discarding_gadget>
  result.function = function;
    1cb8:	fc842783          	lw	a5,-56(s0)
    1cbc:	fcf42e23          	sw	a5,-36(s0)
  result.extra_function_arg = extra_arg;
    1cc0:	fc442783          	lw	a5,-60(s0)
    1cc4:	fef42023          	sw	a5,-32(s0)
  result.max_chars = PRINTF_MAX_POSSIBLE_BUFFER_SIZE;
    1cc8:	800007b7          	lui	a5,0x80000
    1ccc:	fff78793          	addi	a5,a5,-1 # 7fffffff <BUS_END+0x3ffffbff>
    1cd0:	fef42623          	sw	a5,-20(s0)
  return result;
    1cd4:	fcc42783          	lw	a5,-52(s0)
    1cd8:	fdc42503          	lw	a0,-36(s0)
    1cdc:	fe042583          	lw	a1,-32(s0)
    1ce0:	fe442603          	lw	a2,-28(s0)
    1ce4:	fe842683          	lw	a3,-24(s0)
    1ce8:	fec42703          	lw	a4,-20(s0)
    1cec:	00a7a023          	sw	a0,0(a5)
    1cf0:	00b7a223          	sw	a1,4(a5)
    1cf4:	00c7a423          	sw	a2,8(a5)
    1cf8:	00d7a623          	sw	a3,12(a5)
    1cfc:	00e7a823          	sw	a4,16(a5)
}
    1d00:	fcc42503          	lw	a0,-52(s0)
    1d04:	03c12083          	lw	ra,60(sp)
    1d08:	03812403          	lw	s0,56(sp)
    1d0c:	04010113          	addi	sp,sp,64
    1d10:	00008067          	ret

00001d14 <extern_putchar_gadget>:

static inline output_gadget_t extern_putchar_gadget(void)
{
    1d14:	fe010113          	addi	sp,sp,-32
    1d18:	00112e23          	sw	ra,28(sp)
    1d1c:	00812c23          	sw	s0,24(sp)
    1d20:	02010413          	addi	s0,sp,32
    1d24:	fea42623          	sw	a0,-20(s0)
  return function_gadget(putchar_wrapper, NULL);
    1d28:	fec42703          	lw	a4,-20(s0)
    1d2c:	00000613          	li	a2,0
    1d30:	000027b7          	lui	a5,0x2
    1d34:	bec78593          	addi	a1,a5,-1044 # 1bec <putchar_wrapper>
    1d38:	00070513          	mv	a0,a4
    1d3c:	f55ff0ef          	jal	1c90 <function_gadget>
}
    1d40:	fec42503          	lw	a0,-20(s0)
    1d44:	01c12083          	lw	ra,28(sp)
    1d48:	01812403          	lw	s0,24(sp)
    1d4c:	02010113          	addi	sp,sp,32
    1d50:	00008067          	ret

00001d54 <strnlen_s_>:
// internal secure strlen
// @return The length of the string (excluding the terminating 0) limited by 'maxsize'
// @note strlen uses size_t, but wes only use this function with printf_size_t
// variables - hence the signature.
static inline printf_size_t strnlen_s_(const char* str, printf_size_t maxsize)
{
    1d54:	fd010113          	addi	sp,sp,-48
    1d58:	02112623          	sw	ra,44(sp)
    1d5c:	02812423          	sw	s0,40(sp)
    1d60:	03010413          	addi	s0,sp,48
    1d64:	fca42e23          	sw	a0,-36(s0)
    1d68:	fcb42c23          	sw	a1,-40(s0)
  const char* s;
  for (s = str; *s && maxsize--; ++s);
    1d6c:	fdc42783          	lw	a5,-36(s0)
    1d70:	fef42623          	sw	a5,-20(s0)
    1d74:	0100006f          	j	1d84 <strnlen_s_+0x30>
    1d78:	fec42783          	lw	a5,-20(s0)
    1d7c:	00178793          	addi	a5,a5,1
    1d80:	fef42623          	sw	a5,-20(s0)
    1d84:	fec42783          	lw	a5,-20(s0)
    1d88:	0007c783          	lbu	a5,0(a5)
    1d8c:	00078a63          	beqz	a5,1da0 <strnlen_s_+0x4c>
    1d90:	fd842783          	lw	a5,-40(s0)
    1d94:	fff78713          	addi	a4,a5,-1
    1d98:	fce42c23          	sw	a4,-40(s0)
    1d9c:	fc079ee3          	bnez	a5,1d78 <strnlen_s_+0x24>
  return (printf_size_t)(s - str);
    1da0:	fec42703          	lw	a4,-20(s0)
    1da4:	fdc42783          	lw	a5,-36(s0)
    1da8:	40f707b3          	sub	a5,a4,a5
}
    1dac:	00078513          	mv	a0,a5
    1db0:	02c12083          	lw	ra,44(sp)
    1db4:	02812403          	lw	s0,40(sp)
    1db8:	03010113          	addi	sp,sp,48
    1dbc:	00008067          	ret

00001dc0 <is_digit_>:


// internal test if char is a digit (0-9)
// @return true if char is a digit
static inline bool is_digit_(char ch)
{
    1dc0:	fe010113          	addi	sp,sp,-32
    1dc4:	00112e23          	sw	ra,28(sp)
    1dc8:	00812c23          	sw	s0,24(sp)
    1dcc:	02010413          	addi	s0,sp,32
    1dd0:	00050793          	mv	a5,a0
    1dd4:	fef407a3          	sb	a5,-17(s0)
  return (ch >= '0') && (ch <= '9');
    1dd8:	fef44703          	lbu	a4,-17(s0)
    1ddc:	02f00793          	li	a5,47
    1de0:	00e7fc63          	bgeu	a5,a4,1df8 <is_digit_+0x38>
    1de4:	fef44703          	lbu	a4,-17(s0)
    1de8:	03900793          	li	a5,57
    1dec:	00e7e663          	bltu	a5,a4,1df8 <is_digit_+0x38>
    1df0:	00100793          	li	a5,1
    1df4:	0080006f          	j	1dfc <is_digit_+0x3c>
    1df8:	00000793          	li	a5,0
    1dfc:	0017f793          	andi	a5,a5,1
    1e00:	0ff7f793          	zext.b	a5,a5
}
    1e04:	00078513          	mv	a0,a5
    1e08:	01c12083          	lw	ra,28(sp)
    1e0c:	01812403          	lw	s0,24(sp)
    1e10:	02010113          	addi	sp,sp,32
    1e14:	00008067          	ret

00001e18 <atou_>:


// internal ASCII string to printf_size_t conversion
static printf_size_t atou_(const char** str)
{
    1e18:	fd010113          	addi	sp,sp,-48
    1e1c:	02112623          	sw	ra,44(sp)
    1e20:	02812423          	sw	s0,40(sp)
    1e24:	03010413          	addi	s0,sp,48
    1e28:	fca42e23          	sw	a0,-36(s0)
  printf_size_t i = 0U;
    1e2c:	fe042623          	sw	zero,-20(s0)
  while (is_digit_(**str)) {
    1e30:	0400006f          	j	1e70 <atou_+0x58>
    i = i * 10U + (printf_size_t)(*((*str)++) - '0');
    1e34:	fec42703          	lw	a4,-20(s0)
    1e38:	00070793          	mv	a5,a4
    1e3c:	00279793          	slli	a5,a5,0x2
    1e40:	00e787b3          	add	a5,a5,a4
    1e44:	00179793          	slli	a5,a5,0x1
    1e48:	00078613          	mv	a2,a5
    1e4c:	fdc42783          	lw	a5,-36(s0)
    1e50:	0007a783          	lw	a5,0(a5)
    1e54:	00178693          	addi	a3,a5,1
    1e58:	fdc42703          	lw	a4,-36(s0)
    1e5c:	00d72023          	sw	a3,0(a4)
    1e60:	0007c783          	lbu	a5,0(a5)
    1e64:	00f607b3          	add	a5,a2,a5
    1e68:	fd078793          	addi	a5,a5,-48
    1e6c:	fef42623          	sw	a5,-20(s0)
  while (is_digit_(**str)) {
    1e70:	fdc42783          	lw	a5,-36(s0)
    1e74:	0007a783          	lw	a5,0(a5)
    1e78:	0007c783          	lbu	a5,0(a5)
    1e7c:	00078513          	mv	a0,a5
    1e80:	f41ff0ef          	jal	1dc0 <is_digit_>
    1e84:	00050793          	mv	a5,a0
    1e88:	fa0796e3          	bnez	a5,1e34 <atou_+0x1c>
  }
  return i;
    1e8c:	fec42783          	lw	a5,-20(s0)
}
    1e90:	00078513          	mv	a0,a5
    1e94:	02c12083          	lw	ra,44(sp)
    1e98:	02812403          	lw	s0,40(sp)
    1e9c:	03010113          	addi	sp,sp,48
    1ea0:	00008067          	ret

00001ea4 <out_rev_>:


// output the specified string in reverse, taking care of any zero-padding
static void out_rev_(output_gadget_t* output, const char* buf, printf_size_t len, printf_size_t width, printf_flags_t flags)
{
    1ea4:	fc010113          	addi	sp,sp,-64
    1ea8:	02112e23          	sw	ra,60(sp)
    1eac:	02812c23          	sw	s0,56(sp)
    1eb0:	04010413          	addi	s0,sp,64
    1eb4:	fca42e23          	sw	a0,-36(s0)
    1eb8:	fcb42c23          	sw	a1,-40(s0)
    1ebc:	fcc42a23          	sw	a2,-44(s0)
    1ec0:	fcd42823          	sw	a3,-48(s0)
    1ec4:	fce42623          	sw	a4,-52(s0)
  const printf_size_t start_pos = output->pos;
    1ec8:	fdc42783          	lw	a5,-36(s0)
    1ecc:	00c7a783          	lw	a5,12(a5)
    1ed0:	fef42423          	sw	a5,-24(s0)

  // pad spaces up to given width
  if (!(flags & FLAGS_LEFT) && !(flags & FLAGS_ZEROPAD)) {
    1ed4:	fcc42783          	lw	a5,-52(s0)
    1ed8:	0027f793          	andi	a5,a5,2
    1edc:	06079663          	bnez	a5,1f48 <out_rev_+0xa4>
    1ee0:	fcc42783          	lw	a5,-52(s0)
    1ee4:	0017f793          	andi	a5,a5,1
    1ee8:	06079063          	bnez	a5,1f48 <out_rev_+0xa4>
    for (printf_size_t i = len; i < width; i++) {
    1eec:	fd442783          	lw	a5,-44(s0)
    1ef0:	fef42623          	sw	a5,-20(s0)
    1ef4:	01c0006f          	j	1f10 <out_rev_+0x6c>
      putchar_via_gadget(output, ' ');
    1ef8:	02000593          	li	a1,32
    1efc:	fdc42503          	lw	a0,-36(s0)
    1f00:	badff0ef          	jal	1aac <putchar_via_gadget>
    for (printf_size_t i = len; i < width; i++) {
    1f04:	fec42783          	lw	a5,-20(s0)
    1f08:	00178793          	addi	a5,a5,1
    1f0c:	fef42623          	sw	a5,-20(s0)
    1f10:	fec42703          	lw	a4,-20(s0)
    1f14:	fd042783          	lw	a5,-48(s0)
    1f18:	fef760e3          	bltu	a4,a5,1ef8 <out_rev_+0x54>
    }
  }

  // reverse string
  while (len) {
    1f1c:	02c0006f          	j	1f48 <out_rev_+0xa4>
    putchar_via_gadget(output, buf[--len]);
    1f20:	fd442783          	lw	a5,-44(s0)
    1f24:	fff78793          	addi	a5,a5,-1
    1f28:	fcf42a23          	sw	a5,-44(s0)
    1f2c:	fd842703          	lw	a4,-40(s0)
    1f30:	fd442783          	lw	a5,-44(s0)
    1f34:	00f707b3          	add	a5,a4,a5
    1f38:	0007c783          	lbu	a5,0(a5)
    1f3c:	00078593          	mv	a1,a5
    1f40:	fdc42503          	lw	a0,-36(s0)
    1f44:	b69ff0ef          	jal	1aac <putchar_via_gadget>
  while (len) {
    1f48:	fd442783          	lw	a5,-44(s0)
    1f4c:	fc079ae3          	bnez	a5,1f20 <out_rev_+0x7c>
  }

  // append pad spaces up to given width
  if (flags & FLAGS_LEFT) {
    1f50:	fcc42783          	lw	a5,-52(s0)
    1f54:	0027f793          	andi	a5,a5,2
    1f58:	02078663          	beqz	a5,1f84 <out_rev_+0xe0>
    while (output->pos - start_pos < width) {
    1f5c:	0100006f          	j	1f6c <out_rev_+0xc8>
      putchar_via_gadget(output, ' ');
    1f60:	02000593          	li	a1,32
    1f64:	fdc42503          	lw	a0,-36(s0)
    1f68:	b45ff0ef          	jal	1aac <putchar_via_gadget>
    while (output->pos - start_pos < width) {
    1f6c:	fdc42783          	lw	a5,-36(s0)
    1f70:	00c7a703          	lw	a4,12(a5)
    1f74:	fe842783          	lw	a5,-24(s0)
    1f78:	40f707b3          	sub	a5,a4,a5
    1f7c:	fd042703          	lw	a4,-48(s0)
    1f80:	fee7e0e3          	bltu	a5,a4,1f60 <out_rev_+0xbc>
    }
  }
}
    1f84:	00000013          	nop
    1f88:	03c12083          	lw	ra,60(sp)
    1f8c:	03812403          	lw	s0,56(sp)
    1f90:	04010113          	addi	sp,sp,64
    1f94:	00008067          	ret

00001f98 <print_integer_finalization>:


// Invoked by print_integer after the actual number has been printed, performing necessary
// work on the number's prefix (as the number is initially printed in reverse order)
static void print_integer_finalization(output_gadget_t* output, char* buf, printf_size_t len, bool negative, numeric_base_t base, printf_size_t precision, printf_size_t width, printf_flags_t flags)
{
    1f98:	fc010113          	addi	sp,sp,-64
    1f9c:	02112e23          	sw	ra,60(sp)
    1fa0:	02812c23          	sw	s0,56(sp)
    1fa4:	04010413          	addi	s0,sp,64
    1fa8:	fca42e23          	sw	a0,-36(s0)
    1fac:	fcb42c23          	sw	a1,-40(s0)
    1fb0:	fcc42a23          	sw	a2,-44(s0)
    1fb4:	fcf42623          	sw	a5,-52(s0)
    1fb8:	fd042423          	sw	a6,-56(s0)
    1fbc:	fd142223          	sw	a7,-60(s0)
    1fc0:	00068793          	mv	a5,a3
    1fc4:	fcf409a3          	sb	a5,-45(s0)
    1fc8:	00070793          	mv	a5,a4
    1fcc:	fcf40923          	sb	a5,-46(s0)
  printf_size_t unpadded_len = len;
    1fd0:	fd442783          	lw	a5,-44(s0)
    1fd4:	fef42623          	sw	a5,-20(s0)

  // pad with leading zeros
  {
    if (!(flags & FLAGS_LEFT)) {
    1fd8:	fc442783          	lw	a5,-60(s0)
    1fdc:	0027f793          	andi	a5,a5,2
    1fe0:	08079e63          	bnez	a5,207c <TOTAL_STACKSIZES+0x7c>
      if (width && (flags & FLAGS_ZEROPAD) && (negative || (flags & (FLAGS_PLUS | FLAGS_SPACE)))) {
    1fe4:	fc842783          	lw	a5,-56(s0)
    1fe8:	04078863          	beqz	a5,2038 <TOTAL_STACKSIZES+0x38>
    1fec:	fc442783          	lw	a5,-60(s0)
    1ff0:	0017f793          	andi	a5,a5,1
    1ff4:	04078263          	beqz	a5,2038 <TOTAL_STACKSIZES+0x38>
    1ff8:	fd344783          	lbu	a5,-45(s0)
    1ffc:	00079863          	bnez	a5,200c <TOTAL_STACKSIZES+0xc>
    2000:	fc442783          	lw	a5,-60(s0)
    2004:	00c7f793          	andi	a5,a5,12
    2008:	02078863          	beqz	a5,2038 <TOTAL_STACKSIZES+0x38>
        width--;
    200c:	fc842783          	lw	a5,-56(s0)
    2010:	fff78793          	addi	a5,a5,-1
    2014:	fcf42423          	sw	a5,-56(s0)
      }
      while ((flags & FLAGS_ZEROPAD) && (len < width) && (len < PRINTF_INTEGER_BUFFER_SIZE)) {
    2018:	0200006f          	j	2038 <TOTAL_STACKSIZES+0x38>
        buf[len++] = '0';
    201c:	fd442783          	lw	a5,-44(s0)
    2020:	00178713          	addi	a4,a5,1
    2024:	fce42a23          	sw	a4,-44(s0)
    2028:	fd842703          	lw	a4,-40(s0)
    202c:	00f707b3          	add	a5,a4,a5
    2030:	03000713          	li	a4,48
    2034:	00e78023          	sb	a4,0(a5)
      while ((flags & FLAGS_ZEROPAD) && (len < width) && (len < PRINTF_INTEGER_BUFFER_SIZE)) {
    2038:	fc442783          	lw	a5,-60(s0)
    203c:	0017f793          	andi	a5,a5,1
    2040:	02078e63          	beqz	a5,207c <TOTAL_STACKSIZES+0x7c>
    2044:	fd442703          	lw	a4,-44(s0)
    2048:	fc842783          	lw	a5,-56(s0)
    204c:	02f77863          	bgeu	a4,a5,207c <TOTAL_STACKSIZES+0x7c>
    2050:	fd442703          	lw	a4,-44(s0)
    2054:	01f00793          	li	a5,31
    2058:	fce7f2e3          	bgeu	a5,a4,201c <TOTAL_STACKSIZES+0x1c>
      }
    }

    while ((len < precision) && (len < PRINTF_INTEGER_BUFFER_SIZE)) {
    205c:	0200006f          	j	207c <TOTAL_STACKSIZES+0x7c>
      buf[len++] = '0';
    2060:	fd442783          	lw	a5,-44(s0)
    2064:	00178713          	addi	a4,a5,1
    2068:	fce42a23          	sw	a4,-44(s0)
    206c:	fd842703          	lw	a4,-40(s0)
    2070:	00f707b3          	add	a5,a4,a5
    2074:	03000713          	li	a4,48
    2078:	00e78023          	sb	a4,0(a5)
    while ((len < precision) && (len < PRINTF_INTEGER_BUFFER_SIZE)) {
    207c:	fd442703          	lw	a4,-44(s0)
    2080:	fcc42783          	lw	a5,-52(s0)
    2084:	00f77863          	bgeu	a4,a5,2094 <TOTAL_STACKSIZES+0x94>
    2088:	fd442703          	lw	a4,-44(s0)
    208c:	01f00793          	li	a5,31
    2090:	fce7f8e3          	bgeu	a5,a4,2060 <TOTAL_STACKSIZES+0x60>
    }

    if (base == BASE_OCTAL && (len > unpadded_len)) {
    2094:	fd244703          	lbu	a4,-46(s0)
    2098:	00800793          	li	a5,8
    209c:	00f71e63          	bne	a4,a5,20b8 <TOTAL_STACKSIZES+0xb8>
    20a0:	fd442703          	lw	a4,-44(s0)
    20a4:	fec42783          	lw	a5,-20(s0)
    20a8:	00e7f863          	bgeu	a5,a4,20b8 <TOTAL_STACKSIZES+0xb8>
      // Since we've written some zeros, we've satisfied the alternative format leading space requirement
      flags &= ~FLAGS_HASH;
    20ac:	fc442783          	lw	a5,-60(s0)
    20b0:	fef7f793          	andi	a5,a5,-17
    20b4:	fcf42223          	sw	a5,-60(s0)
    }
  }

  // handle hash
  if (flags & (FLAGS_HASH | FLAGS_POINTER)) {
    20b8:	fc442703          	lw	a4,-60(s0)
    20bc:	000027b7          	lui	a5,0x2
    20c0:	01078793          	addi	a5,a5,16 # 2010 <TOTAL_STACKSIZES+0x10>
    20c4:	00f777b3          	and	a5,a4,a5
    20c8:	16078663          	beqz	a5,2234 <TOTAL_STACKSIZES+0x234>
    if (!(flags & FLAGS_PRECISION) && len && ((len == precision) || (len == width))) {
    20cc:	fc442703          	lw	a4,-60(s0)
    20d0:	000017b7          	lui	a5,0x1
    20d4:	80078793          	addi	a5,a5,-2048 # 800 <STACKSIZE>
    20d8:	00f777b3          	and	a5,a4,a5
    20dc:	06079a63          	bnez	a5,2150 <TOTAL_STACKSIZES+0x150>
    20e0:	fd442783          	lw	a5,-44(s0)
    20e4:	06078663          	beqz	a5,2150 <TOTAL_STACKSIZES+0x150>
    20e8:	fd442703          	lw	a4,-44(s0)
    20ec:	fcc42783          	lw	a5,-52(s0)
    20f0:	00f70863          	beq	a4,a5,2100 <TOTAL_STACKSIZES+0x100>
    20f4:	fd442703          	lw	a4,-44(s0)
    20f8:	fc842783          	lw	a5,-56(s0)
    20fc:	04f71a63          	bne	a4,a5,2150 <TOTAL_STACKSIZES+0x150>
      // Let's take back some padding digits to fit in what will eventually
      // be the format-specific prefix
      if (unpadded_len < len) {
    2100:	fec42703          	lw	a4,-20(s0)
    2104:	fd442783          	lw	a5,-44(s0)
    2108:	00f77863          	bgeu	a4,a5,2118 <TOTAL_STACKSIZES+0x118>
        len--; // This should suffice for BASE_OCTAL
    210c:	fd442783          	lw	a5,-44(s0)
    2110:	fff78793          	addi	a5,a5,-1
    2114:	fcf42a23          	sw	a5,-44(s0)
      }
      if (len && (base == BASE_HEX || base == BASE_BINARY) && (unpadded_len < len)) {
    2118:	fd442783          	lw	a5,-44(s0)
    211c:	02078a63          	beqz	a5,2150 <TOTAL_STACKSIZES+0x150>
    2120:	fd244703          	lbu	a4,-46(s0)
    2124:	01000793          	li	a5,16
    2128:	00f70863          	beq	a4,a5,2138 <TOTAL_STACKSIZES+0x138>
    212c:	fd244703          	lbu	a4,-46(s0)
    2130:	00200793          	li	a5,2
    2134:	00f71e63          	bne	a4,a5,2150 <TOTAL_STACKSIZES+0x150>
    2138:	fec42703          	lw	a4,-20(s0)
    213c:	fd442783          	lw	a5,-44(s0)
    2140:	00f77863          	bgeu	a4,a5,2150 <TOTAL_STACKSIZES+0x150>
        len--; // ... and an extra one for 0x or 0b
    2144:	fd442783          	lw	a5,-44(s0)
    2148:	fff78793          	addi	a5,a5,-1
    214c:	fcf42a23          	sw	a5,-44(s0)
      }
    }
    if ((base == BASE_HEX) && !(flags & FLAGS_UPPERCASE) && (len < PRINTF_INTEGER_BUFFER_SIZE)) {
    2150:	fd244703          	lbu	a4,-46(s0)
    2154:	01000793          	li	a5,16
    2158:	02f71e63          	bne	a4,a5,2194 <TOTAL_STACKSIZES+0x194>
    215c:	fc442783          	lw	a5,-60(s0)
    2160:	0207f793          	andi	a5,a5,32
    2164:	02079863          	bnez	a5,2194 <TOTAL_STACKSIZES+0x194>
    2168:	fd442703          	lw	a4,-44(s0)
    216c:	01f00793          	li	a5,31
    2170:	02e7e263          	bltu	a5,a4,2194 <TOTAL_STACKSIZES+0x194>
      buf[len++] = 'x';
    2174:	fd442783          	lw	a5,-44(s0)
    2178:	00178713          	addi	a4,a5,1
    217c:	fce42a23          	sw	a4,-44(s0)
    2180:	fd842703          	lw	a4,-40(s0)
    2184:	00f707b3          	add	a5,a4,a5
    2188:	07800713          	li	a4,120
    218c:	00e78023          	sb	a4,0(a5)
    2190:	07c0006f          	j	220c <TOTAL_STACKSIZES+0x20c>
    }
    else if ((base == BASE_HEX) && (flags & FLAGS_UPPERCASE) && (len < PRINTF_INTEGER_BUFFER_SIZE)) {
    2194:	fd244703          	lbu	a4,-46(s0)
    2198:	01000793          	li	a5,16
    219c:	02f71e63          	bne	a4,a5,21d8 <TOTAL_STACKSIZES+0x1d8>
    21a0:	fc442783          	lw	a5,-60(s0)
    21a4:	0207f793          	andi	a5,a5,32
    21a8:	02078863          	beqz	a5,21d8 <TOTAL_STACKSIZES+0x1d8>
    21ac:	fd442703          	lw	a4,-44(s0)
    21b0:	01f00793          	li	a5,31
    21b4:	02e7e263          	bltu	a5,a4,21d8 <TOTAL_STACKSIZES+0x1d8>
      buf[len++] = 'X';
    21b8:	fd442783          	lw	a5,-44(s0)
    21bc:	00178713          	addi	a4,a5,1
    21c0:	fce42a23          	sw	a4,-44(s0)
    21c4:	fd842703          	lw	a4,-40(s0)
    21c8:	00f707b3          	add	a5,a4,a5
    21cc:	05800713          	li	a4,88
    21d0:	00e78023          	sb	a4,0(a5)
    21d4:	0380006f          	j	220c <TOTAL_STACKSIZES+0x20c>
    }
    else if ((base == BASE_BINARY) && (len < PRINTF_INTEGER_BUFFER_SIZE)) {
    21d8:	fd244703          	lbu	a4,-46(s0)
    21dc:	00200793          	li	a5,2
    21e0:	02f71663          	bne	a4,a5,220c <TOTAL_STACKSIZES+0x20c>
    21e4:	fd442703          	lw	a4,-44(s0)
    21e8:	01f00793          	li	a5,31
    21ec:	02e7e063          	bltu	a5,a4,220c <TOTAL_STACKSIZES+0x20c>
      buf[len++] = 'b';
    21f0:	fd442783          	lw	a5,-44(s0)
    21f4:	00178713          	addi	a4,a5,1
    21f8:	fce42a23          	sw	a4,-44(s0)
    21fc:	fd842703          	lw	a4,-40(s0)
    2200:	00f707b3          	add	a5,a4,a5
    2204:	06200713          	li	a4,98
    2208:	00e78023          	sb	a4,0(a5)
    }
    if (len < PRINTF_INTEGER_BUFFER_SIZE) {
    220c:	fd442703          	lw	a4,-44(s0)
    2210:	01f00793          	li	a5,31
    2214:	02e7e063          	bltu	a5,a4,2234 <TOTAL_STACKSIZES+0x234>
      buf[len++] = '0';
    2218:	fd442783          	lw	a5,-44(s0)
    221c:	00178713          	addi	a4,a5,1
    2220:	fce42a23          	sw	a4,-44(s0)
    2224:	fd842703          	lw	a4,-40(s0)
    2228:	00f707b3          	add	a5,a4,a5
    222c:	03000713          	li	a4,48
    2230:	00e78023          	sb	a4,0(a5)
    }
  }

  if (len < PRINTF_INTEGER_BUFFER_SIZE) {
    2234:	fd442703          	lw	a4,-44(s0)
    2238:	01f00793          	li	a5,31
    223c:	08e7e063          	bltu	a5,a4,22bc <TOTAL_STACKSIZES+0x2bc>
    if (negative) {
    2240:	fd344783          	lbu	a5,-45(s0)
    2244:	02078263          	beqz	a5,2268 <TOTAL_STACKSIZES+0x268>
      buf[len++] = '-';
    2248:	fd442783          	lw	a5,-44(s0)
    224c:	00178713          	addi	a4,a5,1
    2250:	fce42a23          	sw	a4,-44(s0)
    2254:	fd842703          	lw	a4,-40(s0)
    2258:	00f707b3          	add	a5,a4,a5
    225c:	02d00713          	li	a4,45
    2260:	00e78023          	sb	a4,0(a5)
    2264:	0580006f          	j	22bc <TOTAL_STACKSIZES+0x2bc>
    }
    else if (flags & FLAGS_PLUS) {
    2268:	fc442783          	lw	a5,-60(s0)
    226c:	0047f793          	andi	a5,a5,4
    2270:	02078263          	beqz	a5,2294 <TOTAL_STACKSIZES+0x294>
      buf[len++] = '+';  // ignore the space if the '+' exists
    2274:	fd442783          	lw	a5,-44(s0)
    2278:	00178713          	addi	a4,a5,1
    227c:	fce42a23          	sw	a4,-44(s0)
    2280:	fd842703          	lw	a4,-40(s0)
    2284:	00f707b3          	add	a5,a4,a5
    2288:	02b00713          	li	a4,43
    228c:	00e78023          	sb	a4,0(a5)
    2290:	02c0006f          	j	22bc <TOTAL_STACKSIZES+0x2bc>
    }
    else if (flags & FLAGS_SPACE) {
    2294:	fc442783          	lw	a5,-60(s0)
    2298:	0087f793          	andi	a5,a5,8
    229c:	02078063          	beqz	a5,22bc <TOTAL_STACKSIZES+0x2bc>
      buf[len++] = ' ';
    22a0:	fd442783          	lw	a5,-44(s0)
    22a4:	00178713          	addi	a4,a5,1
    22a8:	fce42a23          	sw	a4,-44(s0)
    22ac:	fd842703          	lw	a4,-40(s0)
    22b0:	00f707b3          	add	a5,a4,a5
    22b4:	02000713          	li	a4,32
    22b8:	00e78023          	sb	a4,0(a5)
    }
  }

  out_rev_(output, buf, len, width, flags);
    22bc:	fc442703          	lw	a4,-60(s0)
    22c0:	fc842683          	lw	a3,-56(s0)
    22c4:	fd442603          	lw	a2,-44(s0)
    22c8:	fd842583          	lw	a1,-40(s0)
    22cc:	fdc42503          	lw	a0,-36(s0)
    22d0:	bd5ff0ef          	jal	1ea4 <out_rev_>
}
    22d4:	00000013          	nop
    22d8:	03c12083          	lw	ra,60(sp)
    22dc:	03812403          	lw	s0,56(sp)
    22e0:	04010113          	addi	sp,sp,64
    22e4:	00008067          	ret

000022e8 <print_integer>:

// An internal itoa-like function
static void print_integer(output_gadget_t* output, printf_unsigned_value_t value, bool negative, numeric_base_t base, printf_size_t precision, printf_size_t width, printf_flags_t flags)
{
    22e8:	fa010113          	addi	sp,sp,-96
    22ec:	04112e23          	sw	ra,92(sp)
    22f0:	04812c23          	sw	s0,88(sp)
    22f4:	06010413          	addi	s0,sp,96
    22f8:	faa42e23          	sw	a0,-68(s0)
    22fc:	fab42c23          	sw	a1,-72(s0)
    2300:	fae42823          	sw	a4,-80(s0)
    2304:	faf42623          	sw	a5,-84(s0)
    2308:	fb042423          	sw	a6,-88(s0)
    230c:	00060793          	mv	a5,a2
    2310:	faf40ba3          	sb	a5,-73(s0)
    2314:	00068793          	mv	a5,a3
    2318:	faf40b23          	sb	a5,-74(s0)
  char buf[PRINTF_INTEGER_BUFFER_SIZE];
  printf_size_t len = 0U;
    231c:	fe042623          	sw	zero,-20(s0)

  if (!value) {
    2320:	fb842783          	lw	a5,-72(s0)
    2324:	06079063          	bnez	a5,2384 <print_integer+0x9c>
    if ( !(flags & FLAGS_PRECISION) ) {
    2328:	fa842703          	lw	a4,-88(s0)
    232c:	000017b7          	lui	a5,0x1
    2330:	80078793          	addi	a5,a5,-2048 # 800 <STACKSIZE>
    2334:	00f777b3          	and	a5,a4,a5
    2338:	02079863          	bnez	a5,2368 <print_integer+0x80>
      buf[len++] = '0';
    233c:	fec42783          	lw	a5,-20(s0)
    2340:	00178713          	addi	a4,a5,1
    2344:	fee42623          	sw	a4,-20(s0)
    2348:	ff078793          	addi	a5,a5,-16
    234c:	008787b3          	add	a5,a5,s0
    2350:	03000713          	li	a4,48
    2354:	fce78c23          	sb	a4,-40(a5)
      flags &= ~FLAGS_HASH;
    2358:	fa842783          	lw	a5,-88(s0)
    235c:	fef7f793          	andi	a5,a5,-17
    2360:	faf42423          	sw	a5,-88(s0)
    2364:	0c80006f          	j	242c <print_integer+0x144>
      // We drop this flag this since either the alternative and regular modes of the specifier
      // don't differ on 0 values, or (in the case of octal) we've already provided the special
      // handling for this mode.
    }
    else if (base == BASE_HEX) {
    2368:	fb644703          	lbu	a4,-74(s0)
    236c:	01000793          	li	a5,16
    2370:	0af71e63          	bne	a4,a5,242c <print_integer+0x144>
      flags &= ~FLAGS_HASH;
    2374:	fa842783          	lw	a5,-88(s0)
    2378:	fef7f793          	andi	a5,a5,-17
    237c:	faf42423          	sw	a5,-88(s0)
    2380:	0ac0006f          	j	242c <print_integer+0x144>
      // don't differ on 0 values
    }
  }
  else {
    do {
      const char digit = (char)(value % base);
    2384:	fb644703          	lbu	a4,-74(s0)
    2388:	fb842783          	lw	a5,-72(s0)
    238c:	00070593          	mv	a1,a4
    2390:	00078513          	mv	a0,a5
    2394:	5c9000ef          	jal	315c <__umodsi3>
    2398:	00050793          	mv	a5,a0
    239c:	fef405a3          	sb	a5,-21(s0)
      buf[len++] = (char)(digit < 10 ? '0' + digit : (flags & FLAGS_UPPERCASE ? 'A' : 'a') + digit - 10);
    23a0:	feb44703          	lbu	a4,-21(s0)
    23a4:	00900793          	li	a5,9
    23a8:	00e7ea63          	bltu	a5,a4,23bc <print_integer+0xd4>
    23ac:	feb44783          	lbu	a5,-21(s0)
    23b0:	03078793          	addi	a5,a5,48
    23b4:	0ff7f793          	zext.b	a5,a5
    23b8:	0300006f          	j	23e8 <print_integer+0x100>
    23bc:	fa842783          	lw	a5,-88(s0)
    23c0:	0207f793          	andi	a5,a5,32
    23c4:	00078663          	beqz	a5,23d0 <print_integer+0xe8>
    23c8:	04100793          	li	a5,65
    23cc:	0080006f          	j	23d4 <print_integer+0xec>
    23d0:	06100793          	li	a5,97
    23d4:	feb44703          	lbu	a4,-21(s0)
    23d8:	00e787b3          	add	a5,a5,a4
    23dc:	0ff7f793          	zext.b	a5,a5
    23e0:	ff678793          	addi	a5,a5,-10
    23e4:	0ff7f793          	zext.b	a5,a5
    23e8:	fec42703          	lw	a4,-20(s0)
    23ec:	00170693          	addi	a3,a4,1
    23f0:	fed42623          	sw	a3,-20(s0)
    23f4:	ff070713          	addi	a4,a4,-16
    23f8:	00870733          	add	a4,a4,s0
    23fc:	fcf70c23          	sb	a5,-40(a4)
      value /= base;
    2400:	fb644783          	lbu	a5,-74(s0)
    2404:	00078593          	mv	a1,a5
    2408:	fb842503          	lw	a0,-72(s0)
    240c:	509000ef          	jal	3114 <__hidden___udivsi3>
    2410:	00050793          	mv	a5,a0
    2414:	faf42c23          	sw	a5,-72(s0)
    } while (value && (len < PRINTF_INTEGER_BUFFER_SIZE));
    2418:	fb842783          	lw	a5,-72(s0)
    241c:	00078863          	beqz	a5,242c <print_integer+0x144>
    2420:	fec42703          	lw	a4,-20(s0)
    2424:	01f00793          	li	a5,31
    2428:	f4e7fee3          	bgeu	a5,a4,2384 <print_integer+0x9c>
  }

  print_integer_finalization(output, buf, len, negative, base, precision, width, flags);
    242c:	fb644703          	lbu	a4,-74(s0)
    2430:	fb744683          	lbu	a3,-73(s0)
    2434:	fc840593          	addi	a1,s0,-56
    2438:	fa842883          	lw	a7,-88(s0)
    243c:	fac42803          	lw	a6,-84(s0)
    2440:	fb042783          	lw	a5,-80(s0)
    2444:	fec42603          	lw	a2,-20(s0)
    2448:	fbc42503          	lw	a0,-68(s0)
    244c:	b4dff0ef          	jal	1f98 <print_integer_finalization>
}
    2450:	00000013          	nop
    2454:	05c12083          	lw	ra,92(sp)
    2458:	05812403          	lw	s0,88(sp)
    245c:	06010113          	addi	sp,sp,96
    2460:	00008067          	ret

00002464 <parse_flags>:
#endif  // (PRINTF_SUPPORT_DECIMAL_SPECIFIERS || PRINTF_SUPPORT_EXPONENTIAL_SPECIFIERS)

// Advances the format pointer past the flags, and returns the parsed flags
// due to the characters passed
static printf_flags_t parse_flags(const char** format)
{
    2464:	fd010113          	addi	sp,sp,-48
    2468:	02112623          	sw	ra,44(sp)
    246c:	02812423          	sw	s0,40(sp)
    2470:	03010413          	addi	s0,sp,48
    2474:	fca42e23          	sw	a0,-36(s0)
  printf_flags_t flags = 0U;
    2478:	fe042623          	sw	zero,-20(s0)
  do {
    switch (**format) {
    247c:	fdc42783          	lw	a5,-36(s0)
    2480:	0007a783          	lw	a5,0(a5)
    2484:	0007c783          	lbu	a5,0(a5)
    2488:	fe078793          	addi	a5,a5,-32
    248c:	01000713          	li	a4,16
    2490:	0cf76663          	bltu	a4,a5,255c <parse_flags+0xf8>
    2494:	00279713          	slli	a4,a5,0x2
    2498:	64818793          	addi	a5,gp,1608 # 20000d38 <__func__.0+0x10>
    249c:	00f707b3          	add	a5,a4,a5
    24a0:	0007a783          	lw	a5,0(a5)
    24a4:	00078067          	jr	a5
      case '0': flags |= FLAGS_ZEROPAD; (*format)++; break;
    24a8:	fec42783          	lw	a5,-20(s0)
    24ac:	0017e793          	ori	a5,a5,1
    24b0:	fef42623          	sw	a5,-20(s0)
    24b4:	fdc42783          	lw	a5,-36(s0)
    24b8:	0007a783          	lw	a5,0(a5)
    24bc:	00178713          	addi	a4,a5,1
    24c0:	fdc42783          	lw	a5,-36(s0)
    24c4:	00e7a023          	sw	a4,0(a5)
    24c8:	09c0006f          	j	2564 <parse_flags+0x100>
      case '-': flags |= FLAGS_LEFT;    (*format)++; break;
    24cc:	fec42783          	lw	a5,-20(s0)
    24d0:	0027e793          	ori	a5,a5,2
    24d4:	fef42623          	sw	a5,-20(s0)
    24d8:	fdc42783          	lw	a5,-36(s0)
    24dc:	0007a783          	lw	a5,0(a5)
    24e0:	00178713          	addi	a4,a5,1
    24e4:	fdc42783          	lw	a5,-36(s0)
    24e8:	00e7a023          	sw	a4,0(a5)
    24ec:	0780006f          	j	2564 <parse_flags+0x100>
      case '+': flags |= FLAGS_PLUS;    (*format)++; break;
    24f0:	fec42783          	lw	a5,-20(s0)
    24f4:	0047e793          	ori	a5,a5,4
    24f8:	fef42623          	sw	a5,-20(s0)
    24fc:	fdc42783          	lw	a5,-36(s0)
    2500:	0007a783          	lw	a5,0(a5)
    2504:	00178713          	addi	a4,a5,1
    2508:	fdc42783          	lw	a5,-36(s0)
    250c:	00e7a023          	sw	a4,0(a5)
    2510:	0540006f          	j	2564 <parse_flags+0x100>
      case ' ': flags |= FLAGS_SPACE;   (*format)++; break;
    2514:	fec42783          	lw	a5,-20(s0)
    2518:	0087e793          	ori	a5,a5,8
    251c:	fef42623          	sw	a5,-20(s0)
    2520:	fdc42783          	lw	a5,-36(s0)
    2524:	0007a783          	lw	a5,0(a5)
    2528:	00178713          	addi	a4,a5,1
    252c:	fdc42783          	lw	a5,-36(s0)
    2530:	00e7a023          	sw	a4,0(a5)
    2534:	0300006f          	j	2564 <parse_flags+0x100>
      case '#': flags |= FLAGS_HASH;    (*format)++; break;
    2538:	fec42783          	lw	a5,-20(s0)
    253c:	0107e793          	ori	a5,a5,16
    2540:	fef42623          	sw	a5,-20(s0)
    2544:	fdc42783          	lw	a5,-36(s0)
    2548:	0007a783          	lw	a5,0(a5)
    254c:	00178713          	addi	a4,a5,1
    2550:	fdc42783          	lw	a5,-36(s0)
    2554:	00e7a023          	sw	a4,0(a5)
    2558:	00c0006f          	j	2564 <parse_flags+0x100>
      default : return flags;
    255c:	fec42783          	lw	a5,-20(s0)
    2560:	0080006f          	j	2568 <parse_flags+0x104>
    switch (**format) {
    2564:	f19ff06f          	j	247c <parse_flags+0x18>
    }
  } while (true);
}
    2568:	00078513          	mv	a0,a5
    256c:	02c12083          	lw	ra,44(sp)
    2570:	02812403          	lw	s0,40(sp)
    2574:	03010113          	addi	sp,sp,48
    2578:	00008067          	ret

0000257c <format_string_loop>:

static inline void format_string_loop(output_gadget_t* output, const char* format, va_list args)
{
    257c:	fa010113          	addi	sp,sp,-96
    2580:	04112e23          	sw	ra,92(sp)
    2584:	04812c23          	sw	s0,88(sp)
    2588:	06010413          	addi	s0,sp,96
    258c:	faa42623          	sw	a0,-84(s0)
    2590:	fab42423          	sw	a1,-88(s0)
    2594:	fac42223          	sw	a2,-92(s0)
#else
#define ADVANCE_IN_FORMAT_STRING(cptr_) (cptr_)++
#endif


  while (*format)
    2598:	2150006f          	j	2fac <format_string_loop+0xa30>
  {
    if (*format != '%') {
    259c:	fa842783          	lw	a5,-88(s0)
    25a0:	0007c703          	lbu	a4,0(a5)
    25a4:	02500793          	li	a5,37
    25a8:	02f70463          	beq	a4,a5,25d0 <format_string_loop+0x54>
      // A regular content character
      putchar_via_gadget(output, *format);
    25ac:	fa842783          	lw	a5,-88(s0)
    25b0:	0007c783          	lbu	a5,0(a5)
    25b4:	00078593          	mv	a1,a5
    25b8:	fac42503          	lw	a0,-84(s0)
    25bc:	cf0ff0ef          	jal	1aac <putchar_via_gadget>
      format++;
    25c0:	fa842783          	lw	a5,-88(s0)
    25c4:	00178793          	addi	a5,a5,1
    25c8:	faf42423          	sw	a5,-88(s0)
      continue;
    25cc:	1e10006f          	j	2fac <format_string_loop+0xa30>
    }
    // We're parsing a format specifier: %[flags][width][.precision][length]
    ADVANCE_IN_FORMAT_STRING(format);
    25d0:	fa842783          	lw	a5,-88(s0)
    25d4:	00178793          	addi	a5,a5,1
    25d8:	faf42423          	sw	a5,-88(s0)

    printf_flags_t flags = parse_flags(&format);
    25dc:	fa840793          	addi	a5,s0,-88
    25e0:	00078513          	mv	a0,a5
    25e4:	e81ff0ef          	jal	2464 <parse_flags>
    25e8:	fea42623          	sw	a0,-20(s0)

    // evaluate width field
    printf_size_t width = 0U;
    25ec:	fe042423          	sw	zero,-24(s0)
    if (is_digit_(*format)) {
    25f0:	fa842783          	lw	a5,-88(s0)
    25f4:	0007c783          	lbu	a5,0(a5)
    25f8:	00078513          	mv	a0,a5
    25fc:	fc4ff0ef          	jal	1dc0 <is_digit_>
    2600:	00050793          	mv	a5,a0
    2604:	00078c63          	beqz	a5,261c <format_string_loop+0xa0>
      width = (printf_size_t) atou_(&format);
    2608:	fa840793          	addi	a5,s0,-88
    260c:	00078513          	mv	a0,a5
    2610:	809ff0ef          	jal	1e18 <atou_>
    2614:	fea42423          	sw	a0,-24(s0)
    2618:	0600006f          	j	2678 <format_string_loop+0xfc>
    }
    else if (*format == '*') {
    261c:	fa842783          	lw	a5,-88(s0)
    2620:	0007c703          	lbu	a4,0(a5)
    2624:	02a00793          	li	a5,42
    2628:	04f71863          	bne	a4,a5,2678 <format_string_loop+0xfc>
      const int w = va_arg(args, int);
    262c:	fa442783          	lw	a5,-92(s0)
    2630:	00478713          	addi	a4,a5,4
    2634:	fae42223          	sw	a4,-92(s0)
    2638:	0007a783          	lw	a5,0(a5)
    263c:	fcf42823          	sw	a5,-48(s0)
      if (w < 0) {
    2640:	fd042783          	lw	a5,-48(s0)
    2644:	0207d063          	bgez	a5,2664 <format_string_loop+0xe8>
        flags |= FLAGS_LEFT;    // reverse padding
    2648:	fec42783          	lw	a5,-20(s0)
    264c:	0027e793          	ori	a5,a5,2
    2650:	fef42623          	sw	a5,-20(s0)
        width = (printf_size_t)-w;
    2654:	fd042783          	lw	a5,-48(s0)
    2658:	40f007b3          	neg	a5,a5
    265c:	fef42423          	sw	a5,-24(s0)
    2660:	00c0006f          	j	266c <format_string_loop+0xf0>
      }
      else {
        width = (printf_size_t)w;
    2664:	fd042783          	lw	a5,-48(s0)
    2668:	fef42423          	sw	a5,-24(s0)
      }
      ADVANCE_IN_FORMAT_STRING(format);
    266c:	fa842783          	lw	a5,-88(s0)
    2670:	00178793          	addi	a5,a5,1
    2674:	faf42423          	sw	a5,-88(s0)
    }

    // evaluate precision field
    printf_size_t precision = 0U;
    2678:	fe042223          	sw	zero,-28(s0)
    if (*format == '.') {
    267c:	fa842783          	lw	a5,-88(s0)
    2680:	0007c703          	lbu	a4,0(a5)
    2684:	02e00793          	li	a5,46
    2688:	08f71863          	bne	a4,a5,2718 <format_string_loop+0x19c>
      flags |= FLAGS_PRECISION;
    268c:	fec42703          	lw	a4,-20(s0)
    2690:	000017b7          	lui	a5,0x1
    2694:	80078793          	addi	a5,a5,-2048 # 800 <STACKSIZE>
    2698:	00f767b3          	or	a5,a4,a5
    269c:	fef42623          	sw	a5,-20(s0)
      ADVANCE_IN_FORMAT_STRING(format);
    26a0:	fa842783          	lw	a5,-88(s0)
    26a4:	00178793          	addi	a5,a5,1
    26a8:	faf42423          	sw	a5,-88(s0)
      if (is_digit_(*format)) {
    26ac:	fa842783          	lw	a5,-88(s0)
    26b0:	0007c783          	lbu	a5,0(a5)
    26b4:	00078513          	mv	a0,a5
    26b8:	f08ff0ef          	jal	1dc0 <is_digit_>
    26bc:	00050793          	mv	a5,a0
    26c0:	00078c63          	beqz	a5,26d8 <format_string_loop+0x15c>
        precision = (printf_size_t) atou_(&format);
    26c4:	fa840793          	addi	a5,s0,-88
    26c8:	00078513          	mv	a0,a5
    26cc:	f4cff0ef          	jal	1e18 <atou_>
    26d0:	fea42223          	sw	a0,-28(s0)
    26d4:	0440006f          	j	2718 <format_string_loop+0x19c>
      }
      else if (*format == '*') {
    26d8:	fa842783          	lw	a5,-88(s0)
    26dc:	0007c703          	lbu	a4,0(a5)
    26e0:	02a00793          	li	a5,42
    26e4:	02f71a63          	bne	a4,a5,2718 <format_string_loop+0x19c>
        const int precision_ = va_arg(args, int);
    26e8:	fa442783          	lw	a5,-92(s0)
    26ec:	00478713          	addi	a4,a5,4
    26f0:	fae42223          	sw	a4,-92(s0)
    26f4:	0007a783          	lw	a5,0(a5)
    26f8:	fcf42623          	sw	a5,-52(s0)
        precision = precision_ > 0 ? (printf_size_t) precision_ : 0U;
    26fc:	fcc42783          	lw	a5,-52(s0)
    2700:	0007d463          	bgez	a5,2708 <format_string_loop+0x18c>
    2704:	00000793          	li	a5,0
    2708:	fef42223          	sw	a5,-28(s0)
        ADVANCE_IN_FORMAT_STRING(format);
    270c:	fa842783          	lw	a5,-88(s0)
    2710:	00178793          	addi	a5,a5,1
    2714:	faf42423          	sw	a5,-88(s0)
      }
    }

    // evaluate length field
    switch (*format) {
    2718:	fa842783          	lw	a5,-88(s0)
    271c:	0007c783          	lbu	a5,0(a5)
    2720:	04900713          	li	a4,73
    2724:	02e78e63          	beq	a5,a4,2760 <format_string_loop+0x1e4>
    2728:	04900713          	li	a4,73
    272c:	22e7ce63          	blt	a5,a4,2968 <format_string_loop+0x3ec>
    2730:	07a00713          	li	a4,122
    2734:	22f74a63          	blt	a4,a5,2968 <format_string_loop+0x3ec>
    2738:	06800713          	li	a4,104
    273c:	22e7c663          	blt	a5,a4,2968 <format_string_loop+0x3ec>
    2740:	f9878793          	addi	a5,a5,-104
    2744:	01200713          	li	a4,18
    2748:	22f76063          	bltu	a4,a5,2968 <format_string_loop+0x3ec>
    274c:	00279713          	slli	a4,a5,0x2
    2750:	69c18793          	addi	a5,gp,1692 # 20000d8c <__func__.0+0x64>
    2754:	00f707b3          	add	a5,a4,a5
    2758:	0007a783          	lw	a5,0(a5)
    275c:	00078067          	jr	a5
#ifdef PRINTF_SUPPORT_MSVC_STYLE_INTEGER_SPECIFIERS
      case 'I' : {
        ADVANCE_IN_FORMAT_STRING(format);
    2760:	fa842783          	lw	a5,-88(s0)
    2764:	00178793          	addi	a5,a5,1
    2768:	faf42423          	sw	a5,-88(s0)
        // Greedily parse for size in bits: 8, 16, 32 or 64
        switch(*format) {
    276c:	fa842783          	lw	a5,-88(s0)
    2770:	0007c783          	lbu	a5,0(a5)
    2774:	03800713          	li	a4,56
    2778:	02e78863          	beq	a5,a4,27a8 <format_string_loop+0x22c>
    277c:	03800713          	li	a4,56
    2780:	0ef74663          	blt	a4,a5,286c <format_string_loop+0x2f0>
    2784:	03600713          	li	a4,54
    2788:	0ae78663          	beq	a5,a4,2834 <format_string_loop+0x2b8>
    278c:	03600713          	li	a4,54
    2790:	0cf74e63          	blt	a4,a5,286c <format_string_loop+0x2f0>
    2794:	03100713          	li	a4,49
    2798:	02e78663          	beq	a5,a4,27c4 <format_string_loop+0x248>
    279c:	03300713          	li	a4,51
    27a0:	04e78e63          	beq	a5,a4,27fc <format_string_loop+0x280>
            break;
          case '6':
            ADVANCE_IN_FORMAT_STRING(format);
            if (*format == '4') { ADVANCE_IN_FORMAT_STRING(format); flags |= FLAGS_INT64; }
            break;
          default: break;
    27a4:	0c80006f          	j	286c <format_string_loop+0x2f0>
          case '8':               flags |= FLAGS_INT8;
    27a8:	fec42783          	lw	a5,-20(s0)
    27ac:	0407e793          	ori	a5,a5,64
    27b0:	fef42623          	sw	a5,-20(s0)
            ADVANCE_IN_FORMAT_STRING(format);
    27b4:	fa842783          	lw	a5,-88(s0)
    27b8:	00178793          	addi	a5,a5,1
    27bc:	faf42423          	sw	a5,-88(s0)
            break;
    27c0:	0c80006f          	j	2888 <format_string_loop+0x30c>
            ADVANCE_IN_FORMAT_STRING(format);
    27c4:	fa842783          	lw	a5,-88(s0)
    27c8:	00178793          	addi	a5,a5,1
    27cc:	faf42423          	sw	a5,-88(s0)
          if (*format == '6') { format++; flags |= FLAGS_INT16; }
    27d0:	fa842783          	lw	a5,-88(s0)
    27d4:	0007c703          	lbu	a4,0(a5)
    27d8:	03600793          	li	a5,54
    27dc:	08f71c63          	bne	a4,a5,2874 <format_string_loop+0x2f8>
    27e0:	fa842783          	lw	a5,-88(s0)
    27e4:	00178793          	addi	a5,a5,1
    27e8:	faf42423          	sw	a5,-88(s0)
    27ec:	fec42783          	lw	a5,-20(s0)
    27f0:	0807e793          	ori	a5,a5,128
    27f4:	fef42623          	sw	a5,-20(s0)
            break;
    27f8:	07c0006f          	j	2874 <format_string_loop+0x2f8>
            ADVANCE_IN_FORMAT_STRING(format);
    27fc:	fa842783          	lw	a5,-88(s0)
    2800:	00178793          	addi	a5,a5,1
    2804:	faf42423          	sw	a5,-88(s0)
            if (*format == '2') { ADVANCE_IN_FORMAT_STRING(format); flags |= FLAGS_INT32; }
    2808:	fa842783          	lw	a5,-88(s0)
    280c:	0007c703          	lbu	a4,0(a5)
    2810:	03200793          	li	a5,50
    2814:	06f71463          	bne	a4,a5,287c <format_string_loop+0x300>
    2818:	fa842783          	lw	a5,-88(s0)
    281c:	00178793          	addi	a5,a5,1
    2820:	faf42423          	sw	a5,-88(s0)
    2824:	fec42783          	lw	a5,-20(s0)
    2828:	1007e793          	ori	a5,a5,256
    282c:	fef42623          	sw	a5,-20(s0)
            break;
    2830:	04c0006f          	j	287c <format_string_loop+0x300>
            ADVANCE_IN_FORMAT_STRING(format);
    2834:	fa842783          	lw	a5,-88(s0)
    2838:	00178793          	addi	a5,a5,1
    283c:	faf42423          	sw	a5,-88(s0)
            if (*format == '4') { ADVANCE_IN_FORMAT_STRING(format); flags |= FLAGS_INT64; }
    2840:	fa842783          	lw	a5,-88(s0)
    2844:	0007c703          	lbu	a4,0(a5)
    2848:	03400793          	li	a5,52
    284c:	02f71c63          	bne	a4,a5,2884 <format_string_loop+0x308>
    2850:	fa842783          	lw	a5,-88(s0)
    2854:	00178793          	addi	a5,a5,1
    2858:	faf42423          	sw	a5,-88(s0)
    285c:	fec42783          	lw	a5,-20(s0)
    2860:	4007e793          	ori	a5,a5,1024
    2864:	fef42623          	sw	a5,-20(s0)
            break;
    2868:	01c0006f          	j	2884 <format_string_loop+0x308>
          default: break;
    286c:	00000013          	nop
    2870:	10c0006f          	j	297c <format_string_loop+0x400>
            break;
    2874:	00000013          	nop
    2878:	1040006f          	j	297c <format_string_loop+0x400>
            break;
    287c:	00000013          	nop
    2880:	0fc0006f          	j	297c <format_string_loop+0x400>
            break;
    2884:	00000013          	nop
        }
        break;
    2888:	0f40006f          	j	297c <format_string_loop+0x400>
      }
#endif
      case 'l' :
        flags |= FLAGS_LONG;
    288c:	fec42783          	lw	a5,-20(s0)
    2890:	2007e793          	ori	a5,a5,512
    2894:	fef42623          	sw	a5,-20(s0)
        ADVANCE_IN_FORMAT_STRING(format);
    2898:	fa842783          	lw	a5,-88(s0)
    289c:	00178793          	addi	a5,a5,1
    28a0:	faf42423          	sw	a5,-88(s0)
        if (*format == 'l') {
    28a4:	fa842783          	lw	a5,-88(s0)
    28a8:	0007c703          	lbu	a4,0(a5)
    28ac:	06c00793          	li	a5,108
    28b0:	0cf71063          	bne	a4,a5,2970 <format_string_loop+0x3f4>
          flags |= FLAGS_LONG_LONG;
    28b4:	fec42783          	lw	a5,-20(s0)
    28b8:	4007e793          	ori	a5,a5,1024
    28bc:	fef42623          	sw	a5,-20(s0)
          ADVANCE_IN_FORMAT_STRING(format);
    28c0:	fa842783          	lw	a5,-88(s0)
    28c4:	00178793          	addi	a5,a5,1
    28c8:	faf42423          	sw	a5,-88(s0)
        }
        break;
    28cc:	0a40006f          	j	2970 <format_string_loop+0x3f4>
      case 'h' :
        flags |= FLAGS_SHORT;
    28d0:	fec42783          	lw	a5,-20(s0)
    28d4:	0807e793          	ori	a5,a5,128
    28d8:	fef42623          	sw	a5,-20(s0)
        ADVANCE_IN_FORMAT_STRING(format);
    28dc:	fa842783          	lw	a5,-88(s0)
    28e0:	00178793          	addi	a5,a5,1
    28e4:	faf42423          	sw	a5,-88(s0)
        if (*format == 'h') {
    28e8:	fa842783          	lw	a5,-88(s0)
    28ec:	0007c703          	lbu	a4,0(a5)
    28f0:	06800793          	li	a5,104
    28f4:	08f71263          	bne	a4,a5,2978 <format_string_loop+0x3fc>
          flags |= FLAGS_CHAR;
    28f8:	fec42783          	lw	a5,-20(s0)
    28fc:	0407e793          	ori	a5,a5,64
    2900:	fef42623          	sw	a5,-20(s0)
          ADVANCE_IN_FORMAT_STRING(format);
    2904:	fa842783          	lw	a5,-88(s0)
    2908:	00178793          	addi	a5,a5,1
    290c:	faf42423          	sw	a5,-88(s0)
        }
        break;
    2910:	0680006f          	j	2978 <format_string_loop+0x3fc>
      case 't' :
        flags |= (sizeof(ptrdiff_t) == sizeof(long) ? FLAGS_LONG : FLAGS_LONG_LONG);
    2914:	fec42783          	lw	a5,-20(s0)
    2918:	2007e793          	ori	a5,a5,512
    291c:	fef42623          	sw	a5,-20(s0)
        ADVANCE_IN_FORMAT_STRING(format);
    2920:	fa842783          	lw	a5,-88(s0)
    2924:	00178793          	addi	a5,a5,1
    2928:	faf42423          	sw	a5,-88(s0)
        break;
    292c:	0500006f          	j	297c <format_string_loop+0x400>
      case 'j' :
        flags |= (sizeof(intmax_t) == sizeof(long) ? FLAGS_LONG : FLAGS_LONG_LONG);
    2930:	fec42783          	lw	a5,-20(s0)
    2934:	4007e793          	ori	a5,a5,1024
    2938:	fef42623          	sw	a5,-20(s0)
        ADVANCE_IN_FORMAT_STRING(format);
    293c:	fa842783          	lw	a5,-88(s0)
    2940:	00178793          	addi	a5,a5,1
    2944:	faf42423          	sw	a5,-88(s0)
        break;
    2948:	0340006f          	j	297c <format_string_loop+0x400>
      case 'z' :
        flags |= (sizeof(size_t) == sizeof(long) ? FLAGS_LONG : FLAGS_LONG_LONG);
    294c:	fec42783          	lw	a5,-20(s0)
    2950:	2007e793          	ori	a5,a5,512
    2954:	fef42623          	sw	a5,-20(s0)
        ADVANCE_IN_FORMAT_STRING(format);
    2958:	fa842783          	lw	a5,-88(s0)
    295c:	00178793          	addi	a5,a5,1
    2960:	faf42423          	sw	a5,-88(s0)
        break;
    2964:	0180006f          	j	297c <format_string_loop+0x400>
      default:
        break;
    2968:	00000013          	nop
    296c:	0100006f          	j	297c <format_string_loop+0x400>
        break;
    2970:	00000013          	nop
    2974:	0080006f          	j	297c <format_string_loop+0x400>
        break;
    2978:	00000013          	nop
    }

    // evaluate specifier
    switch (*format) {
    297c:	fa842783          	lw	a5,-88(s0)
    2980:	0007c783          	lbu	a5,0(a5)
    2984:	07800713          	li	a4,120
    2988:	5ef74e63          	blt	a4,a5,2f84 <format_string_loop+0xa08>
    298c:	06400713          	li	a4,100
    2990:	02e7dc63          	bge	a5,a4,29c8 <format_string_loop+0x44c>
    2994:	06300713          	li	a4,99
    2998:	36e78463          	beq	a5,a4,2d00 <format_string_loop+0x784>
    299c:	06300713          	li	a4,99
    29a0:	5ef74263          	blt	a4,a5,2f84 <format_string_loop+0xa08>
    29a4:	06200713          	li	a4,98
    29a8:	06e78863          	beq	a5,a4,2a18 <format_string_loop+0x49c>
    29ac:	06200713          	li	a4,98
    29b0:	5cf74a63          	blt	a4,a5,2f84 <format_string_loop+0xa08>
    29b4:	02500713          	li	a4,37
    29b8:	5ae78863          	beq	a5,a4,2f68 <format_string_loop+0x9ec>
    29bc:	05800713          	li	a4,88
    29c0:	04e78c63          	beq	a5,a4,2a18 <format_string_loop+0x49c>
    29c4:	5c00006f          	j	2f84 <format_string_loop+0xa08>
    29c8:	f9c78793          	addi	a5,a5,-100
    29cc:	00100713          	li	a4,1
    29d0:	00f717b3          	sll	a5,a4,a5
    29d4:	00121737          	lui	a4,0x121
    29d8:	82170713          	addi	a4,a4,-2015 # 120821 <DSPM_SIZE+0x110821>
    29dc:	00e7f733          	and	a4,a5,a4
    29e0:	00e03733          	snez	a4,a4
    29e4:	0ff77713          	zext.b	a4,a4
    29e8:	02071863          	bnez	a4,2a18 <format_string_loop+0x49c>
    29ec:	00001737          	lui	a4,0x1
    29f0:	00e7f733          	and	a4,a5,a4
    29f4:	00e03733          	snez	a4,a4
    29f8:	0ff77713          	zext.b	a4,a4
    29fc:	4e071463          	bnez	a4,2ee4 <format_string_loop+0x968>
    2a00:	00008737          	lui	a4,0x8
    2a04:	00e7f7b3          	and	a5,a5,a4
    2a08:	00f037b3          	snez	a5,a5
    2a0c:	0ff7f793          	zext.b	a5,a5
    2a10:	38079463          	bnez	a5,2d98 <format_string_loop+0x81c>
    2a14:	5700006f          	j	2f84 <format_string_loop+0xa08>
      case 'x' :
      case 'X' :
      case 'o' :
      case 'b' : {

        if (*format == 'd' || *format == 'i') {
    2a18:	fa842783          	lw	a5,-88(s0)
    2a1c:	0007c703          	lbu	a4,0(a5)
    2a20:	06400793          	li	a5,100
    2a24:	00f70a63          	beq	a4,a5,2a38 <format_string_loop+0x4bc>
    2a28:	fa842783          	lw	a5,-88(s0)
    2a2c:	0007c703          	lbu	a4,0(a5)
    2a30:	06900793          	li	a5,105
    2a34:	00f71a63          	bne	a4,a5,2a48 <format_string_loop+0x4cc>
          flags |= FLAGS_SIGNED;
    2a38:	fec42703          	lw	a4,-20(s0)
    2a3c:	000047b7          	lui	a5,0x4
    2a40:	00f767b3          	or	a5,a4,a5
    2a44:	fef42623          	sw	a5,-20(s0)
        }

        numeric_base_t base;
        if (*format == 'x' || *format == 'X') {
    2a48:	fa842783          	lw	a5,-88(s0)
    2a4c:	0007c703          	lbu	a4,0(a5) # 4000 <__muldi3+0x84>
    2a50:	07800793          	li	a5,120
    2a54:	00f70a63          	beq	a4,a5,2a68 <format_string_loop+0x4ec>
    2a58:	fa842783          	lw	a5,-88(s0)
    2a5c:	0007c703          	lbu	a4,0(a5)
    2a60:	05800793          	li	a5,88
    2a64:	00f71863          	bne	a4,a5,2a74 <format_string_loop+0x4f8>
          base = BASE_HEX;
    2a68:	01000793          	li	a5,16
    2a6c:	fef401a3          	sb	a5,-29(s0)
    2a70:	0500006f          	j	2ac0 <format_string_loop+0x544>
        }
        else if (*format == 'o') {
    2a74:	fa842783          	lw	a5,-88(s0)
    2a78:	0007c703          	lbu	a4,0(a5)
    2a7c:	06f00793          	li	a5,111
    2a80:	00f71863          	bne	a4,a5,2a90 <format_string_loop+0x514>
          base =  BASE_OCTAL;
    2a84:	00800793          	li	a5,8
    2a88:	fef401a3          	sb	a5,-29(s0)
    2a8c:	0340006f          	j	2ac0 <format_string_loop+0x544>
        }
        else if (*format == 'b') {
    2a90:	fa842783          	lw	a5,-88(s0)
    2a94:	0007c703          	lbu	a4,0(a5)
    2a98:	06200793          	li	a5,98
    2a9c:	00f71863          	bne	a4,a5,2aac <format_string_loop+0x530>
          base =  BASE_BINARY;
    2aa0:	00200793          	li	a5,2
    2aa4:	fef401a3          	sb	a5,-29(s0)
    2aa8:	0180006f          	j	2ac0 <format_string_loop+0x544>
        }
        else {
          base = BASE_DECIMAL;
    2aac:	00a00793          	li	a5,10
    2ab0:	fef401a3          	sb	a5,-29(s0)
          flags &= ~FLAGS_HASH; // decimal integers have no alternative presentation
    2ab4:	fec42783          	lw	a5,-20(s0)
    2ab8:	fef7f793          	andi	a5,a5,-17
    2abc:	fef42623          	sw	a5,-20(s0)
        }

        if (*format == 'X') {
    2ac0:	fa842783          	lw	a5,-88(s0)
    2ac4:	0007c703          	lbu	a4,0(a5)
    2ac8:	05800793          	li	a5,88
    2acc:	00f71863          	bne	a4,a5,2adc <format_string_loop+0x560>
          flags |= FLAGS_UPPERCASE;
    2ad0:	fec42783          	lw	a5,-20(s0)
    2ad4:	0207e793          	ori	a5,a5,32
    2ad8:	fef42623          	sw	a5,-20(s0)
        }

        format++;
    2adc:	fa842783          	lw	a5,-88(s0)
    2ae0:	00178793          	addi	a5,a5,1
    2ae4:	faf42423          	sw	a5,-88(s0)
        // ignore '0' flag when precision is given
        if (flags & FLAGS_PRECISION) {
    2ae8:	fec42703          	lw	a4,-20(s0)
    2aec:	000017b7          	lui	a5,0x1
    2af0:	80078793          	addi	a5,a5,-2048 # 800 <STACKSIZE>
    2af4:	00f777b3          	and	a5,a4,a5
    2af8:	00078863          	beqz	a5,2b08 <format_string_loop+0x58c>
          flags &= ~FLAGS_ZEROPAD;
    2afc:	fec42783          	lw	a5,-20(s0)
    2b00:	ffe7f793          	andi	a5,a5,-2
    2b04:	fef42623          	sw	a5,-20(s0)
        }

        if (flags & FLAGS_SIGNED) {
    2b08:	fec42703          	lw	a4,-20(s0)
    2b0c:	000047b7          	lui	a5,0x4
    2b10:	00f777b3          	and	a5,a4,a5
    2b14:	10078a63          	beqz	a5,2c28 <format_string_loop+0x6ac>
          // A signed specifier: d, i or possibly I + bit size if enabled

          if (flags & FLAGS_LONG_LONG) {
    2b18:	fec42783          	lw	a5,-20(s0)
    2b1c:	4007f793          	andi	a5,a5,1024
    2b20:	48079463          	bnez	a5,2fa8 <format_string_loop+0xa2c>
#if PRINTF_SUPPORT_LONG_LONG
            const long long value = va_arg(args, long long);
            print_integer(output, ABS_FOR_PRINTING(value), value < 0, base, precision, width, flags);
#endif
          }
          else if (flags & FLAGS_LONG) {
    2b24:	fec42783          	lw	a5,-20(s0)
    2b28:	2007f793          	andi	a5,a5,512
    2b2c:	04078c63          	beqz	a5,2b84 <format_string_loop+0x608>
            const long value = va_arg(args, long);
    2b30:	fa442783          	lw	a5,-92(s0)
    2b34:	00478713          	addi	a4,a5,4 # 4004 <__muldi3+0x88>
    2b38:	fae42223          	sw	a4,-92(s0)
    2b3c:	0007a783          	lw	a5,0(a5)
    2b40:	faf42e23          	sw	a5,-68(s0)
            print_integer(output, ABS_FOR_PRINTING(value), value < 0, base, precision, width, flags);
    2b44:	fbc42783          	lw	a5,-68(s0)
    2b48:	41f7d713          	srai	a4,a5,0x1f
    2b4c:	fbc42783          	lw	a5,-68(s0)
    2b50:	00f747b3          	xor	a5,a4,a5
    2b54:	40e787b3          	sub	a5,a5,a4
    2b58:	00078593          	mv	a1,a5
    2b5c:	fbc42783          	lw	a5,-68(s0)
    2b60:	01f7d793          	srli	a5,a5,0x1f
    2b64:	0ff7f613          	zext.b	a2,a5
    2b68:	fe344683          	lbu	a3,-29(s0)
    2b6c:	fec42803          	lw	a6,-20(s0)
    2b70:	fe842783          	lw	a5,-24(s0)
    2b74:	fe442703          	lw	a4,-28(s0)
    2b78:	fac42503          	lw	a0,-84(s0)
    2b7c:	f6cff0ef          	jal	22e8 <print_integer>
              (flags & FLAGS_SHORT) ? (unsigned short int)va_arg(args, unsigned int) :
              va_arg(args, unsigned int);
            print_integer(output, (printf_unsigned_value_t) value, false, base, precision, width, flags);
          }
        }
        break;
    2b80:	4280006f          	j	2fa8 <format_string_loop+0xa2c>
              (flags & FLAGS_CHAR) ? (signed char) va_arg(args, int) :
    2b84:	fec42783          	lw	a5,-20(s0)
    2b88:	0407f793          	andi	a5,a5,64
    2b8c:	02078063          	beqz	a5,2bac <format_string_loop+0x630>
    2b90:	fa442783          	lw	a5,-92(s0)
    2b94:	00478713          	addi	a4,a5,4
    2b98:	fae42223          	sw	a4,-92(s0)
    2b9c:	0007a783          	lw	a5,0(a5)
    2ba0:	01879793          	slli	a5,a5,0x18
    2ba4:	4187d793          	srai	a5,a5,0x18
    2ba8:	03c0006f          	j	2be4 <format_string_loop+0x668>
              (flags & FLAGS_SHORT) ? (short int) va_arg(args, int) :
    2bac:	fec42783          	lw	a5,-20(s0)
    2bb0:	0807f793          	andi	a5,a5,128
    2bb4:	02078063          	beqz	a5,2bd4 <format_string_loop+0x658>
    2bb8:	fa442783          	lw	a5,-92(s0)
    2bbc:	00478713          	addi	a4,a5,4
    2bc0:	fae42223          	sw	a4,-92(s0)
    2bc4:	0007a783          	lw	a5,0(a5)
    2bc8:	01079793          	slli	a5,a5,0x10
    2bcc:	4107d793          	srai	a5,a5,0x10
    2bd0:	0140006f          	j	2be4 <format_string_loop+0x668>
    2bd4:	fa442783          	lw	a5,-92(s0)
    2bd8:	00478713          	addi	a4,a5,4
    2bdc:	fae42223          	sw	a4,-92(s0)
    2be0:	0007a783          	lw	a5,0(a5)
            const int value =
    2be4:	fcf42023          	sw	a5,-64(s0)
            print_integer(output, ABS_FOR_PRINTING(value), value < 0, base, precision, width, flags);
    2be8:	fc042783          	lw	a5,-64(s0)
    2bec:	41f7d713          	srai	a4,a5,0x1f
    2bf0:	fc042783          	lw	a5,-64(s0)
    2bf4:	00f747b3          	xor	a5,a4,a5
    2bf8:	40e787b3          	sub	a5,a5,a4
    2bfc:	00078593          	mv	a1,a5
    2c00:	fc042783          	lw	a5,-64(s0)
    2c04:	01f7d793          	srli	a5,a5,0x1f
    2c08:	0ff7f613          	zext.b	a2,a5
    2c0c:	fe344683          	lbu	a3,-29(s0)
    2c10:	fec42803          	lw	a6,-20(s0)
    2c14:	fe842783          	lw	a5,-24(s0)
    2c18:	fe442703          	lw	a4,-28(s0)
    2c1c:	fac42503          	lw	a0,-84(s0)
    2c20:	ec8ff0ef          	jal	22e8 <print_integer>
        break;
    2c24:	3840006f          	j	2fa8 <format_string_loop+0xa2c>
          flags &= ~(FLAGS_PLUS | FLAGS_SPACE);
    2c28:	fec42783          	lw	a5,-20(s0)
    2c2c:	ff37f793          	andi	a5,a5,-13
    2c30:	fef42623          	sw	a5,-20(s0)
          if (flags & FLAGS_LONG_LONG) {
    2c34:	fec42783          	lw	a5,-20(s0)
    2c38:	4007f793          	andi	a5,a5,1024
    2c3c:	36079663          	bnez	a5,2fa8 <format_string_loop+0xa2c>
          else if (flags & FLAGS_LONG) {
    2c40:	fec42783          	lw	a5,-20(s0)
    2c44:	2007f793          	andi	a5,a5,512
    2c48:	02078a63          	beqz	a5,2c7c <format_string_loop+0x700>
            print_integer(output, (printf_unsigned_value_t) va_arg(args, unsigned long), false, base, precision, width, flags);
    2c4c:	fa442783          	lw	a5,-92(s0)
    2c50:	00478713          	addi	a4,a5,4
    2c54:	fae42223          	sw	a4,-92(s0)
    2c58:	0007a583          	lw	a1,0(a5)
    2c5c:	fe344683          	lbu	a3,-29(s0)
    2c60:	fec42803          	lw	a6,-20(s0)
    2c64:	fe842783          	lw	a5,-24(s0)
    2c68:	fe442703          	lw	a4,-28(s0)
    2c6c:	00000613          	li	a2,0
    2c70:	fac42503          	lw	a0,-84(s0)
    2c74:	e74ff0ef          	jal	22e8 <print_integer>
        break;
    2c78:	3300006f          	j	2fa8 <format_string_loop+0xa2c>
              (flags & FLAGS_CHAR) ? (unsigned char)va_arg(args, unsigned int) :
    2c7c:	fec42783          	lw	a5,-20(s0)
    2c80:	0407f793          	andi	a5,a5,64
    2c84:	00078e63          	beqz	a5,2ca0 <format_string_loop+0x724>
    2c88:	fa442783          	lw	a5,-92(s0)
    2c8c:	00478713          	addi	a4,a5,4
    2c90:	fae42223          	sw	a4,-92(s0)
    2c94:	0007a783          	lw	a5,0(a5)
    2c98:	0ff7f793          	zext.b	a5,a5
    2c9c:	03c0006f          	j	2cd8 <format_string_loop+0x75c>
              (flags & FLAGS_SHORT) ? (unsigned short int)va_arg(args, unsigned int) :
    2ca0:	fec42783          	lw	a5,-20(s0)
    2ca4:	0807f793          	andi	a5,a5,128
    2ca8:	02078063          	beqz	a5,2cc8 <format_string_loop+0x74c>
    2cac:	fa442783          	lw	a5,-92(s0)
    2cb0:	00478713          	addi	a4,a5,4
    2cb4:	fae42223          	sw	a4,-92(s0)
    2cb8:	0007a783          	lw	a5,0(a5)
    2cbc:	01079793          	slli	a5,a5,0x10
    2cc0:	0107d793          	srli	a5,a5,0x10
    2cc4:	0140006f          	j	2cd8 <format_string_loop+0x75c>
    2cc8:	fa442783          	lw	a5,-92(s0)
    2ccc:	00478713          	addi	a4,a5,4
    2cd0:	fae42223          	sw	a4,-92(s0)
    2cd4:	0007a783          	lw	a5,0(a5)
            const unsigned int value =
    2cd8:	fcf42223          	sw	a5,-60(s0)
            print_integer(output, (printf_unsigned_value_t) value, false, base, precision, width, flags);
    2cdc:	fe344683          	lbu	a3,-29(s0)
    2ce0:	fec42803          	lw	a6,-20(s0)
    2ce4:	fe842783          	lw	a5,-24(s0)
    2ce8:	fe442703          	lw	a4,-28(s0)
    2cec:	00000613          	li	a2,0
    2cf0:	fc442583          	lw	a1,-60(s0)
    2cf4:	fac42503          	lw	a0,-84(s0)
    2cf8:	df0ff0ef          	jal	22e8 <print_integer>
        break;
    2cfc:	2ac0006f          	j	2fa8 <format_string_loop+0xa2c>
        print_floating_point(output, va_arg(args, double), precision, width, flags, PRINTF_PREFER_EXPONENTIAL);
        format++;
        break;
#endif  // PRINTF_SUPPORT_EXPONENTIAL_SPECIFIERS
      case 'c' : {
        printf_size_t l = 1U;
    2d00:	00100793          	li	a5,1
    2d04:	fcf42e23          	sw	a5,-36(s0)
        // pre padding
        if (!(flags & FLAGS_LEFT)) {
    2d08:	fec42783          	lw	a5,-20(s0)
    2d0c:	0027f793          	andi	a5,a5,2
    2d10:	02079463          	bnez	a5,2d38 <format_string_loop+0x7bc>
          while (l++ < width) {
    2d14:	0100006f          	j	2d24 <format_string_loop+0x7a8>
            putchar_via_gadget(output, ' ');
    2d18:	02000593          	li	a1,32
    2d1c:	fac42503          	lw	a0,-84(s0)
    2d20:	d8dfe0ef          	jal	1aac <putchar_via_gadget>
          while (l++ < width) {
    2d24:	fdc42783          	lw	a5,-36(s0)
    2d28:	00178713          	addi	a4,a5,1
    2d2c:	fce42e23          	sw	a4,-36(s0)
    2d30:	fe842703          	lw	a4,-24(s0)
    2d34:	fee7e2e3          	bltu	a5,a4,2d18 <format_string_loop+0x79c>
          }
        }
        // char output
        putchar_via_gadget(output, (char) va_arg(args, int) );
    2d38:	fa442783          	lw	a5,-92(s0)
    2d3c:	00478713          	addi	a4,a5,4
    2d40:	fae42223          	sw	a4,-92(s0)
    2d44:	0007a783          	lw	a5,0(a5)
    2d48:	0ff7f793          	zext.b	a5,a5
    2d4c:	00078593          	mv	a1,a5
    2d50:	fac42503          	lw	a0,-84(s0)
    2d54:	d59fe0ef          	jal	1aac <putchar_via_gadget>
        // post padding
        if (flags & FLAGS_LEFT) {
    2d58:	fec42783          	lw	a5,-20(s0)
    2d5c:	0027f793          	andi	a5,a5,2
    2d60:	02078463          	beqz	a5,2d88 <format_string_loop+0x80c>
          while (l++ < width) {
    2d64:	0100006f          	j	2d74 <format_string_loop+0x7f8>
            putchar_via_gadget(output, ' ');
    2d68:	02000593          	li	a1,32
    2d6c:	fac42503          	lw	a0,-84(s0)
    2d70:	d3dfe0ef          	jal	1aac <putchar_via_gadget>
          while (l++ < width) {
    2d74:	fdc42783          	lw	a5,-36(s0)
    2d78:	00178713          	addi	a4,a5,1
    2d7c:	fce42e23          	sw	a4,-36(s0)
    2d80:	fe842703          	lw	a4,-24(s0)
    2d84:	fee7e2e3          	bltu	a5,a4,2d68 <format_string_loop+0x7ec>
          }
        }
        format++;
    2d88:	fa842783          	lw	a5,-88(s0)
    2d8c:	00178793          	addi	a5,a5,1
    2d90:	faf42423          	sw	a5,-88(s0)
        break;
    2d94:	2180006f          	j	2fac <format_string_loop+0xa30>
      }

      case 's' : {
        const char* p = va_arg(args, char*);
    2d98:	fa442783          	lw	a5,-92(s0)
    2d9c:	00478713          	addi	a4,a5,4
    2da0:	fae42223          	sw	a4,-92(s0)
    2da4:	0007a783          	lw	a5,0(a5)
    2da8:	fcf42c23          	sw	a5,-40(s0)
        if (p == NULL) {
    2dac:	fd842783          	lw	a5,-40(s0)
    2db0:	02079063          	bnez	a5,2dd0 <format_string_loop+0x854>
          out_rev_(output, ")llun(", 6, width, flags);
    2db4:	fec42703          	lw	a4,-20(s0)
    2db8:	fe842683          	lw	a3,-24(s0)
    2dbc:	00600613          	li	a2,6
    2dc0:	68c18593          	addi	a1,gp,1676 # 20000d7c <__func__.0+0x54>
    2dc4:	fac42503          	lw	a0,-84(s0)
    2dc8:	8dcff0ef          	jal	1ea4 <out_rev_>
    2dcc:	1080006f          	j	2ed4 <format_string_loop+0x958>
        }
        else {
          printf_size_t l = strnlen_s_(p, precision ? precision : PRINTF_MAX_POSSIBLE_BUFFER_SIZE);
    2dd0:	fe442783          	lw	a5,-28(s0)
    2dd4:	00078663          	beqz	a5,2de0 <format_string_loop+0x864>
    2dd8:	fe442783          	lw	a5,-28(s0)
    2ddc:	00c0006f          	j	2de8 <format_string_loop+0x86c>
    2de0:	800007b7          	lui	a5,0x80000
    2de4:	fff78793          	addi	a5,a5,-1 # 7fffffff <BUS_END+0x3ffffbff>
    2de8:	00078593          	mv	a1,a5
    2dec:	fd842503          	lw	a0,-40(s0)
    2df0:	f65fe0ef          	jal	1d54 <strnlen_s_>
    2df4:	fca42a23          	sw	a0,-44(s0)
          // pre padding
          if (flags & FLAGS_PRECISION) {
    2df8:	fec42703          	lw	a4,-20(s0)
    2dfc:	000017b7          	lui	a5,0x1
    2e00:	80078793          	addi	a5,a5,-2048 # 800 <STACKSIZE>
    2e04:	00f777b3          	and	a5,a4,a5
    2e08:	00078c63          	beqz	a5,2e20 <format_string_loop+0x8a4>
            l = (l < precision ? l : precision);
    2e0c:	fd442703          	lw	a4,-44(s0)
    2e10:	fe442783          	lw	a5,-28(s0)
    2e14:	00f77463          	bgeu	a4,a5,2e1c <format_string_loop+0x8a0>
    2e18:	00070793          	mv	a5,a4
    2e1c:	fcf42a23          	sw	a5,-44(s0)
          }
          if (!(flags & FLAGS_LEFT)) {
    2e20:	fec42783          	lw	a5,-20(s0)
    2e24:	0027f793          	andi	a5,a5,2
    2e28:	04079a63          	bnez	a5,2e7c <format_string_loop+0x900>
            while (l++ < width) {
    2e2c:	0100006f          	j	2e3c <format_string_loop+0x8c0>
              putchar_via_gadget(output, ' ');
    2e30:	02000593          	li	a1,32
    2e34:	fac42503          	lw	a0,-84(s0)
    2e38:	c75fe0ef          	jal	1aac <putchar_via_gadget>
            while (l++ < width) {
    2e3c:	fd442783          	lw	a5,-44(s0)
    2e40:	00178713          	addi	a4,a5,1
    2e44:	fce42a23          	sw	a4,-44(s0)
    2e48:	fe842703          	lw	a4,-24(s0)
    2e4c:	fee7e2e3          	bltu	a5,a4,2e30 <format_string_loop+0x8b4>
            }
          }
          // string output
          while ((*p != 0) && (!(flags & FLAGS_PRECISION) || precision)) {
    2e50:	02c0006f          	j	2e7c <format_string_loop+0x900>
            putchar_via_gadget(output, *(p++));
    2e54:	fd842783          	lw	a5,-40(s0)
    2e58:	00178713          	addi	a4,a5,1
    2e5c:	fce42c23          	sw	a4,-40(s0)
    2e60:	0007c783          	lbu	a5,0(a5)
    2e64:	00078593          	mv	a1,a5
    2e68:	fac42503          	lw	a0,-84(s0)
    2e6c:	c41fe0ef          	jal	1aac <putchar_via_gadget>
            --precision;
    2e70:	fe442783          	lw	a5,-28(s0)
    2e74:	fff78793          	addi	a5,a5,-1
    2e78:	fef42223          	sw	a5,-28(s0)
          while ((*p != 0) && (!(flags & FLAGS_PRECISION) || precision)) {
    2e7c:	fd842783          	lw	a5,-40(s0)
    2e80:	0007c783          	lbu	a5,0(a5)
    2e84:	02078063          	beqz	a5,2ea4 <format_string_loop+0x928>
    2e88:	fec42703          	lw	a4,-20(s0)
    2e8c:	000017b7          	lui	a5,0x1
    2e90:	80078793          	addi	a5,a5,-2048 # 800 <STACKSIZE>
    2e94:	00f777b3          	and	a5,a4,a5
    2e98:	fa078ee3          	beqz	a5,2e54 <format_string_loop+0x8d8>
    2e9c:	fe442783          	lw	a5,-28(s0)
    2ea0:	fa079ae3          	bnez	a5,2e54 <format_string_loop+0x8d8>
          }
          // post padding
          if (flags & FLAGS_LEFT) {
    2ea4:	fec42783          	lw	a5,-20(s0)
    2ea8:	0027f793          	andi	a5,a5,2
    2eac:	02078463          	beqz	a5,2ed4 <format_string_loop+0x958>
            while (l++ < width) {
    2eb0:	0100006f          	j	2ec0 <format_string_loop+0x944>
              putchar_via_gadget(output, ' ');
    2eb4:	02000593          	li	a1,32
    2eb8:	fac42503          	lw	a0,-84(s0)
    2ebc:	bf1fe0ef          	jal	1aac <putchar_via_gadget>
            while (l++ < width) {
    2ec0:	fd442783          	lw	a5,-44(s0)
    2ec4:	00178713          	addi	a4,a5,1
    2ec8:	fce42a23          	sw	a4,-44(s0)
    2ecc:	fe842703          	lw	a4,-24(s0)
    2ed0:	fee7e2e3          	bltu	a5,a4,2eb4 <format_string_loop+0x938>
            }
          }
        }
        format++;
    2ed4:	fa842783          	lw	a5,-88(s0)
    2ed8:	00178793          	addi	a5,a5,1
    2edc:	faf42423          	sw	a5,-88(s0)
        break;
    2ee0:	0cc0006f          	j	2fac <format_string_loop+0xa30>
      }

      case 'p' : {
        width = sizeof(void*) * 2U + 2; // 2 hex chars per byte + the "0x" prefix
    2ee4:	00a00793          	li	a5,10
    2ee8:	fef42423          	sw	a5,-24(s0)
        flags |= FLAGS_ZEROPAD | FLAGS_POINTER;
    2eec:	fec42703          	lw	a4,-20(s0)
    2ef0:	000027b7          	lui	a5,0x2
    2ef4:	00178793          	addi	a5,a5,1 # 2001 <TOTAL_STACKSIZES+0x1>
    2ef8:	00f767b3          	or	a5,a4,a5
    2efc:	fef42623          	sw	a5,-20(s0)
        uintptr_t value = (uintptr_t)va_arg(args, void*);
    2f00:	fa442783          	lw	a5,-92(s0)
    2f04:	00478713          	addi	a4,a5,4
    2f08:	fae42223          	sw	a4,-92(s0)
    2f0c:	0007a783          	lw	a5,0(a5)
    2f10:	fcf42423          	sw	a5,-56(s0)
        (value == (uintptr_t) NULL) ?
          out_rev_(output, ")lin(", 5, width, flags) :
    2f14:	fc842783          	lw	a5,-56(s0)
    2f18:	02079063          	bnez	a5,2f38 <format_string_loop+0x9bc>
    2f1c:	fec42703          	lw	a4,-20(s0)
    2f20:	fe842683          	lw	a3,-24(s0)
    2f24:	00500613          	li	a2,5
    2f28:	69418593          	addi	a1,gp,1684 # 20000d84 <__func__.0+0x5c>
    2f2c:	fac42503          	lw	a0,-84(s0)
    2f30:	f75fe0ef          	jal	1ea4 <out_rev_>
    2f34:	0240006f          	j	2f58 <format_string_loop+0x9dc>
          print_integer(output, (printf_unsigned_value_t) value, false, BASE_HEX, precision, width, flags);
    2f38:	fec42803          	lw	a6,-20(s0)
    2f3c:	fe842783          	lw	a5,-24(s0)
    2f40:	fe442703          	lw	a4,-28(s0)
    2f44:	01000693          	li	a3,16
    2f48:	00000613          	li	a2,0
    2f4c:	fc842583          	lw	a1,-56(s0)
    2f50:	fac42503          	lw	a0,-84(s0)
    2f54:	b94ff0ef          	jal	22e8 <print_integer>
        format++;
    2f58:	fa842783          	lw	a5,-88(s0)
    2f5c:	00178793          	addi	a5,a5,1
    2f60:	faf42423          	sw	a5,-88(s0)
        break;
    2f64:	0480006f          	j	2fac <format_string_loop+0xa30>
      }

      case '%' :
        putchar_via_gadget(output, '%');
    2f68:	02500593          	li	a1,37
    2f6c:	fac42503          	lw	a0,-84(s0)
    2f70:	b3dfe0ef          	jal	1aac <putchar_via_gadget>
        format++;
    2f74:	fa842783          	lw	a5,-88(s0)
    2f78:	00178793          	addi	a5,a5,1
    2f7c:	faf42423          	sw	a5,-88(s0)
        break;
    2f80:	02c0006f          	j	2fac <format_string_loop+0xa30>
        break;
      }
#endif // PRINTF_SUPPORT_WRITEBACK_SPECIFIER

      default :
        putchar_via_gadget(output, *format);
    2f84:	fa842783          	lw	a5,-88(s0)
    2f88:	0007c783          	lbu	a5,0(a5)
    2f8c:	00078593          	mv	a1,a5
    2f90:	fac42503          	lw	a0,-84(s0)
    2f94:	b19fe0ef          	jal	1aac <putchar_via_gadget>
        format++;
    2f98:	fa842783          	lw	a5,-88(s0)
    2f9c:	00178793          	addi	a5,a5,1
    2fa0:	faf42423          	sw	a5,-88(s0)
        break;
    2fa4:	0080006f          	j	2fac <format_string_loop+0xa30>
        break;
    2fa8:	00000013          	nop
  while (*format)
    2fac:	fa842783          	lw	a5,-88(s0)
    2fb0:	0007c783          	lbu	a5,0(a5)
    2fb4:	de079463          	bnez	a5,259c <format_string_loop+0x20>
    }
  }

  putchar_via_gadget(output, (char) '\0');
    2fb8:	00000593          	li	a1,0
    2fbc:	fac42503          	lw	a0,-84(s0)
    2fc0:	aedfe0ef          	jal	1aac <putchar_via_gadget>
}
    2fc4:	00000013          	nop
    2fc8:	05c12083          	lw	ra,92(sp)
    2fcc:	05812403          	lw	s0,88(sp)
    2fd0:	06010113          	addi	sp,sp,96
    2fd4:	00008067          	ret

00002fd8 <vsnprintf_impl>:

// internal vsnprintf - used for implementing _all library functions
static int vsnprintf_impl(output_gadget_t* output, const char* format, va_list args)
{
    2fd8:	fe010113          	addi	sp,sp,-32
    2fdc:	00112e23          	sw	ra,28(sp)
    2fe0:	00812c23          	sw	s0,24(sp)
    2fe4:	02010413          	addi	s0,sp,32
    2fe8:	fea42623          	sw	a0,-20(s0)
    2fec:	feb42423          	sw	a1,-24(s0)
    2ff0:	fec42223          	sw	a2,-28(s0)
  // Note: The library only calls vsnprintf_impl() with output->pos being 0. However, it is
  // possible to call this function with a non-zero pos value for some "remedial printing".
  format_string_loop(output, format, args);
    2ff4:	fe442603          	lw	a2,-28(s0)
    2ff8:	fe842583          	lw	a1,-24(s0)
    2ffc:	fec42503          	lw	a0,-20(s0)
    3000:	d7cff0ef          	jal	257c <format_string_loop>

  // termination
  append_termination_with_gadget(output);
    3004:	fec42503          	lw	a0,-20(s0)
    3008:	b49fe0ef          	jal	1b50 <append_termination_with_gadget>

  // return written chars without terminating \0
  return (int)output->pos;
    300c:	fec42783          	lw	a5,-20(s0)
    3010:	00c7a783          	lw	a5,12(a5)
}
    3014:	00078513          	mv	a0,a5
    3018:	01c12083          	lw	ra,28(sp)
    301c:	01812403          	lw	s0,24(sp)
    3020:	02010113          	addi	sp,sp,32
    3024:	00008067          	ret

00003028 <vprintf>:

///////////////////////////////////////////////////////////////////////////////

int vprintf_(const char* format, va_list arg)
{
    3028:	fc010113          	addi	sp,sp,-64
    302c:	02112e23          	sw	ra,60(sp)
    3030:	02812c23          	sw	s0,56(sp)
    3034:	04010413          	addi	s0,sp,64
    3038:	fca42623          	sw	a0,-52(s0)
    303c:	fcb42423          	sw	a1,-56(s0)
  output_gadget_t gadget = extern_putchar_gadget();
    3040:	fdc40793          	addi	a5,s0,-36
    3044:	00078513          	mv	a0,a5
    3048:	ccdfe0ef          	jal	1d14 <extern_putchar_gadget>
  return vsnprintf_impl(&gadget, format, arg);
    304c:	fdc40793          	addi	a5,s0,-36
    3050:	fc842603          	lw	a2,-56(s0)
    3054:	fcc42583          	lw	a1,-52(s0)
    3058:	00078513          	mv	a0,a5
    305c:	f7dff0ef          	jal	2fd8 <vsnprintf_impl>
    3060:	00050793          	mv	a5,a0
}
    3064:	00078513          	mv	a0,a5
    3068:	03c12083          	lw	ra,60(sp)
    306c:	03812403          	lw	s0,56(sp)
    3070:	04010113          	addi	sp,sp,64
    3074:	00008067          	ret

00003078 <printf>:
  output_gadget_t gadget = function_gadget(out, extra_arg);
  return vsnprintf_impl(&gadget, format, arg);
}

int printf_(const char* format, ...)
{
    3078:	fb010113          	addi	sp,sp,-80
    307c:	02112623          	sw	ra,44(sp)
    3080:	02812423          	sw	s0,40(sp)
    3084:	03010413          	addi	s0,sp,48
    3088:	fca42e23          	sw	a0,-36(s0)
    308c:	00b42223          	sw	a1,4(s0)
    3090:	00c42423          	sw	a2,8(s0)
    3094:	00d42623          	sw	a3,12(s0)
    3098:	00e42823          	sw	a4,16(s0)
    309c:	00f42a23          	sw	a5,20(s0)
    30a0:	01042c23          	sw	a6,24(s0)
    30a4:	01142e23          	sw	a7,28(s0)
  va_list args;
  va_start(args, format);
    30a8:	02040793          	addi	a5,s0,32
    30ac:	fcf42c23          	sw	a5,-40(s0)
    30b0:	fd842783          	lw	a5,-40(s0)
    30b4:	fe478793          	addi	a5,a5,-28
    30b8:	fef42423          	sw	a5,-24(s0)
  const int ret = vprintf_(format, args);
    30bc:	fe842783          	lw	a5,-24(s0)
    30c0:	00078593          	mv	a1,a5
    30c4:	fdc42503          	lw	a0,-36(s0)
    30c8:	f61ff0ef          	jal	3028 <vprintf>
    30cc:	fea42623          	sw	a0,-20(s0)
  va_end(args);
  return ret;
    30d0:	fec42783          	lw	a5,-20(s0)
}
    30d4:	00078513          	mv	a0,a5
    30d8:	02c12083          	lw	ra,44(sp)
    30dc:	02812403          	lw	s0,40(sp)
    30e0:	05010113          	addi	sp,sp,80
    30e4:	00008067          	ret

000030e8 <__mulsi3>:
    30e8:	00050613          	mv	a2,a0
    30ec:	00000513          	li	a0,0
    30f0:	0015f693          	andi	a3,a1,1
    30f4:	00068463          	beqz	a3,30fc <__mulsi3+0x14>
    30f8:	00c50533          	add	a0,a0,a2
    30fc:	0015d593          	srli	a1,a1,0x1
    3100:	00161613          	slli	a2,a2,0x1
    3104:	fe0596e3          	bnez	a1,30f0 <__mulsi3+0x8>
    3108:	00008067          	ret

0000310c <__divsi3>:
    310c:	06054063          	bltz	a0,316c <__umodsi3+0x10>
    3110:	0605c663          	bltz	a1,317c <__umodsi3+0x20>

00003114 <__hidden___udivsi3>:
    3114:	00058613          	mv	a2,a1
    3118:	00050593          	mv	a1,a0
    311c:	fff00513          	li	a0,-1
    3120:	02060c63          	beqz	a2,3158 <__hidden___udivsi3+0x44>
    3124:	00100693          	li	a3,1
    3128:	00b67a63          	bgeu	a2,a1,313c <__hidden___udivsi3+0x28>
    312c:	00c05863          	blez	a2,313c <__hidden___udivsi3+0x28>
    3130:	00161613          	slli	a2,a2,0x1
    3134:	00169693          	slli	a3,a3,0x1
    3138:	feb66ae3          	bltu	a2,a1,312c <__hidden___udivsi3+0x18>
    313c:	00000513          	li	a0,0
    3140:	00c5e663          	bltu	a1,a2,314c <__hidden___udivsi3+0x38>
    3144:	40c585b3          	sub	a1,a1,a2
    3148:	00d56533          	or	a0,a0,a3
    314c:	0016d693          	srli	a3,a3,0x1
    3150:	00165613          	srli	a2,a2,0x1
    3154:	fe0696e3          	bnez	a3,3140 <__hidden___udivsi3+0x2c>
    3158:	00008067          	ret

0000315c <__umodsi3>:
    315c:	00008293          	mv	t0,ra
    3160:	fb5ff0ef          	jal	3114 <__hidden___udivsi3>
    3164:	00058513          	mv	a0,a1
    3168:	00028067          	jr	t0
    316c:	40a00533          	neg	a0,a0
    3170:	00b04863          	bgtz	a1,3180 <__umodsi3+0x24>
    3174:	40b005b3          	neg	a1,a1
    3178:	f9dff06f          	j	3114 <__hidden___udivsi3>
    317c:	40b005b3          	neg	a1,a1
    3180:	00008293          	mv	t0,ra
    3184:	f91ff0ef          	jal	3114 <__hidden___udivsi3>
    3188:	40a00533          	neg	a0,a0
    318c:	00028067          	jr	t0

00003190 <__modsi3>:
    3190:	00008293          	mv	t0,ra
    3194:	0005ca63          	bltz	a1,31a8 <__modsi3+0x18>
    3198:	00054c63          	bltz	a0,31b0 <__modsi3+0x20>
    319c:	f79ff0ef          	jal	3114 <__hidden___udivsi3>
    31a0:	00058513          	mv	a0,a1
    31a4:	00028067          	jr	t0
    31a8:	40b005b3          	neg	a1,a1
    31ac:	fe0558e3          	bgez	a0,319c <__modsi3+0xc>
    31b0:	40a00533          	neg	a0,a0
    31b4:	f61ff0ef          	jal	3114 <__hidden___udivsi3>
    31b8:	40b00533          	neg	a0,a1
    31bc:	00028067          	jr	t0

000031c0 <malloc>:
    31c0:	00050593          	mv	a1,a0
    31c4:	e541a503          	lw	a0,-428(gp) # 20000544 <_impure_ptr>
    31c8:	0040006f          	j	31cc <_malloc_r>

000031cc <_malloc_r>:
    31cc:	fd010113          	addi	sp,sp,-48
    31d0:	03212023          	sw	s2,32(sp)
    31d4:	02112623          	sw	ra,44(sp)
    31d8:	02812423          	sw	s0,40(sp)
    31dc:	02912223          	sw	s1,36(sp)
    31e0:	01312e23          	sw	s3,28(sp)
    31e4:	00b58793          	addi	a5,a1,11
    31e8:	01600713          	li	a4,22
    31ec:	00050913          	mv	s2,a0
    31f0:	08f76063          	bltu	a4,a5,3270 <_malloc_r+0xa4>
    31f4:	01000493          	li	s1,16
    31f8:	20b4e463          	bltu	s1,a1,3400 <_malloc_r+0x234>
    31fc:	d89fd0ef          	jal	f84 <__malloc_lock>
    3200:	01800793          	li	a5,24
    3204:	00200593          	li	a1,2
    3208:	1fffd997          	auipc	s3,0x1fffd
    320c:	e0498993          	addi	s3,s3,-508 # 2000000c <__malloc_av_>
    3210:	00f987b3          	add	a5,s3,a5
    3214:	0047a403          	lw	s0,4(a5)
    3218:	ff878713          	addi	a4,a5,-8
    321c:	46e40463          	beq	s0,a4,3684 <_malloc_r+0x4b8>
    3220:	00442783          	lw	a5,4(s0)
    3224:	00c42683          	lw	a3,12(s0)
    3228:	00842603          	lw	a2,8(s0)
    322c:	ffc7f793          	andi	a5,a5,-4
    3230:	00f407b3          	add	a5,s0,a5
    3234:	0047a703          	lw	a4,4(a5)
    3238:	00d62623          	sw	a3,12(a2)
    323c:	00c6a423          	sw	a2,8(a3)
    3240:	00176713          	ori	a4,a4,1
    3244:	00090513          	mv	a0,s2
    3248:	00e7a223          	sw	a4,4(a5)
    324c:	d69fd0ef          	jal	fb4 <__malloc_unlock>
    3250:	02c12083          	lw	ra,44(sp)
    3254:	00840513          	addi	a0,s0,8
    3258:	02812403          	lw	s0,40(sp)
    325c:	02412483          	lw	s1,36(sp)
    3260:	02012903          	lw	s2,32(sp)
    3264:	01c12983          	lw	s3,28(sp)
    3268:	03010113          	addi	sp,sp,48
    326c:	00008067          	ret
    3270:	ff87f493          	andi	s1,a5,-8
    3274:	1807c663          	bltz	a5,3400 <_malloc_r+0x234>
    3278:	18b4e463          	bltu	s1,a1,3400 <_malloc_r+0x234>
    327c:	d09fd0ef          	jal	f84 <__malloc_lock>
    3280:	1f700793          	li	a5,503
    3284:	5097fa63          	bgeu	a5,s1,3798 <_malloc_r+0x5cc>
    3288:	0094d793          	srli	a5,s1,0x9
    328c:	18078e63          	beqz	a5,3428 <_malloc_r+0x25c>
    3290:	00400713          	li	a4,4
    3294:	46f76063          	bltu	a4,a5,36f4 <_malloc_r+0x528>
    3298:	0064d793          	srli	a5,s1,0x6
    329c:	03978593          	addi	a1,a5,57
    32a0:	03878813          	addi	a6,a5,56
    32a4:	00359613          	slli	a2,a1,0x3
    32a8:	1fffd997          	auipc	s3,0x1fffd
    32ac:	d6498993          	addi	s3,s3,-668 # 2000000c <__malloc_av_>
    32b0:	00c98633          	add	a2,s3,a2
    32b4:	00462403          	lw	s0,4(a2)
    32b8:	ff860613          	addi	a2,a2,-8
    32bc:	02860863          	beq	a2,s0,32ec <_malloc_r+0x120>
    32c0:	00f00513          	li	a0,15
    32c4:	0140006f          	j	32d8 <_malloc_r+0x10c>
    32c8:	00c42683          	lw	a3,12(s0)
    32cc:	36075a63          	bgez	a4,3640 <_malloc_r+0x474>
    32d0:	00d60e63          	beq	a2,a3,32ec <_malloc_r+0x120>
    32d4:	00068413          	mv	s0,a3
    32d8:	00442783          	lw	a5,4(s0)
    32dc:	ffc7f793          	andi	a5,a5,-4
    32e0:	40978733          	sub	a4,a5,s1
    32e4:	fee552e3          	bge	a0,a4,32c8 <_malloc_r+0xfc>
    32e8:	00080593          	mv	a1,a6
    32ec:	0109a403          	lw	s0,16(s3)
    32f0:	1fffd897          	auipc	a7,0x1fffd
    32f4:	d2488893          	addi	a7,a7,-732 # 20000014 <__malloc_av_+0x8>
    32f8:	2d140463          	beq	s0,a7,35c0 <_malloc_r+0x3f4>
    32fc:	00442783          	lw	a5,4(s0)
    3300:	00f00693          	li	a3,15
    3304:	ffc7f793          	andi	a5,a5,-4
    3308:	40978733          	sub	a4,a5,s1
    330c:	48e6cc63          	blt	a3,a4,37a4 <_malloc_r+0x5d8>
    3310:	0119aa23          	sw	a7,20(s3)
    3314:	0119a823          	sw	a7,16(s3)
    3318:	46075063          	bgez	a4,3778 <_malloc_r+0x5ac>
    331c:	1ff00713          	li	a4,511
    3320:	0049a503          	lw	a0,4(s3)
    3324:	36f76863          	bltu	a4,a5,3694 <_malloc_r+0x4c8>
    3328:	ff87f713          	andi	a4,a5,-8
    332c:	00870713          	addi	a4,a4,8 # 8008 <__etext+0x3ff4>
    3330:	00e98733          	add	a4,s3,a4
    3334:	00072683          	lw	a3,0(a4)
    3338:	0057d613          	srli	a2,a5,0x5
    333c:	00100793          	li	a5,1
    3340:	00c797b3          	sll	a5,a5,a2
    3344:	00f56533          	or	a0,a0,a5
    3348:	ff870793          	addi	a5,a4,-8
    334c:	00d42423          	sw	a3,8(s0)
    3350:	00f42623          	sw	a5,12(s0)
    3354:	00a9a223          	sw	a0,4(s3)
    3358:	00872023          	sw	s0,0(a4)
    335c:	0086a623          	sw	s0,12(a3)
    3360:	4025d793          	srai	a5,a1,0x2
    3364:	00100613          	li	a2,1
    3368:	00f61633          	sll	a2,a2,a5
    336c:	0cc56663          	bltu	a0,a2,3438 <_malloc_r+0x26c>
    3370:	00a677b3          	and	a5,a2,a0
    3374:	02079463          	bnez	a5,339c <_malloc_r+0x1d0>
    3378:	00161613          	slli	a2,a2,0x1
    337c:	ffc5f593          	andi	a1,a1,-4
    3380:	00a677b3          	and	a5,a2,a0
    3384:	00458593          	addi	a1,a1,4
    3388:	00079a63          	bnez	a5,339c <_malloc_r+0x1d0>
    338c:	00161613          	slli	a2,a2,0x1
    3390:	00a677b3          	and	a5,a2,a0
    3394:	00458593          	addi	a1,a1,4
    3398:	fe078ae3          	beqz	a5,338c <_malloc_r+0x1c0>
    339c:	00f00813          	li	a6,15
    33a0:	00359313          	slli	t1,a1,0x3
    33a4:	00698333          	add	t1,s3,t1
    33a8:	00030513          	mv	a0,t1
    33ac:	00c52783          	lw	a5,12(a0)
    33b0:	00058e13          	mv	t3,a1
    33b4:	36f50263          	beq	a0,a5,3718 <_malloc_r+0x54c>
    33b8:	0047a703          	lw	a4,4(a5)
    33bc:	00078413          	mv	s0,a5
    33c0:	00c7a783          	lw	a5,12(a5)
    33c4:	ffc77713          	andi	a4,a4,-4
    33c8:	409706b3          	sub	a3,a4,s1
    33cc:	36d84263          	blt	a6,a3,3730 <_malloc_r+0x564>
    33d0:	fe06c2e3          	bltz	a3,33b4 <_malloc_r+0x1e8>
    33d4:	00e40733          	add	a4,s0,a4
    33d8:	00472683          	lw	a3,4(a4)
    33dc:	00842603          	lw	a2,8(s0)
    33e0:	00090513          	mv	a0,s2
    33e4:	0016e693          	ori	a3,a3,1
    33e8:	00d72223          	sw	a3,4(a4)
    33ec:	00f62623          	sw	a5,12(a2)
    33f0:	00c7a423          	sw	a2,8(a5)
    33f4:	bc1fd0ef          	jal	fb4 <__malloc_unlock>
    33f8:	00840513          	addi	a0,s0,8
    33fc:	0100006f          	j	340c <_malloc_r+0x240>
    3400:	00c00793          	li	a5,12
    3404:	00f92023          	sw	a5,0(s2)
    3408:	00000513          	li	a0,0
    340c:	02c12083          	lw	ra,44(sp)
    3410:	02812403          	lw	s0,40(sp)
    3414:	02412483          	lw	s1,36(sp)
    3418:	02012903          	lw	s2,32(sp)
    341c:	01c12983          	lw	s3,28(sp)
    3420:	03010113          	addi	sp,sp,48
    3424:	00008067          	ret
    3428:	20000613          	li	a2,512
    342c:	04000593          	li	a1,64
    3430:	03f00813          	li	a6,63
    3434:	e75ff06f          	j	32a8 <_malloc_r+0xdc>
    3438:	0089a403          	lw	s0,8(s3)
    343c:	01612823          	sw	s6,16(sp)
    3440:	00442783          	lw	a5,4(s0)
    3444:	ffc7fb13          	andi	s6,a5,-4
    3448:	009b6863          	bltu	s6,s1,3458 <_malloc_r+0x28c>
    344c:	409b0733          	sub	a4,s6,s1
    3450:	00f00793          	li	a5,15
    3454:	1ae7c463          	blt	a5,a4,35fc <_malloc_r+0x430>
    3458:	01912223          	sw	s9,4(sp)
    345c:	e4c18c93          	addi	s9,gp,-436 # 2000053c <__malloc_sbrk_base>
    3460:	01512a23          	sw	s5,20(sp)
    3464:	000ca703          	lw	a4,0(s9)
    3468:	1ffffa97          	auipc	s5,0x1ffff
    346c:	d0caaa83          	lw	s5,-756(s5) # 20002174 <__malloc_top_pad>
    3470:	01412c23          	sw	s4,24(sp)
    3474:	01712623          	sw	s7,12(sp)
    3478:	fff00793          	li	a5,-1
    347c:	01640a33          	add	s4,s0,s6
    3480:	01548ab3          	add	s5,s1,s5
    3484:	3ef70663          	beq	a4,a5,3870 <_malloc_r+0x6a4>
    3488:	000017b7          	lui	a5,0x1
    348c:	00f78793          	addi	a5,a5,15 # 100f <slot_set+0x2b>
    3490:	00fa8ab3          	add	s5,s5,a5
    3494:	fffff7b7          	lui	a5,0xfffff
    3498:	00fafab3          	and	s5,s5,a5
    349c:	000a8593          	mv	a1,s5
    34a0:	00090513          	mv	a0,s2
    34a4:	5a8000ef          	jal	3a4c <_sbrk_r>
    34a8:	fff00793          	li	a5,-1
    34ac:	00050b93          	mv	s7,a0
    34b0:	48f50463          	beq	a0,a5,3938 <_malloc_r+0x76c>
    34b4:	01812423          	sw	s8,8(sp)
    34b8:	11456863          	bltu	a0,s4,35c8 <_malloc_r+0x3fc>
    34bc:	1ffffc17          	auipc	s8,0x1ffff
    34c0:	b14c0c13          	addi	s8,s8,-1260 # 20001fd0 <__malloc_current_mallinfo>
    34c4:	000c2583          	lw	a1,0(s8)
    34c8:	00ba85b3          	add	a1,s5,a1
    34cc:	00bc2023          	sw	a1,0(s8)
    34d0:	00058713          	mv	a4,a1
    34d4:	46aa0863          	beq	s4,a0,3944 <_malloc_r+0x778>
    34d8:	000ca683          	lw	a3,0(s9)
    34dc:	fff00793          	li	a5,-1
    34e0:	48f68063          	beq	a3,a5,3960 <_malloc_r+0x794>
    34e4:	414b87b3          	sub	a5,s7,s4
    34e8:	00e787b3          	add	a5,a5,a4
    34ec:	00fc2023          	sw	a5,0(s8)
    34f0:	007bfc93          	andi	s9,s7,7
    34f4:	380c8e63          	beqz	s9,3890 <_malloc_r+0x6c4>
    34f8:	419b8bb3          	sub	s7,s7,s9
    34fc:	000015b7          	lui	a1,0x1
    3500:	008b8b93          	addi	s7,s7,8
    3504:	00858593          	addi	a1,a1,8 # 1008 <slot_set+0x24>
    3508:	015b8ab3          	add	s5,s7,s5
    350c:	419585b3          	sub	a1,a1,s9
    3510:	415585b3          	sub	a1,a1,s5
    3514:	01459593          	slli	a1,a1,0x14
    3518:	0145da13          	srli	s4,a1,0x14
    351c:	000a0593          	mv	a1,s4
    3520:	00090513          	mv	a0,s2
    3524:	528000ef          	jal	3a4c <_sbrk_r>
    3528:	fff00793          	li	a5,-1
    352c:	46f50a63          	beq	a0,a5,39a0 <_malloc_r+0x7d4>
    3530:	41750533          	sub	a0,a0,s7
    3534:	01450ab3          	add	s5,a0,s4
    3538:	000c2703          	lw	a4,0(s8)
    353c:	0179a423          	sw	s7,8(s3)
    3540:	001ae793          	ori	a5,s5,1
    3544:	00ea05b3          	add	a1,s4,a4
    3548:	00fba223          	sw	a5,4(s7)
    354c:	00bc2023          	sw	a1,0(s8)
    3550:	03340e63          	beq	s0,s3,358c <_malloc_r+0x3c0>
    3554:	00f00693          	li	a3,15
    3558:	3766f263          	bgeu	a3,s6,38bc <_malloc_r+0x6f0>
    355c:	00442703          	lw	a4,4(s0)
    3560:	ff4b0793          	addi	a5,s6,-12
    3564:	ff87f793          	andi	a5,a5,-8
    3568:	00177713          	andi	a4,a4,1
    356c:	00f76733          	or	a4,a4,a5
    3570:	00e42223          	sw	a4,4(s0)
    3574:	00500613          	li	a2,5
    3578:	00f40733          	add	a4,s0,a5
    357c:	00c72223          	sw	a2,4(a4)
    3580:	00c72423          	sw	a2,8(a4)
    3584:	2cf6ea63          	bltu	a3,a5,3858 <_malloc_r+0x68c>
    3588:	004ba783          	lw	a5,4(s7)
    358c:	1ffff717          	auipc	a4,0x1ffff
    3590:	be470713          	addi	a4,a4,-1052 # 20002170 <__malloc_max_sbrked_mem>
    3594:	00072683          	lw	a3,0(a4)
    3598:	00b6f463          	bgeu	a3,a1,35a0 <_malloc_r+0x3d4>
    359c:	00b72023          	sw	a1,0(a4)
    35a0:	1ffff717          	auipc	a4,0x1ffff
    35a4:	bcc70713          	addi	a4,a4,-1076 # 2000216c <__malloc_max_total_mem>
    35a8:	00072683          	lw	a3,0(a4)
    35ac:	00b6f463          	bgeu	a3,a1,35b4 <_malloc_r+0x3e8>
    35b0:	00b72023          	sw	a1,0(a4)
    35b4:	00812c03          	lw	s8,8(sp)
    35b8:	000b8413          	mv	s0,s7
    35bc:	01c0006f          	j	35d8 <_malloc_r+0x40c>
    35c0:	0049a503          	lw	a0,4(s3)
    35c4:	d9dff06f          	j	3360 <_malloc_r+0x194>
    35c8:	35340c63          	beq	s0,s3,3920 <_malloc_r+0x754>
    35cc:	0089a403          	lw	s0,8(s3)
    35d0:	00812c03          	lw	s8,8(sp)
    35d4:	00442783          	lw	a5,4(s0)
    35d8:	ffc7f793          	andi	a5,a5,-4
    35dc:	40978733          	sub	a4,a5,s1
    35e0:	2e97e463          	bltu	a5,s1,38c8 <_malloc_r+0x6fc>
    35e4:	00f00793          	li	a5,15
    35e8:	2ee7d063          	bge	a5,a4,38c8 <_malloc_r+0x6fc>
    35ec:	01812a03          	lw	s4,24(sp)
    35f0:	01412a83          	lw	s5,20(sp)
    35f4:	00c12b83          	lw	s7,12(sp)
    35f8:	00412c83          	lw	s9,4(sp)
    35fc:	0014e793          	ori	a5,s1,1
    3600:	00f42223          	sw	a5,4(s0)
    3604:	009404b3          	add	s1,s0,s1
    3608:	0099a423          	sw	s1,8(s3)
    360c:	00176713          	ori	a4,a4,1
    3610:	00090513          	mv	a0,s2
    3614:	00e4a223          	sw	a4,4(s1)
    3618:	99dfd0ef          	jal	fb4 <__malloc_unlock>
    361c:	02c12083          	lw	ra,44(sp)
    3620:	00840513          	addi	a0,s0,8
    3624:	02812403          	lw	s0,40(sp)
    3628:	01012b03          	lw	s6,16(sp)
    362c:	02412483          	lw	s1,36(sp)
    3630:	02012903          	lw	s2,32(sp)
    3634:	01c12983          	lw	s3,28(sp)
    3638:	03010113          	addi	sp,sp,48
    363c:	00008067          	ret
    3640:	00842603          	lw	a2,8(s0)
    3644:	00f407b3          	add	a5,s0,a5
    3648:	0047a703          	lw	a4,4(a5) # fffff004 <BUS_END+0xbfffec04>
    364c:	00d62623          	sw	a3,12(a2)
    3650:	00c6a423          	sw	a2,8(a3)
    3654:	00176713          	ori	a4,a4,1
    3658:	00090513          	mv	a0,s2
    365c:	00e7a223          	sw	a4,4(a5)
    3660:	955fd0ef          	jal	fb4 <__malloc_unlock>
    3664:	02c12083          	lw	ra,44(sp)
    3668:	00840513          	addi	a0,s0,8
    366c:	02812403          	lw	s0,40(sp)
    3670:	02412483          	lw	s1,36(sp)
    3674:	02012903          	lw	s2,32(sp)
    3678:	01c12983          	lw	s3,28(sp)
    367c:	03010113          	addi	sp,sp,48
    3680:	00008067          	ret
    3684:	00c7a403          	lw	s0,12(a5)
    3688:	00258593          	addi	a1,a1,2
    368c:	c68780e3          	beq	a5,s0,32ec <_malloc_r+0x120>
    3690:	b91ff06f          	j	3220 <_malloc_r+0x54>
    3694:	0097d713          	srli	a4,a5,0x9
    3698:	00400693          	li	a3,4
    369c:	14e6f263          	bgeu	a3,a4,37e0 <_malloc_r+0x614>
    36a0:	01400693          	li	a3,20
    36a4:	24e6e263          	bltu	a3,a4,38e8 <_malloc_r+0x71c>
    36a8:	05c70613          	addi	a2,a4,92
    36ac:	00361613          	slli	a2,a2,0x3
    36b0:	05b70693          	addi	a3,a4,91
    36b4:	00c98633          	add	a2,s3,a2
    36b8:	00062703          	lw	a4,0(a2)
    36bc:	ff860613          	addi	a2,a2,-8
    36c0:	00e61863          	bne	a2,a4,36d0 <_malloc_r+0x504>
    36c4:	1b40006f          	j	3878 <_malloc_r+0x6ac>
    36c8:	00872703          	lw	a4,8(a4)
    36cc:	00e60863          	beq	a2,a4,36dc <_malloc_r+0x510>
    36d0:	00472683          	lw	a3,4(a4)
    36d4:	ffc6f693          	andi	a3,a3,-4
    36d8:	fed7e8e3          	bltu	a5,a3,36c8 <_malloc_r+0x4fc>
    36dc:	00c72603          	lw	a2,12(a4)
    36e0:	00c42623          	sw	a2,12(s0)
    36e4:	00e42423          	sw	a4,8(s0)
    36e8:	00862423          	sw	s0,8(a2)
    36ec:	00872623          	sw	s0,12(a4)
    36f0:	c71ff06f          	j	3360 <_malloc_r+0x194>
    36f4:	01400713          	li	a4,20
    36f8:	0ef77e63          	bgeu	a4,a5,37f4 <_malloc_r+0x628>
    36fc:	05400713          	li	a4,84
    3700:	20f76263          	bltu	a4,a5,3904 <_malloc_r+0x738>
    3704:	00c4d793          	srli	a5,s1,0xc
    3708:	06f78593          	addi	a1,a5,111
    370c:	06e78813          	addi	a6,a5,110
    3710:	00359613          	slli	a2,a1,0x3
    3714:	b95ff06f          	j	32a8 <_malloc_r+0xdc>
    3718:	001e0e13          	addi	t3,t3,1
    371c:	003e7793          	andi	a5,t3,3
    3720:	00850513          	addi	a0,a0,8
    3724:	0e078663          	beqz	a5,3810 <_malloc_r+0x644>
    3728:	00c52783          	lw	a5,12(a0)
    372c:	c89ff06f          	j	33b4 <_malloc_r+0x1e8>
    3730:	00842603          	lw	a2,8(s0)
    3734:	0014e593          	ori	a1,s1,1
    3738:	00b42223          	sw	a1,4(s0)
    373c:	00f62623          	sw	a5,12(a2)
    3740:	00c7a423          	sw	a2,8(a5)
    3744:	009404b3          	add	s1,s0,s1
    3748:	0099aa23          	sw	s1,20(s3)
    374c:	0099a823          	sw	s1,16(s3)
    3750:	0016e793          	ori	a5,a3,1
    3754:	00e40733          	add	a4,s0,a4
    3758:	0114a623          	sw	a7,12(s1)
    375c:	0114a423          	sw	a7,8(s1)
    3760:	00f4a223          	sw	a5,4(s1)
    3764:	00090513          	mv	a0,s2
    3768:	00d72023          	sw	a3,0(a4)
    376c:	849fd0ef          	jal	fb4 <__malloc_unlock>
    3770:	00840513          	addi	a0,s0,8
    3774:	c99ff06f          	j	340c <_malloc_r+0x240>
    3778:	00f407b3          	add	a5,s0,a5
    377c:	0047a703          	lw	a4,4(a5)
    3780:	00090513          	mv	a0,s2
    3784:	00176713          	ori	a4,a4,1
    3788:	00e7a223          	sw	a4,4(a5)
    378c:	829fd0ef          	jal	fb4 <__malloc_unlock>
    3790:	00840513          	addi	a0,s0,8
    3794:	c79ff06f          	j	340c <_malloc_r+0x240>
    3798:	0034d593          	srli	a1,s1,0x3
    379c:	00848793          	addi	a5,s1,8
    37a0:	a69ff06f          	j	3208 <_malloc_r+0x3c>
    37a4:	0014e693          	ori	a3,s1,1
    37a8:	00d42223          	sw	a3,4(s0)
    37ac:	009404b3          	add	s1,s0,s1
    37b0:	0099aa23          	sw	s1,20(s3)
    37b4:	0099a823          	sw	s1,16(s3)
    37b8:	00176693          	ori	a3,a4,1
    37bc:	00f407b3          	add	a5,s0,a5
    37c0:	0114a623          	sw	a7,12(s1)
    37c4:	0114a423          	sw	a7,8(s1)
    37c8:	00d4a223          	sw	a3,4(s1)
    37cc:	00090513          	mv	a0,s2
    37d0:	00e7a023          	sw	a4,0(a5)
    37d4:	fe0fd0ef          	jal	fb4 <__malloc_unlock>
    37d8:	00840513          	addi	a0,s0,8
    37dc:	c31ff06f          	j	340c <_malloc_r+0x240>
    37e0:	0067d713          	srli	a4,a5,0x6
    37e4:	03970613          	addi	a2,a4,57
    37e8:	00361613          	slli	a2,a2,0x3
    37ec:	03870693          	addi	a3,a4,56
    37f0:	ec5ff06f          	j	36b4 <_malloc_r+0x4e8>
    37f4:	05c78593          	addi	a1,a5,92
    37f8:	05b78813          	addi	a6,a5,91
    37fc:	00359613          	slli	a2,a1,0x3
    3800:	aa9ff06f          	j	32a8 <_malloc_r+0xdc>
    3804:	00832783          	lw	a5,8(t1)
    3808:	fff58593          	addi	a1,a1,-1
    380c:	1e679063          	bne	a5,t1,39ec <_malloc_r+0x820>
    3810:	0035f793          	andi	a5,a1,3
    3814:	ff830313          	addi	t1,t1,-8
    3818:	fe0796e3          	bnez	a5,3804 <_malloc_r+0x638>
    381c:	0049a703          	lw	a4,4(s3)
    3820:	fff64793          	not	a5,a2
    3824:	00e7f7b3          	and	a5,a5,a4
    3828:	00f9a223          	sw	a5,4(s3)
    382c:	00161613          	slli	a2,a2,0x1
    3830:	c0c7e4e3          	bltu	a5,a2,3438 <_malloc_r+0x26c>
    3834:	c00602e3          	beqz	a2,3438 <_malloc_r+0x26c>
    3838:	00f67733          	and	a4,a2,a5
    383c:	00071a63          	bnez	a4,3850 <_malloc_r+0x684>
    3840:	00161613          	slli	a2,a2,0x1
    3844:	00f67733          	and	a4,a2,a5
    3848:	004e0e13          	addi	t3,t3,4
    384c:	fe070ae3          	beqz	a4,3840 <_malloc_r+0x674>
    3850:	000e0593          	mv	a1,t3
    3854:	b4dff06f          	j	33a0 <_malloc_r+0x1d4>
    3858:	00840593          	addi	a1,s0,8
    385c:	00090513          	mv	a0,s2
    3860:	428000ef          	jal	3c88 <_free_r>
    3864:	000c2583          	lw	a1,0(s8)
    3868:	0089ab83          	lw	s7,8(s3)
    386c:	d1dff06f          	j	3588 <_malloc_r+0x3bc>
    3870:	010a8a93          	addi	s5,s5,16
    3874:	c29ff06f          	j	349c <_malloc_r+0x2d0>
    3878:	4026d693          	srai	a3,a3,0x2
    387c:	00100793          	li	a5,1
    3880:	00d797b3          	sll	a5,a5,a3
    3884:	00f56533          	or	a0,a0,a5
    3888:	00a9a223          	sw	a0,4(s3)
    388c:	e55ff06f          	j	36e0 <_malloc_r+0x514>
    3890:	015b85b3          	add	a1,s7,s5
    3894:	40b005b3          	neg	a1,a1
    3898:	01459593          	slli	a1,a1,0x14
    389c:	0145da13          	srli	s4,a1,0x14
    38a0:	000a0593          	mv	a1,s4
    38a4:	00090513          	mv	a0,s2
    38a8:	1a4000ef          	jal	3a4c <_sbrk_r>
    38ac:	fff00793          	li	a5,-1
    38b0:	c8f510e3          	bne	a0,a5,3530 <_malloc_r+0x364>
    38b4:	00000a13          	li	s4,0
    38b8:	c81ff06f          	j	3538 <_malloc_r+0x36c>
    38bc:	00812c03          	lw	s8,8(sp)
    38c0:	00100793          	li	a5,1
    38c4:	00fba223          	sw	a5,4(s7)
    38c8:	00090513          	mv	a0,s2
    38cc:	ee8fd0ef          	jal	fb4 <__malloc_unlock>
    38d0:	01812a03          	lw	s4,24(sp)
    38d4:	01412a83          	lw	s5,20(sp)
    38d8:	01012b03          	lw	s6,16(sp)
    38dc:	00c12b83          	lw	s7,12(sp)
    38e0:	00412c83          	lw	s9,4(sp)
    38e4:	b25ff06f          	j	3408 <_malloc_r+0x23c>
    38e8:	05400693          	li	a3,84
    38ec:	06e6ee63          	bltu	a3,a4,3968 <_malloc_r+0x79c>
    38f0:	00c7d713          	srli	a4,a5,0xc
    38f4:	06f70613          	addi	a2,a4,111
    38f8:	00361613          	slli	a2,a2,0x3
    38fc:	06e70693          	addi	a3,a4,110
    3900:	db5ff06f          	j	36b4 <_malloc_r+0x4e8>
    3904:	15400713          	li	a4,340
    3908:	06f76e63          	bltu	a4,a5,3984 <_malloc_r+0x7b8>
    390c:	00f4d793          	srli	a5,s1,0xf
    3910:	07878593          	addi	a1,a5,120
    3914:	07778813          	addi	a6,a5,119
    3918:	00359613          	slli	a2,a1,0x3
    391c:	98dff06f          	j	32a8 <_malloc_r+0xdc>
    3920:	1fffec17          	auipc	s8,0x1fffe
    3924:	6b0c0c13          	addi	s8,s8,1712 # 20001fd0 <__malloc_current_mallinfo>
    3928:	000c2703          	lw	a4,0(s8)
    392c:	00ea8733          	add	a4,s5,a4
    3930:	00ec2023          	sw	a4,0(s8)
    3934:	ba5ff06f          	j	34d8 <_malloc_r+0x30c>
    3938:	0089a403          	lw	s0,8(s3)
    393c:	00442783          	lw	a5,4(s0)
    3940:	c99ff06f          	j	35d8 <_malloc_r+0x40c>
    3944:	01451793          	slli	a5,a0,0x14
    3948:	b80798e3          	bnez	a5,34d8 <_malloc_r+0x30c>
    394c:	0089ab83          	lw	s7,8(s3)
    3950:	015b07b3          	add	a5,s6,s5
    3954:	0017e793          	ori	a5,a5,1
    3958:	00fba223          	sw	a5,4(s7)
    395c:	c31ff06f          	j	358c <_malloc_r+0x3c0>
    3960:	017ca023          	sw	s7,0(s9)
    3964:	b8dff06f          	j	34f0 <_malloc_r+0x324>
    3968:	15400693          	li	a3,340
    396c:	04e6e463          	bltu	a3,a4,39b4 <_malloc_r+0x7e8>
    3970:	00f7d713          	srli	a4,a5,0xf
    3974:	07870613          	addi	a2,a4,120
    3978:	00361613          	slli	a2,a2,0x3
    397c:	07770693          	addi	a3,a4,119
    3980:	d35ff06f          	j	36b4 <_malloc_r+0x4e8>
    3984:	55400713          	li	a4,1364
    3988:	04f76463          	bltu	a4,a5,39d0 <_malloc_r+0x804>
    398c:	0124d793          	srli	a5,s1,0x12
    3990:	07d78593          	addi	a1,a5,125
    3994:	07c78813          	addi	a6,a5,124
    3998:	00359613          	slli	a2,a1,0x3
    399c:	90dff06f          	j	32a8 <_malloc_r+0xdc>
    39a0:	ff8c8c93          	addi	s9,s9,-8
    39a4:	019a8ab3          	add	s5,s5,s9
    39a8:	417a8ab3          	sub	s5,s5,s7
    39ac:	00000a13          	li	s4,0
    39b0:	b89ff06f          	j	3538 <_malloc_r+0x36c>
    39b4:	55400693          	li	a3,1364
    39b8:	02e6e463          	bltu	a3,a4,39e0 <_malloc_r+0x814>
    39bc:	0127d713          	srli	a4,a5,0x12
    39c0:	07d70613          	addi	a2,a4,125
    39c4:	00361613          	slli	a2,a2,0x3
    39c8:	07c70693          	addi	a3,a4,124
    39cc:	ce9ff06f          	j	36b4 <_malloc_r+0x4e8>
    39d0:	3f800613          	li	a2,1016
    39d4:	07f00593          	li	a1,127
    39d8:	07e00813          	li	a6,126
    39dc:	8cdff06f          	j	32a8 <_malloc_r+0xdc>
    39e0:	3f800613          	li	a2,1016
    39e4:	07e00693          	li	a3,126
    39e8:	ccdff06f          	j	36b4 <_malloc_r+0x4e8>
    39ec:	0049a783          	lw	a5,4(s3)
    39f0:	e3dff06f          	j	382c <_malloc_r+0x660>

000039f4 <rand>:
    39f4:	ff010113          	addi	sp,sp,-16
    39f8:	00812423          	sw	s0,8(sp)
    39fc:	e541a403          	lw	s0,-428(gp) # 20000544 <_impure_ptr>
    3a00:	1fffd797          	auipc	a5,0x1fffd
    3a04:	3d878793          	addi	a5,a5,984 # 20000dd8 <__func__.0+0xb0>
    3a08:	0007a603          	lw	a2,0(a5)
    3a0c:	09842503          	lw	a0,152(s0)
    3a10:	09c42583          	lw	a1,156(s0)
    3a14:	0047a683          	lw	a3,4(a5)
    3a18:	00112623          	sw	ra,12(sp)
    3a1c:	560000ef          	jal	3f7c <__muldi3>
    3a20:	00150793          	addi	a5,a0,1
    3a24:	00a7b533          	sltu	a0,a5,a0
    3a28:	00b505b3          	add	a1,a0,a1
    3a2c:	00c12083          	lw	ra,12(sp)
    3a30:	08b42e23          	sw	a1,156(s0)
    3a34:	08f42c23          	sw	a5,152(s0)
    3a38:	00812403          	lw	s0,8(sp)
    3a3c:	00159513          	slli	a0,a1,0x1
    3a40:	00155513          	srli	a0,a0,0x1
    3a44:	01010113          	addi	sp,sp,16
    3a48:	00008067          	ret

00003a4c <_sbrk_r>:
    3a4c:	ff010113          	addi	sp,sp,-16
    3a50:	00812423          	sw	s0,8(sp)
    3a54:	00050413          	mv	s0,a0
    3a58:	00058513          	mv	a0,a1
    3a5c:	1fffe797          	auipc	a5,0x1fffe
    3a60:	7007ae23          	sw	zero,1820(a5) # 20002178 <errno>
    3a64:	00112623          	sw	ra,12(sp)
    3a68:	c7cfd0ef          	jal	ee4 <_sbrk>
    3a6c:	fff00793          	li	a5,-1
    3a70:	00f50a63          	beq	a0,a5,3a84 <_sbrk_r+0x38>
    3a74:	00c12083          	lw	ra,12(sp)
    3a78:	00812403          	lw	s0,8(sp)
    3a7c:	01010113          	addi	sp,sp,16
    3a80:	00008067          	ret
    3a84:	00912223          	sw	s1,4(sp)
    3a88:	1fffe497          	auipc	s1,0x1fffe
    3a8c:	6f048493          	addi	s1,s1,1776 # 20002178 <errno>
    3a90:	0004a783          	lw	a5,0(s1)
    3a94:	00078e63          	beqz	a5,3ab0 <_sbrk_r+0x64>
    3a98:	00c12083          	lw	ra,12(sp)
    3a9c:	00f42023          	sw	a5,0(s0)
    3aa0:	00812403          	lw	s0,8(sp)
    3aa4:	00412483          	lw	s1,4(sp)
    3aa8:	01010113          	addi	sp,sp,16
    3aac:	00008067          	ret
    3ab0:	00c12083          	lw	ra,12(sp)
    3ab4:	00812403          	lw	s0,8(sp)
    3ab8:	00412483          	lw	s1,4(sp)
    3abc:	01010113          	addi	sp,sp,16
    3ac0:	00008067          	ret

00003ac4 <setjmp>:
    3ac4:	00152023          	sw	ra,0(a0)
    3ac8:	00852223          	sw	s0,4(a0)
    3acc:	00952423          	sw	s1,8(a0)
    3ad0:	01252623          	sw	s2,12(a0)
    3ad4:	01352823          	sw	s3,16(a0)
    3ad8:	01452a23          	sw	s4,20(a0)
    3adc:	01552c23          	sw	s5,24(a0)
    3ae0:	01652e23          	sw	s6,28(a0)
    3ae4:	03752023          	sw	s7,32(a0)
    3ae8:	03852223          	sw	s8,36(a0)
    3aec:	03952423          	sw	s9,40(a0)
    3af0:	03a52623          	sw	s10,44(a0)
    3af4:	03b52823          	sw	s11,48(a0)
    3af8:	02252a23          	sw	sp,52(a0)
    3afc:	00000513          	li	a0,0
    3b00:	00008067          	ret

00003b04 <longjmp>:
    3b04:	00052083          	lw	ra,0(a0)
    3b08:	00452403          	lw	s0,4(a0)
    3b0c:	00852483          	lw	s1,8(a0)
    3b10:	00c52903          	lw	s2,12(a0)
    3b14:	01052983          	lw	s3,16(a0)
    3b18:	01452a03          	lw	s4,20(a0)
    3b1c:	01852a83          	lw	s5,24(a0)
    3b20:	01c52b03          	lw	s6,28(a0)
    3b24:	02052b83          	lw	s7,32(a0)
    3b28:	02452c03          	lw	s8,36(a0)
    3b2c:	02852c83          	lw	s9,40(a0)
    3b30:	02c52d03          	lw	s10,44(a0)
    3b34:	03052d83          	lw	s11,48(a0)
    3b38:	03452103          	lw	sp,52(a0)
    3b3c:	0015b513          	seqz	a0,a1
    3b40:	00b50533          	add	a0,a0,a1
    3b44:	00008067          	ret

00003b48 <_malloc_trim_r>:
    3b48:	fe010113          	addi	sp,sp,-32
    3b4c:	00812c23          	sw	s0,24(sp)
    3b50:	00912a23          	sw	s1,20(sp)
    3b54:	01212823          	sw	s2,16(sp)
    3b58:	01312623          	sw	s3,12(sp)
    3b5c:	01412423          	sw	s4,8(sp)
    3b60:	00058993          	mv	s3,a1
    3b64:	00112e23          	sw	ra,28(sp)
    3b68:	00050913          	mv	s2,a0
    3b6c:	1fffca17          	auipc	s4,0x1fffc
    3b70:	4a0a0a13          	addi	s4,s4,1184 # 2000000c <__malloc_av_>
    3b74:	c10fd0ef          	jal	f84 <__malloc_lock>
    3b78:	008a2783          	lw	a5,8(s4)
    3b7c:	00001437          	lui	s0,0x1
    3b80:	fef40413          	addi	s0,s0,-17 # fef <slot_set+0xb>
    3b84:	0047a483          	lw	s1,4(a5)
    3b88:	000017b7          	lui	a5,0x1
    3b8c:	ffc4f493          	andi	s1,s1,-4
    3b90:	00848433          	add	s0,s1,s0
    3b94:	41340433          	sub	s0,s0,s3
    3b98:	00c45413          	srli	s0,s0,0xc
    3b9c:	fff40413          	addi	s0,s0,-1
    3ba0:	00c41413          	slli	s0,s0,0xc
    3ba4:	00f44e63          	blt	s0,a5,3bc0 <_malloc_trim_r+0x78>
    3ba8:	00000593          	li	a1,0
    3bac:	00090513          	mv	a0,s2
    3bb0:	e9dff0ef          	jal	3a4c <_sbrk_r>
    3bb4:	008a2783          	lw	a5,8(s4)
    3bb8:	009787b3          	add	a5,a5,s1
    3bbc:	02f50863          	beq	a0,a5,3bec <_malloc_trim_r+0xa4>
    3bc0:	00090513          	mv	a0,s2
    3bc4:	bf0fd0ef          	jal	fb4 <__malloc_unlock>
    3bc8:	01c12083          	lw	ra,28(sp)
    3bcc:	01812403          	lw	s0,24(sp)
    3bd0:	01412483          	lw	s1,20(sp)
    3bd4:	01012903          	lw	s2,16(sp)
    3bd8:	00c12983          	lw	s3,12(sp)
    3bdc:	00812a03          	lw	s4,8(sp)
    3be0:	00000513          	li	a0,0
    3be4:	02010113          	addi	sp,sp,32
    3be8:	00008067          	ret
    3bec:	408005b3          	neg	a1,s0
    3bf0:	00090513          	mv	a0,s2
    3bf4:	e59ff0ef          	jal	3a4c <_sbrk_r>
    3bf8:	fff00793          	li	a5,-1
    3bfc:	04f50a63          	beq	a0,a5,3c50 <_malloc_trim_r+0x108>
    3c00:	1fffe717          	auipc	a4,0x1fffe
    3c04:	3d070713          	addi	a4,a4,976 # 20001fd0 <__malloc_current_mallinfo>
    3c08:	008a2683          	lw	a3,8(s4)
    3c0c:	00072783          	lw	a5,0(a4)
    3c10:	408484b3          	sub	s1,s1,s0
    3c14:	0014e493          	ori	s1,s1,1
    3c18:	00090513          	mv	a0,s2
    3c1c:	408787b3          	sub	a5,a5,s0
    3c20:	0096a223          	sw	s1,4(a3)
    3c24:	00f72023          	sw	a5,0(a4)
    3c28:	b8cfd0ef          	jal	fb4 <__malloc_unlock>
    3c2c:	01c12083          	lw	ra,28(sp)
    3c30:	01812403          	lw	s0,24(sp)
    3c34:	01412483          	lw	s1,20(sp)
    3c38:	01012903          	lw	s2,16(sp)
    3c3c:	00c12983          	lw	s3,12(sp)
    3c40:	00812a03          	lw	s4,8(sp)
    3c44:	00100513          	li	a0,1
    3c48:	02010113          	addi	sp,sp,32
    3c4c:	00008067          	ret
    3c50:	00000593          	li	a1,0
    3c54:	00090513          	mv	a0,s2
    3c58:	df5ff0ef          	jal	3a4c <_sbrk_r>
    3c5c:	008a2703          	lw	a4,8(s4)
    3c60:	00f00693          	li	a3,15
    3c64:	40e507b3          	sub	a5,a0,a4
    3c68:	f4f6dce3          	bge	a3,a5,3bc0 <_malloc_trim_r+0x78>
    3c6c:	e4c1a683          	lw	a3,-436(gp) # 2000053c <__malloc_sbrk_base>
    3c70:	0017e793          	ori	a5,a5,1
    3c74:	00f72223          	sw	a5,4(a4)
    3c78:	40d50533          	sub	a0,a0,a3
    3c7c:	1fffe797          	auipc	a5,0x1fffe
    3c80:	34a7aa23          	sw	a0,852(a5) # 20001fd0 <__malloc_current_mallinfo>
    3c84:	f3dff06f          	j	3bc0 <_malloc_trim_r+0x78>

00003c88 <_free_r>:
    3c88:	12058663          	beqz	a1,3db4 <_free_r+0x12c>
    3c8c:	ff010113          	addi	sp,sp,-16
    3c90:	00812423          	sw	s0,8(sp)
    3c94:	00912223          	sw	s1,4(sp)
    3c98:	00058413          	mv	s0,a1
    3c9c:	00050493          	mv	s1,a0
    3ca0:	00112623          	sw	ra,12(sp)
    3ca4:	ae0fd0ef          	jal	f84 <__malloc_lock>
    3ca8:	ffc42583          	lw	a1,-4(s0)
    3cac:	ff840713          	addi	a4,s0,-8
    3cb0:	1fffc817          	auipc	a6,0x1fffc
    3cb4:	35c80813          	addi	a6,a6,860 # 2000000c <__malloc_av_>
    3cb8:	ffe5f793          	andi	a5,a1,-2
    3cbc:	00f70633          	add	a2,a4,a5
    3cc0:	00462683          	lw	a3,4(a2)
    3cc4:	00882503          	lw	a0,8(a6)
    3cc8:	0015f893          	andi	a7,a1,1
    3ccc:	ffc6f693          	andi	a3,a3,-4
    3cd0:	18c50c63          	beq	a0,a2,3e68 <_free_r+0x1e0>
    3cd4:	00d62223          	sw	a3,4(a2)
    3cd8:	00d60533          	add	a0,a2,a3
    3cdc:	00452503          	lw	a0,4(a0)
    3ce0:	00157513          	andi	a0,a0,1
    3ce4:	08089c63          	bnez	a7,3d7c <_free_r+0xf4>
    3ce8:	ff842303          	lw	t1,-8(s0)
    3cec:	1fffc897          	auipc	a7,0x1fffc
    3cf0:	32888893          	addi	a7,a7,808 # 20000014 <__malloc_av_+0x8>
    3cf4:	40670733          	sub	a4,a4,t1
    3cf8:	00872583          	lw	a1,8(a4)
    3cfc:	006787b3          	add	a5,a5,t1
    3d00:	13158e63          	beq	a1,a7,3e3c <_free_r+0x1b4>
    3d04:	00c72303          	lw	t1,12(a4)
    3d08:	0065a623          	sw	t1,12(a1)
    3d0c:	00b32423          	sw	a1,8(t1)
    3d10:	1a050263          	beqz	a0,3eb4 <_free_r+0x22c>
    3d14:	0017e693          	ori	a3,a5,1
    3d18:	00d72223          	sw	a3,4(a4)
    3d1c:	00f62023          	sw	a5,0(a2)
    3d20:	1ff00693          	li	a3,511
    3d24:	0af6e463          	bltu	a3,a5,3dcc <_free_r+0x144>
    3d28:	ff87f693          	andi	a3,a5,-8
    3d2c:	00868693          	addi	a3,a3,8
    3d30:	00482583          	lw	a1,4(a6)
    3d34:	00d806b3          	add	a3,a6,a3
    3d38:	0006a603          	lw	a2,0(a3)
    3d3c:	0057d513          	srli	a0,a5,0x5
    3d40:	00100793          	li	a5,1
    3d44:	00a797b3          	sll	a5,a5,a0
    3d48:	00b7e7b3          	or	a5,a5,a1
    3d4c:	ff868593          	addi	a1,a3,-8
    3d50:	00c72423          	sw	a2,8(a4)
    3d54:	00b72623          	sw	a1,12(a4)
    3d58:	00f82223          	sw	a5,4(a6)
    3d5c:	00e6a023          	sw	a4,0(a3)
    3d60:	00e62623          	sw	a4,12(a2)
    3d64:	00812403          	lw	s0,8(sp)
    3d68:	00c12083          	lw	ra,12(sp)
    3d6c:	00048513          	mv	a0,s1
    3d70:	00412483          	lw	s1,4(sp)
    3d74:	01010113          	addi	sp,sp,16
    3d78:	a3cfd06f          	j	fb4 <__malloc_unlock>
    3d7c:	02051e63          	bnez	a0,3db8 <_free_r+0x130>
    3d80:	00d787b3          	add	a5,a5,a3
    3d84:	1fffc897          	auipc	a7,0x1fffc
    3d88:	29088893          	addi	a7,a7,656 # 20000014 <__malloc_av_+0x8>
    3d8c:	00862683          	lw	a3,8(a2)
    3d90:	0017e513          	ori	a0,a5,1
    3d94:	00f705b3          	add	a1,a4,a5
    3d98:	17168463          	beq	a3,a7,3f00 <_free_r+0x278>
    3d9c:	00c62603          	lw	a2,12(a2)
    3da0:	00c6a623          	sw	a2,12(a3)
    3da4:	00d62423          	sw	a3,8(a2)
    3da8:	00a72223          	sw	a0,4(a4)
    3dac:	00f5a023          	sw	a5,0(a1)
    3db0:	f71ff06f          	j	3d20 <_free_r+0x98>
    3db4:	00008067          	ret
    3db8:	0015e593          	ori	a1,a1,1
    3dbc:	feb42e23          	sw	a1,-4(s0)
    3dc0:	00f62023          	sw	a5,0(a2)
    3dc4:	1ff00693          	li	a3,511
    3dc8:	f6f6f0e3          	bgeu	a3,a5,3d28 <_free_r+0xa0>
    3dcc:	0097d693          	srli	a3,a5,0x9
    3dd0:	00400613          	li	a2,4
    3dd4:	0ed66463          	bltu	a2,a3,3ebc <_free_r+0x234>
    3dd8:	0067d693          	srli	a3,a5,0x6
    3ddc:	03968593          	addi	a1,a3,57
    3de0:	00359593          	slli	a1,a1,0x3
    3de4:	03868613          	addi	a2,a3,56
    3de8:	00b805b3          	add	a1,a6,a1
    3dec:	0005a683          	lw	a3,0(a1)
    3df0:	ff858593          	addi	a1,a1,-8
    3df4:	00d59863          	bne	a1,a3,3e04 <_free_r+0x17c>
    3df8:	1240006f          	j	3f1c <_free_r+0x294>
    3dfc:	0086a683          	lw	a3,8(a3)
    3e00:	00d58863          	beq	a1,a3,3e10 <_free_r+0x188>
    3e04:	0046a603          	lw	a2,4(a3)
    3e08:	ffc67613          	andi	a2,a2,-4
    3e0c:	fec7e8e3          	bltu	a5,a2,3dfc <_free_r+0x174>
    3e10:	00c6a583          	lw	a1,12(a3)
    3e14:	00b72623          	sw	a1,12(a4)
    3e18:	00d72423          	sw	a3,8(a4)
    3e1c:	00812403          	lw	s0,8(sp)
    3e20:	00c12083          	lw	ra,12(sp)
    3e24:	00e5a423          	sw	a4,8(a1)
    3e28:	00048513          	mv	a0,s1
    3e2c:	00412483          	lw	s1,4(sp)
    3e30:	00e6a623          	sw	a4,12(a3)
    3e34:	01010113          	addi	sp,sp,16
    3e38:	97cfd06f          	j	fb4 <__malloc_unlock>
    3e3c:	0a051263          	bnez	a0,3ee0 <_free_r+0x258>
    3e40:	00c62583          	lw	a1,12(a2)
    3e44:	00862603          	lw	a2,8(a2)
    3e48:	00f686b3          	add	a3,a3,a5
    3e4c:	0016e793          	ori	a5,a3,1
    3e50:	00b62623          	sw	a1,12(a2)
    3e54:	00c5a423          	sw	a2,8(a1)
    3e58:	00f72223          	sw	a5,4(a4)
    3e5c:	00d70733          	add	a4,a4,a3
    3e60:	00d72023          	sw	a3,0(a4)
    3e64:	f01ff06f          	j	3d64 <_free_r+0xdc>
    3e68:	00d786b3          	add	a3,a5,a3
    3e6c:	02089063          	bnez	a7,3e8c <_free_r+0x204>
    3e70:	ff842583          	lw	a1,-8(s0)
    3e74:	40b70733          	sub	a4,a4,a1
    3e78:	00c72783          	lw	a5,12(a4)
    3e7c:	00872603          	lw	a2,8(a4)
    3e80:	00b686b3          	add	a3,a3,a1
    3e84:	00f62623          	sw	a5,12(a2)
    3e88:	00c7a423          	sw	a2,8(a5)
    3e8c:	0016e613          	ori	a2,a3,1
    3e90:	e501a783          	lw	a5,-432(gp) # 20000540 <__malloc_trim_threshold>
    3e94:	00c72223          	sw	a2,4(a4)
    3e98:	00e82423          	sw	a4,8(a6)
    3e9c:	ecf6e4e3          	bltu	a3,a5,3d64 <_free_r+0xdc>
    3ea0:	1fffe597          	auipc	a1,0x1fffe
    3ea4:	2d45a583          	lw	a1,724(a1) # 20002174 <__malloc_top_pad>
    3ea8:	00048513          	mv	a0,s1
    3eac:	c9dff0ef          	jal	3b48 <_malloc_trim_r>
    3eb0:	eb5ff06f          	j	3d64 <_free_r+0xdc>
    3eb4:	00d787b3          	add	a5,a5,a3
    3eb8:	ed5ff06f          	j	3d8c <_free_r+0x104>
    3ebc:	01400613          	li	a2,20
    3ec0:	02d67863          	bgeu	a2,a3,3ef0 <_free_r+0x268>
    3ec4:	05400613          	li	a2,84
    3ec8:	06d66863          	bltu	a2,a3,3f38 <_free_r+0x2b0>
    3ecc:	00c7d693          	srli	a3,a5,0xc
    3ed0:	06f68593          	addi	a1,a3,111
    3ed4:	00359593          	slli	a1,a1,0x3
    3ed8:	06e68613          	addi	a2,a3,110
    3edc:	f0dff06f          	j	3de8 <_free_r+0x160>
    3ee0:	0017e693          	ori	a3,a5,1
    3ee4:	00d72223          	sw	a3,4(a4)
    3ee8:	00f62023          	sw	a5,0(a2)
    3eec:	e79ff06f          	j	3d64 <_free_r+0xdc>
    3ef0:	05c68593          	addi	a1,a3,92
    3ef4:	00359593          	slli	a1,a1,0x3
    3ef8:	05b68613          	addi	a2,a3,91
    3efc:	eedff06f          	j	3de8 <_free_r+0x160>
    3f00:	00e82a23          	sw	a4,20(a6)
    3f04:	00e82823          	sw	a4,16(a6)
    3f08:	01172623          	sw	a7,12(a4)
    3f0c:	01172423          	sw	a7,8(a4)
    3f10:	00a72223          	sw	a0,4(a4)
    3f14:	00f5a023          	sw	a5,0(a1)
    3f18:	e4dff06f          	j	3d64 <_free_r+0xdc>
    3f1c:	00482503          	lw	a0,4(a6)
    3f20:	40265613          	srai	a2,a2,0x2
    3f24:	00100793          	li	a5,1
    3f28:	00c797b3          	sll	a5,a5,a2
    3f2c:	00a7e7b3          	or	a5,a5,a0
    3f30:	00f82223          	sw	a5,4(a6)
    3f34:	ee1ff06f          	j	3e14 <_free_r+0x18c>
    3f38:	15400613          	li	a2,340
    3f3c:	00d66c63          	bltu	a2,a3,3f54 <_free_r+0x2cc>
    3f40:	00f7d693          	srli	a3,a5,0xf
    3f44:	07868593          	addi	a1,a3,120
    3f48:	00359593          	slli	a1,a1,0x3
    3f4c:	07768613          	addi	a2,a3,119
    3f50:	e99ff06f          	j	3de8 <_free_r+0x160>
    3f54:	55400613          	li	a2,1364
    3f58:	00d66c63          	bltu	a2,a3,3f70 <_free_r+0x2e8>
    3f5c:	0127d693          	srli	a3,a5,0x12
    3f60:	07d68593          	addi	a1,a3,125
    3f64:	00359593          	slli	a1,a1,0x3
    3f68:	07c68613          	addi	a2,a3,124
    3f6c:	e7dff06f          	j	3de8 <_free_r+0x160>
    3f70:	3f800593          	li	a1,1016
    3f74:	07e00613          	li	a2,126
    3f78:	e71ff06f          	j	3de8 <_free_r+0x160>

00003f7c <__muldi3>:
    3f7c:	ff010113          	addi	sp,sp,-16
    3f80:	00812423          	sw	s0,8(sp)
    3f84:	00050413          	mv	s0,a0
    3f88:	00112623          	sw	ra,12(sp)
    3f8c:	00060513          	mv	a0,a2
    3f90:	00068393          	mv	t2,a3
    3f94:	00040713          	mv	a4,s0
    3f98:	00060813          	mv	a6,a2
    3f9c:	00000793          	li	a5,0
    3fa0:	00000313          	li	t1,0
    3fa4:	00000f13          	li	t5,0
    3fa8:	01e708b3          	add	a7,a4,t5
    3fac:	00187e93          	andi	t4,a6,1
    3fb0:	00f30fb3          	add	t6,t1,a5
    3fb4:	01f75e13          	srli	t3,a4,0x1f
    3fb8:	00185813          	srli	a6,a6,0x1
    3fbc:	00e8b2b3          	sltu	t0,a7,a4
    3fc0:	00179793          	slli	a5,a5,0x1
    3fc4:	000e8663          	beqz	t4,3fd0 <__muldi3+0x54>
    3fc8:	00088f13          	mv	t5,a7
    3fcc:	01f28333          	add	t1,t0,t6
    3fd0:	00171713          	slli	a4,a4,0x1
    3fd4:	01c7e7b3          	or	a5,a5,t3
    3fd8:	fc0818e3          	bnez	a6,3fa8 <__muldi3+0x2c>
    3fdc:	00058663          	beqz	a1,3fe8 <__muldi3+0x6c>
    3fe0:	908ff0ef          	jal	30e8 <__mulsi3>
    3fe4:	00650333          	add	t1,a0,t1
    3fe8:	00038a63          	beqz	t2,3ffc <__muldi3+0x80>
    3fec:	00040513          	mv	a0,s0
    3ff0:	00038593          	mv	a1,t2
    3ff4:	8f4ff0ef          	jal	30e8 <__mulsi3>
    3ff8:	00650333          	add	t1,a0,t1
    3ffc:	00c12083          	lw	ra,12(sp)
    4000:	00812403          	lw	s0,8(sp)
    4004:	000f0513          	mv	a0,t5
    4008:	00030593          	mv	a1,t1
    400c:	01010113          	addi	sp,sp,16
    4010:	00008067          	ret
